trans_num,cc_num,merchant,category,amt,trans_date_trans_time,city,state,is_fraud
TXN-000001,3204000000,Merchant_travel_48,travel,130.55,2024-01-01 08:30:00,Atlanta,GA,0
TXN-000002,2049000001,Merchant_food_dining_6,food_dining,216.25,2024-01-02 08:02:00,Miami,FL,0
TXN-000003,7525000002,Merchant_shopping_pos_15,shopping_pos,258.27,2024-01-03 11:18:00,Seattle,WA,0
TXN-000004,3221000003,Merchant_misc_net_14,misc_net,135.03,2024-01-04 11:49:00,Columbus,OH,0
TXN-000005,2648000004,Merchant_gas_transport_8,gas_transport,80.26,2024-01-05 20:51:00,Philadelphia,PA,0
TXN-000006,2410000005,Merchant_entertainment_39,entertainment,79.78,2024-01-06 13:44:00,Houston,TX,0
TXN-000007,6508000006,Merchant_shopping_pos_34,shopping_pos,257.87,2024-01-07 09:15:00,Atlanta,GA,0
TXN-000008,3936000007,Merchant_kids_pets_36,kids_pets,310.45,2024-01-08 16:43:00,Charlotte,NC,0
TXN-000009,8241000008,Merchant_food_dining_15,food_dining,294.62,2024-01-09 19:45:00,Atlanta,GA,0
TXN-000010,3547000009,Merchant_kids_pets_42,kids_pets,146.59,2024-01-10 17:55:00,New York,NY,0
TXN-000011,5061000010,Merchant_personal_care_26,personal_care,43.33,2024-01-11 13:32:00,New York,NY,0
TXN-000012,9382000011,Merchant_gas_transport_8,gas_transport,6.56,2024-01-12 08:17:00,Houston,TX,0
TXN-000013,4069000012,Merchant_misc_net_10,misc_net,226.93,2024-01-13 16:54:00,New York,NY,0
TXN-000014,6870000013,Merchant_health_fitness_32,health_fitness,357.17,2024-01-14 15:50:00,Columbus,OH,0
TXN-000015,4110000014,Merchant_gas_transport_1,gas_transport,186.78,2024-01-15 15:57:00,Charlotte,NC,0
TXN-000016,4822000015,Merchant_shopping_pos_28,shopping_pos,392.49,2024-01-16 17:23:00,Seattle,WA,0
TXN-000017,4829000016,Merchant_misc_pos_12,misc_pos,174.1,2024-01-17 13:46:00,Seattle,WA,0
TXN-000018,4232000017,Merchant_food_dining_48,food_dining,284.18,2024-01-18 20:34:00,Columbus,OH,0
TXN-000019,1330000018,Merchant_shopping_net_48,shopping_net,175.16,2024-01-19 12:01:00,Chicago,IL,0
TXN-000020,6944000019,Merchant_food_dining_34,food_dining,325.5,2024-01-20 14:36:00,Chicago,IL,0
TXN-000021,7474000020,Merchant_home_7,home,292.57,2024-01-21 10:01:00,Seattle,WA,0
TXN-000022,6497000021,Merchant_kids_pets_3,kids_pets,251.04,2024-01-22 11:46:00,Miami,FL,0
TXN-000023,2753000022,Merchant_health_fitness_27,health_fitness,58.75,2024-01-23 18:51:00,Los Angeles,CA,0
TXN-000024,4739000023,Merchant_misc_net_24,misc_net,22.44,2024-01-24 14:06:00,Seattle,WA,0
TXN-000025,9906000024,Merchant_grocery_pos_3,grocery_pos,394.96,2024-01-25 04:56:00,Philadelphia,PA,1
TXN-000026,6028000025,Merchant_entertainment_25,entertainment,201.84,2024-01-26 14:18:00,Los Angeles,CA,0
TXN-000027,7095000026,Merchant_shopping_net_19,shopping_net,63.13,2024-01-27 10:49:00,Houston,TX,0
TXN-000028,1282000027,Merchant_gas_transport_8,gas_transport,119.51,2024-01-28 13:54:00,Houston,TX,0
TXN-000029,7749000028,Merchant_grocery_pos_17,grocery_pos,17.77,2024-01-29 18:28:00,Philadelphia,PA,0
TXN-000030,3228000029,Merchant_shopping_net_14,shopping_net,241.48,2024-01-30 12:53:00,Seattle,WA,0
TXN-000031,2759000030,Merchant_shopping_net_27,shopping_net,10586.46,2024-01-31 01:22:00,Seattle,WA,1
TXN-000032,2943000031,Merchant_grocery_pos_14,grocery_pos,180.64,2024-02-01 13:53:00,Atlanta,GA,0
TXN-000033,2020000032,Merchant_shopping_pos_42,shopping_pos,432.31,2024-02-02 22:38:00,Houston,TX,1
TXN-000034,5069000033,Merchant_misc_pos_23,misc_pos,128.08,2024-02-03 14:13:00,Columbus,OH,0
TXN-000035,8365000034,Merchant_misc_net_41,misc_net,7604.07,2024-02-04 03:56:00,Los Angeles,CA,1
TXN-000036,1675000035,Merchant_travel_31,travel,144.07,2024-02-05 10:05:00,New York,NY,0
TXN-000037,8542000036,Merchant_shopping_net_25,shopping_net,269.14,2024-02-06 13:05:00,Philadelphia,PA,0
TXN-000038,2595000037,Merchant_grocery_pos_21,grocery_pos,257.83,2024-02-07 15:01:00,Atlanta,GA,0
TXN-000039,1820000038,Merchant_misc_net_13,misc_net,2922.05,2024-02-08 00:29:00,New York,NY,1
TXN-000040,6545000039,Merchant_health_fitness_12,health_fitness,385.59,2024-02-09 20:20:00,Chicago,IL,0
TXN-000041,2842000040,Merchant_personal_care_23,personal_care,334.13,2024-02-10 12:10:00,Los Angeles,CA,0
TXN-000042,9213000041,Merchant_food_dining_29,food_dining,146.02,2024-02-11 13:17:00,Atlanta,GA,0
TXN-000043,1996000042,Merchant_shopping_pos_47,shopping_pos,262.1,2024-02-12 19:48:00,Columbus,OH,0
TXN-000044,8963000043,Merchant_grocery_pos_23,grocery_pos,101.9,2024-02-13 14:05:00,Houston,TX,0
TXN-000045,7339000044,Merchant_entertainment_36,entertainment,26.45,2024-02-14 09:26:00,Miami,FL,0
TXN-000046,8208000045,Merchant_grocery_pos_24,grocery_pos,1582.13,2024-02-15 03:09:00,Houston,TX,1
TXN-000047,5151000046,Merchant_entertainment_4,entertainment,16.09,2024-02-16 08:48:00,Miami,FL,0
TXN-000048,1232000047,Merchant_personal_care_4,personal_care,239.52,2024-02-17 10:48:00,Houston,TX,0
TXN-000049,2891000048,Merchant_kids_pets_33,kids_pets,292.22,2024-02-18 08:39:00,Houston,TX,0
TXN-000050,1533000049,Merchant_food_dining_20,food_dining,301.22,2024-02-19 16:24:00,Chicago,IL,0
TXN-000051,4505000050,Merchant_shopping_net_23,shopping_net,111.03,2024-02-20 18:44:00,Philadelphia,PA,0
TXN-000052,6045000051,Merchant_shopping_pos_39,shopping_pos,336.26,2024-02-21 09:11:00,Columbus,OH,0
TXN-000053,4010000052,Merchant_kids_pets_19,kids_pets,387.58,2024-02-22 14:15:00,Houston,TX,0
TXN-000054,9355000053,Merchant_food_dining_42,food_dining,289.28,2024-02-23 19:53:00,Charlotte,NC,0
TXN-000055,2184000054,Merchant_personal_care_6,personal_care,396.46,2024-02-24 19:37:00,Houston,TX,0
TXN-000056,6798000055,Merchant_home_38,home,322.78,2024-02-25 18:55:00,Charlotte,NC,0
TXN-000057,2839000056,Merchant_misc_net_46,misc_net,386.23,2024-02-26 11:48:00,Miami,FL,0
TXN-000058,2456000057,Merchant_kids_pets_17,kids_pets,210.99,2024-02-27 14:35:00,Seattle,WA,0
TXN-000059,7237000058,Merchant_travel_22,travel,40.1,2024-02-28 17:04:00,Houston,TX,0
TXN-000060,7384000059,Merchant_misc_pos_43,misc_pos,143.01,2024-02-29 19:02:00,Columbus,OH,0
TXN-000061,9567000060,Merchant_kids_pets_44,kids_pets,339.15,2024-03-01 10:02:00,Miami,FL,0
TXN-000062,5551000061,Merchant_shopping_pos_4,shopping_pos,278.28,2024-03-02 09:00:00,Philadelphia,PA,0
TXN-000063,5398000062,Merchant_shopping_pos_32,shopping_pos,284.06,2024-03-03 14:51:00,Los Angeles,CA,0
TXN-000064,4406000063,Merchant_shopping_pos_37,shopping_pos,96.21,2024-03-04 15:14:00,Seattle,WA,0
TXN-000065,2658000064,Merchant_grocery_pos_42,grocery_pos,498.18,2024-03-05 04:22:00,New York,NY,1
TXN-000066,4627000065,Merchant_entertainment_4,entertainment,233.72,2024-03-06 19:15:00,Philadelphia,PA,0
TXN-000067,9617000066,Merchant_home_14,home,177.55,2024-03-07 11:04:00,Chicago,IL,0
TXN-000068,7715000067,Merchant_misc_pos_43,misc_pos,190.45,2024-03-08 14:49:00,Atlanta,GA,0
TXN-000069,4032000068,Merchant_entertainment_23,entertainment,173.83,2024-03-09 12:33:00,Philadelphia,PA,0
TXN-000070,8856000069,Merchant_kids_pets_49,kids_pets,286.95,2024-03-10 09:31:00,Seattle,WA,0
TXN-000071,5065000070,Merchant_misc_pos_21,misc_pos,352.92,2024-03-11 19:19:00,Los Angeles,CA,0
TXN-000072,9591000071,Merchant_grocery_pos_21,grocery_pos,256.98,2024-03-12 11:57:00,Houston,TX,0
TXN-000073,7198000072,Merchant_gas_transport_45,gas_transport,200.47,2024-03-13 17:43:00,Houston,TX,0
TXN-000074,7868000073,Merchant_health_fitness_20,health_fitness,368.11,2024-03-14 18:06:00,Charlotte,NC,0
TXN-000075,5498000074,Merchant_travel_18,travel,113.07,2024-03-15 13:52:00,Charlotte,NC,0
TXN-000076,5571000075,Merchant_grocery_pos_41,grocery_pos,377.39,2024-03-16 12:06:00,Chicago,IL,0
TXN-000077,6754000076,Merchant_gas_transport_46,gas_transport,142.54,2024-03-17 14:08:00,Philadelphia,PA,0
TXN-000078,8822000077,Merchant_entertainment_45,entertainment,55.97,2024-03-18 14:55:00,Houston,TX,0
TXN-000079,2850000078,Merchant_travel_19,travel,175.87,2024-03-19 12:13:00,Atlanta,GA,0
TXN-000080,8929000079,Merchant_grocery_pos_14,grocery_pos,282.31,2024-03-20 15:27:00,Miami,FL,0
TXN-000081,7333000080,Merchant_entertainment_42,entertainment,389.47,2024-03-21 08:18:00,Houston,TX,0
TXN-000082,3664000081,Merchant_shopping_pos_33,shopping_pos,85.77,2024-03-22 11:21:00,Houston,TX,0
TXN-000083,5164000082,Merchant_misc_net_26,misc_net,120.1,2024-03-23 19:48:00,Chicago,IL,0
TXN-000084,7777000083,Merchant_shopping_pos_30,shopping_pos,10049.28,2024-03-24 23:25:00,Miami,FL,1
TXN-000085,2155000084,Merchant_grocery_pos_46,grocery_pos,4497.93,2024-03-25 01:08:00,Houston,TX,1
TXN-000086,2229000085,Merchant_personal_care_27,personal_care,84.65,2024-03-26 20:24:00,Miami,FL,0
TXN-000087,2200000086,Merchant_gas_transport_19,gas_transport,130.95,2024-03-27 16:11:00,New York,NY,0
TXN-000088,2399000087,Merchant_misc_net_2,misc_net,12001.38,2024-03-28 22:27:00,Charlotte,NC,1
TXN-000089,2449000088,Merchant_grocery_pos_16,grocery_pos,326.4,2024-03-29 15:51:00,Miami,FL,0
TXN-000090,5721000089,Merchant_kids_pets_8,kids_pets,5.95,2024-03-30 10:04:00,New York,NY,0
TXN-000091,9658000090,Merchant_shopping_net_6,shopping_net,291.08,2024-03-31 10:37:00,Seattle,WA,0
TXN-000092,2906000091,Merchant_health_fitness_21,health_fitness,261.39,2024-04-01 10:07:00,Philadelphia,PA,0
TXN-000093,4905000092,Merchant_gas_transport_24,gas_transport,304.63,2024-04-02 08:31:00,Miami,FL,0
TXN-000094,2417000093,Merchant_gas_transport_5,gas_transport,216.04,2024-04-03 20:54:00,Philadelphia,PA,0
TXN-000095,8901000094,Merchant_shopping_net_31,shopping_net,85.14,2024-04-04 13:07:00,Atlanta,GA,0
TXN-000096,5749000095,Merchant_health_fitness_35,health_fitness,139.79,2024-04-05 16:36:00,Columbus,OH,0
TXN-000097,1721000096,Merchant_misc_net_45,misc_net,314.23,2024-04-06 16:15:00,Houston,TX,0
TXN-000098,4554000097,Merchant_personal_care_7,personal_care,50.21,2024-04-07 08:13:00,Los Angeles,CA,0
TXN-000099,4974000098,Merchant_shopping_net_16,shopping_net,358.36,2024-04-08 03:34:00,Miami,FL,1
TXN-000100,6391000099,Merchant_travel_32,travel,367.08,2024-04-09 09:30:00,Charlotte,NC,0
TXN-000101,8688000100,Merchant_grocery_pos_12,grocery_pos,5055.86,2024-04-10 03:51:00,Columbus,OH,1
TXN-000102,8540000101,Merchant_shopping_pos_40,shopping_pos,13707.84,2024-04-11 22:37:00,Columbus,OH,1
TXN-000103,7210000102,Merchant_shopping_net_25,shopping_net,164.84,2024-04-12 04:14:00,Philadelphia,PA,1
TXN-000104,3657000103,Merchant_shopping_net_3,shopping_net,11529.09,2024-04-13 03:06:00,Miami,FL,1
TXN-000105,3461000104,Merchant_gas_transport_13,gas_transport,198.88,2024-04-14 11:25:00,Miami,FL,0
TXN-000106,5247000105,Merchant_grocery_pos_5,grocery_pos,299.96,2024-04-15 16:43:00,Charlotte,NC,0
TXN-000107,7415000106,Merchant_kids_pets_46,kids_pets,206.62,2024-04-16 17:05:00,Seattle,WA,0
TXN-000108,7435000107,Merchant_grocery_pos_35,grocery_pos,296.84,2024-04-17 10:19:00,Houston,TX,0
TXN-000109,8696000108,Merchant_entertainment_18,entertainment,224.61,2024-04-18 11:24:00,Houston,TX,0
TXN-000110,9584000109,Merchant_shopping_pos_39,shopping_pos,295.71,2024-04-19 11:36:00,Philadelphia,PA,0
TXN-000111,6464000110,Merchant_grocery_pos_38,grocery_pos,163.6,2024-04-20 19:03:00,Los Angeles,CA,0
TXN-000112,2035000111,Merchant_travel_1,travel,229.53,2024-04-21 20:33:00,Los Angeles,CA,0
TXN-000113,4812000112,Merchant_grocery_pos_24,grocery_pos,317.17,2024-04-22 08:15:00,Columbus,OH,0
TXN-000114,7815000113,Merchant_personal_care_5,personal_care,142.33,2024-04-23 11:40:00,Los Angeles,CA,0
TXN-000115,7613000114,Merchant_health_fitness_1,health_fitness,348.06,2024-04-24 14:46:00,New York,NY,0
TXN-000116,3290000115,Merchant_shopping_net_1,shopping_net,355.96,2024-04-25 20:53:00,Charlotte,NC,0
TXN-000117,3348000116,Merchant_shopping_pos_33,shopping_pos,793.33,2024-04-26 23:21:00,Chicago,IL,1
TXN-000118,8630000117,Merchant_grocery_pos_5,grocery_pos,2826.74,2024-04-27 23:19:00,Columbus,OH,1
TXN-000119,5247000118,Merchant_food_dining_9,food_dining,179.58,2024-04-28 08:14:00,Chicago,IL,0
TXN-000120,9232000119,Merchant_grocery_pos_4,grocery_pos,236.62,2024-04-29 12:39:00,Los Angeles,CA,0
TXN-000121,8896000120,Merchant_misc_pos_46,misc_pos,233.81,2024-04-30 12:31:00,New York,NY,0
TXN-000122,9484000121,Merchant_shopping_pos_13,shopping_pos,21.09,2024-05-01 18:53:00,Columbus,OH,0
TXN-000123,6177000122,Merchant_shopping_net_38,shopping_net,237.56,2024-05-02 08:52:00,Los Angeles,CA,0
TXN-000124,2614000123,Merchant_misc_pos_11,misc_pos,63.64,2024-05-03 18:46:00,Seattle,WA,0
TXN-000125,5224000124,Merchant_shopping_net_32,shopping_net,64.05,2024-05-04 17:00:00,Miami,FL,0
TXN-000126,2895000125,Merchant_entertainment_17,entertainment,262.24,2024-05-05 17:44:00,Miami,FL,0
TXN-000127,5037000126,Merchant_misc_pos_18,misc_pos,387.75,2024-05-06 11:14:00,Charlotte,NC,0
TXN-000128,4081000127,Merchant_entertainment_8,entertainment,91.74,2024-05-07 08:05:00,Atlanta,GA,0
TXN-000129,1237000128,Merchant_entertainment_1,entertainment,124.56,2024-05-08 20:16:00,Atlanta,GA,0
TXN-000130,3466000129,Merchant_home_21,home,38.02,2024-05-09 14:17:00,Miami,FL,0
TXN-000131,1455000130,Merchant_grocery_pos_25,grocery_pos,283.33,2024-05-10 20:45:00,Miami,FL,0
TXN-000132,2106000131,Merchant_entertainment_47,entertainment,72.8,2024-05-11 13:27:00,Atlanta,GA,0
TXN-000133,7685000132,Merchant_kids_pets_14,kids_pets,204.73,2024-05-12 15:54:00,Los Angeles,CA,0
TXN-000134,9306000133,Merchant_grocery_pos_36,grocery_pos,102.44,2024-05-13 19:09:00,Houston,TX,0
TXN-000135,8611000134,Merchant_kids_pets_48,kids_pets,107.24,2024-05-14 14:04:00,Atlanta,GA,0
TXN-000136,3519000135,Merchant_grocery_pos_15,grocery_pos,10963.51,2024-05-15 00:55:00,Atlanta,GA,1
TXN-000137,8558000136,Merchant_food_dining_46,food_dining,99.91,2024-05-16 19:04:00,Los Angeles,CA,0
TXN-000138,4428000137,Merchant_misc_net_22,misc_net,68.17,2024-05-17 09:08:00,Columbus,OH,0
TXN-000139,8878000138,Merchant_personal_care_33,personal_care,62.11,2024-05-18 19:34:00,Seattle,WA,0
TXN-000140,4174000139,Merchant_misc_net_6,misc_net,183.74,2024-05-19 10:27:00,Houston,TX,0
TXN-000141,4943000140,Merchant_shopping_pos_46,shopping_pos,378.0,2024-05-20 09:35:00,Columbus,OH,0
TXN-000142,5514000141,Merchant_health_fitness_31,health_fitness,232.23,2024-05-21 16:45:00,Charlotte,NC,0
TXN-000143,7293000142,Merchant_shopping_net_2,shopping_net,359.85,2024-05-22 16:17:00,Chicago,IL,0
TXN-000144,6456000143,Merchant_home_18,home,259.85,2024-05-23 14:15:00,Houston,TX,0
TXN-000145,4991000144,Merchant_entertainment_47,entertainment,251.78,2024-05-24 13:11:00,Houston,TX,0
TXN-000146,9637000145,Merchant_grocery_pos_18,grocery_pos,387.72,2024-05-25 17:00:00,Seattle,WA,0
TXN-000147,7743000146,Merchant_shopping_pos_12,shopping_pos,242.69,2024-05-26 18:36:00,Los Angeles,CA,0
TXN-000148,1031000147,Merchant_misc_net_2,misc_net,4230.92,2024-05-27 01:33:00,Chicago,IL,1
TXN-000149,5622000148,Merchant_personal_care_34,personal_care,346.22,2024-05-28 20:19:00,Los Angeles,CA,0
TXN-000150,4912000149,Merchant_misc_pos_16,misc_pos,278.73,2024-05-29 11:24:00,Los Angeles,CA,0
TXN-000151,4141000150,Merchant_travel_39,travel,399.81,2024-05-30 18:45:00,Chicago,IL,0
TXN-000152,1840000151,Merchant_misc_net_4,misc_net,110.62,2024-05-31 11:23:00,Columbus,OH,0
TXN-000153,3444000152,Merchant_shopping_net_19,shopping_net,135.8,2024-06-01 03:58:00,Philadelphia,PA,1
TXN-000154,1950000153,Merchant_shopping_net_30,shopping_net,294.2,2024-06-02 10:04:00,Los Angeles,CA,0
TXN-000155,1977000154,Merchant_entertainment_15,entertainment,92.34,2024-06-03 19:32:00,Houston,TX,0
TXN-000156,3309000155,Merchant_misc_net_21,misc_net,287.51,2024-06-04 08:24:00,Chicago,IL,0
TXN-000157,9866000156,Merchant_shopping_pos_36,shopping_pos,49.09,2024-06-05 14:10:00,Seattle,WA,0
TXN-000158,8663000157,Merchant_kids_pets_47,kids_pets,167.71,2024-06-06 09:10:00,Charlotte,NC,0
TXN-000159,8275000158,Merchant_kids_pets_17,kids_pets,110.45,2024-06-07 11:34:00,Atlanta,GA,0
TXN-000160,4850000159,Merchant_travel_31,travel,6.13,2024-06-08 11:00:00,Seattle,WA,0
TXN-000161,6775000160,Merchant_shopping_pos_26,shopping_pos,364.37,2024-06-09 08:58:00,Los Angeles,CA,0
TXN-000162,7298000161,Merchant_personal_care_33,personal_care,84.63,2024-06-10 15:22:00,Los Angeles,CA,0
TXN-000163,6214000162,Merchant_shopping_net_11,shopping_net,710.63,2024-06-11 23:38:00,New York,NY,1
TXN-000164,2098000163,Merchant_misc_net_46,misc_net,108.85,2024-06-12 18:28:00,Atlanta,GA,0
TXN-000165,4473000164,Merchant_entertainment_32,entertainment,318.58,2024-06-13 17:03:00,Miami,FL,0
TXN-000166,2854000165,Merchant_food_dining_37,food_dining,328.21,2024-06-14 08:35:00,Houston,TX,0
TXN-000167,1899000166,Merchant_home_1,home,253.15,2024-06-15 12:05:00,Atlanta,GA,0
TXN-000168,9248000167,Merchant_health_fitness_9,health_fitness,15.15,2024-06-16 08:55:00,Philadelphia,PA,0
TXN-000169,9902000168,Merchant_personal_care_31,personal_care,265.96,2024-06-17 12:34:00,Chicago,IL,0
TXN-000170,5687000169,Merchant_food_dining_45,food_dining,212.41,2024-06-18 16:17:00,Philadelphia,PA,0
TXN-000171,9628000170,Merchant_health_fitness_27,health_fitness,241.91,2024-06-19 12:46:00,Columbus,OH,0
TXN-000172,8950000171,Merchant_shopping_net_17,shopping_net,5320.45,2024-06-20 04:42:00,Columbus,OH,1
TXN-000173,7439000172,Merchant_shopping_net_39,shopping_net,4198.61,2024-06-21 01:42:00,Philadelphia,PA,1
TXN-000174,2730000173,Merchant_shopping_pos_44,shopping_pos,193.41,2024-06-22 18:04:00,New York,NY,0
TXN-000175,3885000174,Merchant_health_fitness_32,health_fitness,150.17,2024-06-23 18:14:00,Columbus,OH,0
TXN-000176,7146000175,Merchant_health_fitness_3,health_fitness,176.86,2024-06-24 14:37:00,Charlotte,NC,0
TXN-000177,9024000176,Merchant_misc_pos_32,misc_pos,177.1,2024-06-25 09:58:00,Charlotte,NC,0
TXN-000178,6944000177,Merchant_grocery_pos_7,grocery_pos,185.65,2024-06-26 08:34:00,Seattle,WA,0
TXN-000179,8419000178,Merchant_home_27,home,239.55,2024-06-27 19:02:00,Columbus,OH,0
TXN-000180,9478000179,Merchant_misc_pos_40,misc_pos,144.36,2024-06-28 10:01:00,Philadelphia,PA,0
TXN-000181,5278000180,Merchant_food_dining_29,food_dining,225.39,2024-06-29 19:27:00,Philadelphia,PA,0
TXN-000182,9030000181,Merchant_misc_pos_44,misc_pos,28.22,2024-06-30 13:11:00,Philadelphia,PA,0
TXN-000183,3514000182,Merchant_shopping_net_36,shopping_net,185.22,2024-07-01 18:01:00,Philadelphia,PA,0
TXN-000184,7495000183,Merchant_shopping_net_29,shopping_net,53.65,2024-07-02 12:29:00,Miami,FL,0
TXN-000185,6606000184,Merchant_travel_24,travel,97.47,2024-07-03 15:17:00,Columbus,OH,0
TXN-000186,5125000185,Merchant_gas_transport_44,gas_transport,53.35,2024-07-04 20:20:00,Chicago,IL,0
TXN-000187,5783000186,Merchant_food_dining_29,food_dining,70.88,2024-07-05 14:25:00,Philadelphia,PA,0
TXN-000188,8706000187,Merchant_shopping_net_44,shopping_net,166.04,2024-07-06 22:36:00,Philadelphia,PA,1
TXN-000189,8551000188,Merchant_misc_net_31,misc_net,9588.21,2024-07-07 02:22:00,Charlotte,NC,1
TXN-000190,6626000189,Merchant_misc_pos_18,misc_pos,337.03,2024-07-08 17:30:00,Seattle,WA,0
TXN-000191,4410000190,Merchant_grocery_pos_20,grocery_pos,160.46,2024-07-09 13:01:00,Chicago,IL,0
TXN-000192,4815000191,Merchant_travel_2,travel,56.08,2024-07-10 13:19:00,New York,NY,0
TXN-000193,3475000192,Merchant_kids_pets_8,kids_pets,18.66,2024-07-11 13:14:00,Atlanta,GA,0
TXN-000194,8254000193,Merchant_personal_care_27,personal_care,233.29,2024-07-12 17:39:00,Seattle,WA,0
TXN-000195,8163000194,Merchant_home_23,home,342.36,2024-07-13 15:12:00,Seattle,WA,0
TXN-000196,1132000195,Merchant_misc_net_45,misc_net,390.92,2024-07-14 09:08:00,Atlanta,GA,0
TXN-000197,3986000196,Merchant_personal_care_15,personal_care,318.04,2024-07-15 15:23:00,Philadelphia,PA,0
TXN-000198,1545000197,Merchant_food_dining_38,food_dining,148.04,2024-07-16 15:17:00,New York,NY,0
TXN-000199,1885000198,Merchant_grocery_pos_18,grocery_pos,42.47,2024-07-17 08:21:00,Chicago,IL,0
TXN-000200,5098000199,Merchant_gas_transport_6,gas_transport,212.72,2024-07-18 15:45:00,Columbus,OH,0
TXN-000201,3438000200,Merchant_misc_pos_2,misc_pos,11.65,2024-07-19 16:25:00,Philadelphia,PA,0
TXN-000202,4944000201,Merchant_shopping_pos_42,shopping_pos,364.44,2024-07-20 18:28:00,Columbus,OH,0
TXN-000203,8965000202,Merchant_misc_net_14,misc_net,320.5,2024-07-21 09:17:00,Columbus,OH,0
TXN-000204,1395000203,Merchant_personal_care_14,personal_care,101.13,2024-07-22 13:57:00,Philadelphia,PA,0
TXN-000205,7100000204,Merchant_misc_net_33,misc_net,364.4,2024-07-23 15:56:00,Charlotte,NC,0
TXN-000206,8487000205,Merchant_kids_pets_18,kids_pets,258.94,2024-07-24 12:01:00,Atlanta,GA,0
TXN-000207,4136000206,Merchant_grocery_pos_5,grocery_pos,6182.69,2024-07-25 03:02:00,Houston,TX,1
TXN-000208,9793000207,Merchant_misc_pos_3,misc_pos,188.55,2024-07-26 15:53:00,Seattle,WA,0
TXN-000209,5930000208,Merchant_shopping_net_10,shopping_net,6226.54,2024-07-27 22:03:00,Columbus,OH,1
TXN-000210,4456000209,Merchant_shopping_net_29,shopping_net,6019.61,2024-07-28 02:04:00,New York,NY,1
TXN-000211,6897000210,Merchant_misc_net_5,misc_net,29.03,2024-07-29 16:34:00,Columbus,OH,0
TXN-000212,7472000211,Merchant_gas_transport_35,gas_transport,183.95,2024-07-30 14:37:00,Seattle,WA,0
TXN-000213,4372000212,Merchant_food_dining_39,food_dining,339.27,2024-07-31 17:20:00,Charlotte,NC,0
TXN-000214,6235000213,Merchant_kids_pets_8,kids_pets,287.17,2024-08-01 12:39:00,Houston,TX,0
TXN-000215,7953000214,Merchant_health_fitness_48,health_fitness,224.43,2024-08-02 16:29:00,Charlotte,NC,0
TXN-000216,2422000215,Merchant_personal_care_24,personal_care,224.51,2024-08-03 10:56:00,Chicago,IL,0
TXN-000217,5437000216,Merchant_kids_pets_42,kids_pets,267.28,2024-08-04 13:17:00,Seattle,WA,0
TXN-000218,7954000217,Merchant_personal_care_38,personal_care,354.56,2024-08-05 12:16:00,Atlanta,GA,0
TXN-000219,4818000218,Merchant_gas_transport_42,gas_transport,380.27,2024-08-06 14:40:00,Seattle,WA,0
TXN-000220,3571000219,Merchant_home_4,home,71.33,2024-08-07 18:37:00,Charlotte,NC,0
TXN-000221,5515000220,Merchant_food_dining_20,food_dining,46.8,2024-08-08 12:42:00,New York,NY,0
TXN-000222,2710000221,Merchant_grocery_pos_7,grocery_pos,255.5,2024-08-09 10:34:00,Columbus,OH,0
TXN-000223,6923000222,Merchant_health_fitness_49,health_fitness,387.79,2024-08-10 09:21:00,Charlotte,NC,0
TXN-000224,1300000223,Merchant_personal_care_38,personal_care,198.51,2024-08-11 20:27:00,Houston,TX,0
TXN-000225,1134000224,Merchant_health_fitness_32,health_fitness,225.54,2024-08-12 15:43:00,Houston,TX,0
TXN-000226,7701000225,Merchant_food_dining_37,food_dining,249.89,2024-08-13 19:05:00,Chicago,IL,0
TXN-000227,3316000226,Merchant_travel_39,travel,249.27,2024-08-14 14:07:00,Columbus,OH,0
TXN-000228,2460000227,Merchant_misc_pos_13,misc_pos,163.28,2024-08-15 20:54:00,Charlotte,NC,0
TXN-000229,9849000228,Merchant_entertainment_44,entertainment,256.29,2024-08-16 08:20:00,Columbus,OH,0
TXN-000230,9914000229,Merchant_home_5,home,282.33,2024-08-17 19:30:00,Columbus,OH,0
TXN-000231,6410000230,Merchant_grocery_pos_39,grocery_pos,139.0,2024-08-18 17:15:00,Chicago,IL,0
TXN-000232,4757000231,Merchant_travel_29,travel,92.56,2024-08-19 09:04:00,Atlanta,GA,0
TXN-000233,9959000232,Merchant_kids_pets_41,kids_pets,381.63,2024-08-20 10:20:00,Houston,TX,0
TXN-000234,4669000233,Merchant_health_fitness_17,health_fitness,285.15,2024-08-21 12:27:00,Chicago,IL,0
TXN-000235,3100000234,Merchant_kids_pets_9,kids_pets,138.09,2024-08-22 09:46:00,New York,NY,0
TXN-000236,2010000235,Merchant_kids_pets_17,kids_pets,89.93,2024-08-23 12:13:00,Los Angeles,CA,0
TXN-000237,1766000236,Merchant_travel_5,travel,362.77,2024-08-24 10:21:00,Philadelphia,PA,0
TXN-000238,5657000237,Merchant_grocery_pos_35,grocery_pos,5640.43,2024-08-25 02:16:00,Philadelphia,PA,1
TXN-000239,6070000238,Merchant_grocery_pos_26,grocery_pos,261.19,2024-08-26 08:39:00,Seattle,WA,0
TXN-000240,4940000239,Merchant_shopping_net_7,shopping_net,229.07,2024-08-27 16:18:00,Los Angeles,CA,0
TXN-000241,5500000240,Merchant_misc_net_47,misc_net,94.44,2024-08-28 12:24:00,Los Angeles,CA,0
TXN-000242,7100000241,Merchant_home_48,home,134.66,2024-08-29 08:42:00,New York,NY,0
TXN-000243,6868000242,Merchant_health_fitness_24,health_fitness,29.84,2024-08-30 09:51:00,Columbus,OH,0
TXN-000244,9434000243,Merchant_home_36,home,321.72,2024-08-31 13:42:00,Houston,TX,0
TXN-000245,3378000244,Merchant_shopping_net_39,shopping_net,173.11,2024-09-01 20:41:00,Houston,TX,0
TXN-000246,6600000245,Merchant_misc_net_24,misc_net,253.14,2024-09-02 15:16:00,Philadelphia,PA,0
TXN-000247,2889000246,Merchant_misc_pos_11,misc_pos,30.18,2024-09-03 12:44:00,Philadelphia,PA,0
TXN-000248,9335000247,Merchant_misc_pos_29,misc_pos,53.94,2024-09-04 10:49:00,Columbus,OH,0
TXN-000249,4240000248,Merchant_shopping_pos_39,shopping_pos,14238.37,2024-09-05 00:24:00,Miami,FL,1
TXN-000250,3854000249,Merchant_travel_4,travel,279.83,2024-09-06 14:49:00,Seattle,WA,0
TXN-000251,7707000250,Merchant_health_fitness_41,health_fitness,327.76,2024-09-07 14:15:00,Houston,TX,0
TXN-000252,7723000251,Merchant_grocery_pos_12,grocery_pos,5869.75,2024-09-08 04:25:00,Philadelphia,PA,1
TXN-000253,7658000252,Merchant_kids_pets_4,kids_pets,268.31,2024-09-09 15:24:00,Los Angeles,CA,0
TXN-000254,4143000253,Merchant_personal_care_3,personal_care,354.87,2024-09-10 17:54:00,Columbus,OH,0
TXN-000255,6350000254,Merchant_home_30,home,115.71,2024-09-11 16:41:00,Seattle,WA,0
TXN-000256,4780000255,Merchant_personal_care_23,personal_care,317.45,2024-09-12 17:34:00,Columbus,OH,0
TXN-000257,3344000256,Merchant_shopping_net_26,shopping_net,2951.03,2024-09-13 22:20:00,Chicago,IL,1
TXN-000258,9771000257,Merchant_gas_transport_35,gas_transport,127.04,2024-09-14 19:02:00,New York,NY,0
TXN-000259,6164000258,Merchant_entertainment_14,entertainment,290.61,2024-09-15 11:56:00,Columbus,OH,0
TXN-000260,7360000259,Merchant_entertainment_1,entertainment,259.36,2024-09-16 17:02:00,Atlanta,GA,0
TXN-000261,1610000260,Merchant_entertainment_43,entertainment,227.57,2024-09-17 19:38:00,Chicago,IL,0
TXN-000262,5446000261,Merchant_home_25,home,284.75,2024-09-18 11:55:00,Miami,FL,0
TXN-000263,4443000262,Merchant_home_38,home,240.65,2024-09-19 15:56:00,Miami,FL,0
TXN-000264,7427000263,Merchant_shopping_net_48,shopping_net,290.8,2024-09-20 18:54:00,Chicago,IL,0
TXN-000265,6357000264,Merchant_entertainment_35,entertainment,356.69,2024-09-21 17:58:00,Houston,TX,0
TXN-000266,7451000265,Merchant_shopping_net_2,shopping_net,523.97,2024-09-22 05:25:00,Houston,TX,1
TXN-000267,5949000266,Merchant_misc_pos_7,misc_pos,118.84,2024-09-23 14:57:00,Houston,TX,0
TXN-000268,4210000267,Merchant_food_dining_17,food_dining,364.1,2024-09-24 12:17:00,Los Angeles,CA,0
TXN-000269,4563000268,Merchant_food_dining_33,food_dining,232.67,2024-09-25 10:25:00,Charlotte,NC,0
TXN-000270,5840000269,Merchant_shopping_net_42,shopping_net,228.11,2024-09-26 09:13:00,Houston,TX,0
TXN-000271,6105000270,Merchant_misc_net_37,misc_net,241.07,2024-09-27 10:47:00,New York,NY,0
TXN-000272,3238000271,Merchant_gas_transport_42,gas_transport,147.82,2024-09-28 18:41:00,New York,NY,0
TXN-000273,1244000272,Merchant_gas_transport_35,gas_transport,226.68,2024-09-29 20:48:00,Charlotte,NC,0
TXN-000274,7345000273,Merchant_grocery_pos_31,grocery_pos,639.53,2024-09-30 04:00:00,Chicago,IL,1
TXN-000275,3469000274,Merchant_home_19,home,386.4,2024-10-01 20:33:00,Miami,FL,0
TXN-000276,6662000275,Merchant_health_fitness_10,health_fitness,130.16,2024-10-02 17:58:00,Chicago,IL,0
TXN-000277,1046000276,Merchant_grocery_pos_28,grocery_pos,26.54,2024-10-03 15:04:00,Los Angeles,CA,0
TXN-000278,3318000277,Merchant_gas_transport_38,gas_transport,55.54,2024-10-04 08:04:00,Miami,FL,0
TXN-000279,8171000278,Merchant_misc_net_8,misc_net,209.86,2024-10-05 19:45:00,Houston,TX,0
TXN-000280,4522000279,Merchant_gas_transport_44,gas_transport,295.3,2024-10-06 18:31:00,Philadelphia,PA,0
TXN-000281,7687000280,Merchant_personal_care_5,personal_care,298.11,2024-10-07 19:23:00,Los Angeles,CA,0
TXN-000282,5756000281,Merchant_shopping_net_1,shopping_net,241.47,2024-10-08 19:11:00,Chicago,IL,0
TXN-000283,8303000282,Merchant_gas_transport_6,gas_transport,184.51,2024-10-09 19:49:00,Columbus,OH,0
TXN-000284,5754000283,Merchant_shopping_net_27,shopping_net,5.51,2024-10-10 08:33:00,Philadelphia,PA,0
TXN-000285,1049000284,Merchant_misc_pos_20,misc_pos,390.73,2024-10-11 08:34:00,Seattle,WA,0
TXN-000286,9707000285,Merchant_health_fitness_25,health_fitness,101.14,2024-10-12 17:48:00,Houston,TX,0
TXN-000287,1242000286,Merchant_shopping_pos_2,shopping_pos,15.78,2024-10-13 12:30:00,Miami,FL,0
TXN-000288,9816000287,Merchant_misc_net_40,misc_net,394.75,2024-10-14 15:29:00,Houston,TX,0
TXN-000289,1904000288,Merchant_grocery_pos_11,grocery_pos,195.67,2024-10-15 12:35:00,Atlanta,GA,0
TXN-000290,3259000289,Merchant_food_dining_33,food_dining,241.88,2024-10-16 14:04:00,Houston,TX,0
TXN-000291,1008000290,Merchant_health_fitness_30,health_fitness,360.38,2024-10-17 15:47:00,Atlanta,GA,0
TXN-000292,2494000291,Merchant_shopping_net_25,shopping_net,142.91,2024-10-18 01:31:00,Atlanta,GA,1
TXN-000293,7646000292,Merchant_kids_pets_13,kids_pets,45.56,2024-10-19 16:47:00,Charlotte,NC,0
TXN-000294,6940000293,Merchant_gas_transport_1,gas_transport,371.0,2024-10-20 19:06:00,Miami,FL,0
TXN-000295,9656000294,Merchant_shopping_pos_49,shopping_pos,224.02,2024-10-21 01:05:00,Charlotte,NC,1
TXN-000296,3931000295,Merchant_food_dining_21,food_dining,155.86,2024-10-22 20:19:00,Chicago,IL,0
TXN-000297,9815000296,Merchant_misc_net_17,misc_net,120.22,2024-10-23 14:57:00,Atlanta,GA,0
TXN-000298,2125000297,Merchant_shopping_pos_4,shopping_pos,6725.88,2024-10-24 01:02:00,Atlanta,GA,1
TXN-000299,2263000298,Merchant_misc_net_47,misc_net,343.41,2024-10-25 12:52:00,Philadelphia,PA,0
TXN-000300,2534000299,Merchant_food_dining_43,food_dining,165.62,2024-10-26 15:26:00,Chicago,IL,0
TXN-000301,1556000300,Merchant_food_dining_19,food_dining,112.97,2024-10-27 08:08:00,Columbus,OH,0
TXN-000302,7476000301,Merchant_shopping_net_26,shopping_net,325.03,2024-10-28 12:52:00,Miami,FL,0
TXN-000303,7369000302,Merchant_food_dining_5,food_dining,173.67,2024-10-29 20:00:00,Chicago,IL,0
TXN-000304,3731000303,Merchant_home_20,home,90.73,2024-10-30 16:36:00,Chicago,IL,0
TXN-000305,5155000304,Merchant_shopping_pos_40,shopping_pos,319.68,2024-10-31 14:23:00,Columbus,OH,0
TXN-000306,2040000305,Merchant_grocery_pos_14,grocery_pos,397.42,2024-11-01 10:23:00,Atlanta,GA,0
TXN-000307,8549000306,Merchant_shopping_net_20,shopping_net,324.57,2024-11-02 20:14:00,Los Angeles,CA,0
TXN-000308,6692000307,Merchant_shopping_net_36,shopping_net,87.23,2024-11-03 18:55:00,Philadelphia,PA,0
TXN-000309,3443000308,Merchant_food_dining_6,food_dining,299.55,2024-11-04 17:12:00,Columbus,OH,0
TXN-000310,5318000309,Merchant_grocery_pos_35,grocery_pos,134.61,2024-11-05 10:22:00,New York,NY,0
TXN-000311,7920000310,Merchant_misc_pos_45,misc_pos,335.6,2024-11-06 15:29:00,Charlotte,NC,0
TXN-000312,5309000311,Merchant_shopping_pos_14,shopping_pos,109.08,2024-11-07 16:36:00,Atlanta,GA,0
TXN-000313,1092000312,Merchant_personal_care_42,personal_care,97.8,2024-11-08 12:46:00,Los Angeles,CA,0
TXN-000314,1560000313,Merchant_grocery_pos_40,grocery_pos,478.93,2024-11-09 02:50:00,Chicago,IL,1
TXN-000315,6772000314,Merchant_food_dining_49,food_dining,22.68,2024-11-10 11:56:00,Philadelphia,PA,0
TXN-000316,2325000315,Merchant_kids_pets_46,kids_pets,138.3,2024-11-11 15:25:00,Houston,TX,0
TXN-000317,7111000316,Merchant_grocery_pos_4,grocery_pos,235.84,2024-11-12 20:41:00,Charlotte,NC,0
TXN-000318,4444000317,Merchant_shopping_pos_22,shopping_pos,13497.51,2024-11-13 22:34:00,Chicago,IL,1
TXN-000319,6866000318,Merchant_shopping_pos_38,shopping_pos,95.81,2024-11-14 16:17:00,Houston,TX,0
TXN-000320,9598000319,Merchant_grocery_pos_29,grocery_pos,7.68,2024-11-15 13:17:00,Miami,FL,0
TXN-000321,9978000320,Merchant_shopping_pos_43,shopping_pos,119.88,2024-11-16 19:57:00,Seattle,WA,0
TXN-000322,8660000321,Merchant_gas_transport_22,gas_transport,186.24,2024-11-17 12:49:00,Atlanta,GA,0
TXN-000323,6989000322,Merchant_health_fitness_46,health_fitness,182.96,2024-11-18 11:25:00,Charlotte,NC,0
TXN-000324,3784000323,Merchant_shopping_pos_23,shopping_pos,171.83,2024-11-19 09:01:00,New York,NY,0
TXN-000325,3094000324,Merchant_kids_pets_14,kids_pets,58.71,2024-11-20 16:28:00,Charlotte,NC,0
TXN-000326,4797000325,Merchant_travel_17,travel,66.71,2024-11-21 17:35:00,Seattle,WA,0
TXN-000327,1853000326,Merchant_kids_pets_39,kids_pets,307.36,2024-11-22 17:23:00,New York,NY,0
TXN-000328,4053000327,Merchant_grocery_pos_18,grocery_pos,290.97,2024-11-23 19:08:00,Charlotte,NC,0
TXN-000329,6407000328,Merchant_misc_pos_11,misc_pos,292.68,2024-11-24 17:18:00,Miami,FL,0
TXN-000330,6206000329,Merchant_grocery_pos_45,grocery_pos,14989.27,2024-11-25 22:49:00,Atlanta,GA,1
TXN-000331,8701000330,Merchant_misc_pos_43,misc_pos,298.99,2024-11-26 18:22:00,Atlanta,GA,0
TXN-000332,2488000331,Merchant_gas_transport_49,gas_transport,81.27,2024-11-27 20:07:00,Los Angeles,CA,0
TXN-000333,6135000332,Merchant_misc_pos_21,misc_pos,182.47,2024-11-28 15:10:00,Houston,TX,0
TXN-000334,4756000333,Merchant_entertainment_17,entertainment,373.03,2024-11-29 18:03:00,Atlanta,GA,0
TXN-000335,5810000334,Merchant_shopping_net_23,shopping_net,82.74,2024-11-30 17:28:00,Miami,FL,0
TXN-000336,5907000335,Merchant_home_9,home,203.98,2024-12-01 08:15:00,Los Angeles,CA,0
TXN-000337,4225000336,Merchant_grocery_pos_7,grocery_pos,261.55,2024-12-02 17:49:00,Los Angeles,CA,0
TXN-000338,9756000337,Merchant_misc_pos_49,misc_pos,50.62,2024-12-03 08:52:00,Philadelphia,PA,0
TXN-000339,3329000338,Merchant_shopping_pos_42,shopping_pos,133.41,2024-12-04 19:26:00,New York,NY,0
TXN-000340,4211000339,Merchant_misc_net_12,misc_net,277.53,2024-12-05 13:22:00,New York,NY,0
TXN-000341,3345000340,Merchant_entertainment_32,entertainment,164.1,2024-12-06 08:58:00,Seattle,WA,0
TXN-000342,6928000341,Merchant_home_18,home,69.37,2024-12-07 12:33:00,New York,NY,0
TXN-000343,5984000342,Merchant_grocery_pos_4,grocery_pos,111.99,2024-12-08 14:40:00,Atlanta,GA,0
TXN-000344,9602000343,Merchant_travel_31,travel,319.41,2024-12-09 14:18:00,Seattle,WA,0
TXN-000345,7342000344,Merchant_travel_39,travel,354.15,2024-12-10 09:15:00,Atlanta,GA,0
TXN-000346,4094000345,Merchant_health_fitness_44,health_fitness,152.85,2024-12-11 17:20:00,Chicago,IL,0
TXN-000347,4620000346,Merchant_shopping_net_30,shopping_net,9294.33,2024-12-12 00:58:00,Columbus,OH,1
TXN-000348,2562000347,Merchant_home_18,home,21.01,2024-12-13 15:52:00,Atlanta,GA,0
TXN-000349,8082000348,Merchant_entertainment_47,entertainment,208.13,2024-12-14 16:57:00,Chicago,IL,0
TXN-000350,8336000349,Merchant_food_dining_43,food_dining,242.57,2024-12-15 16:31:00,Los Angeles,CA,0
TXN-000351,7439000350,Merchant_misc_net_46,misc_net,277.9,2024-12-16 08:52:00,Houston,TX,0
TXN-000352,2924000351,Merchant_grocery_pos_22,grocery_pos,82.28,2024-12-17 11:14:00,New York,NY,0
TXN-000353,2220000352,Merchant_shopping_pos_26,shopping_pos,211.89,2024-12-18 10:46:00,Los Angeles,CA,0
TXN-000354,1241000353,Merchant_home_12,home,46.51,2024-12-19 16:43:00,Houston,TX,0
TXN-000355,3726000354,Merchant_shopping_pos_5,shopping_pos,791.5,2024-12-20 02:56:00,Houston,TX,1
TXN-000356,6452000355,Merchant_shopping_pos_29,shopping_pos,330.39,2024-12-21 01:45:00,Los Angeles,CA,1
TXN-000357,6633000356,Merchant_kids_pets_41,kids_pets,149.01,2024-12-22 18:31:00,Miami,FL,0
TXN-000358,6120000357,Merchant_gas_transport_6,gas_transport,339.37,2024-12-23 14:56:00,Seattle,WA,0
TXN-000359,8379000358,Merchant_entertainment_2,entertainment,282.92,2024-12-24 11:39:00,New York,NY,0
TXN-000360,8910000359,Merchant_food_dining_1,food_dining,394.94,2024-12-25 14:08:00,Houston,TX,0
TXN-000361,6407000360,Merchant_health_fitness_31,health_fitness,315.77,2024-12-26 10:57:00,Los Angeles,CA,0
TXN-000362,8679000361,Merchant_health_fitness_18,health_fitness,208.01,2024-12-27 14:17:00,Los Angeles,CA,0
TXN-000363,1439000362,Merchant_shopping_pos_16,shopping_pos,217.39,2024-12-28 15:36:00,New York,NY,0
TXN-000364,7404000363,Merchant_kids_pets_18,kids_pets,363.68,2024-12-29 13:52:00,Chicago,IL,0
TXN-000365,8439000364,Merchant_gas_transport_46,gas_transport,354.18,2024-12-30 08:28:00,Atlanta,GA,0
TXN-000366,1491000365,Merchant_grocery_pos_48,grocery_pos,471.82,2024-01-01 22:09:00,Columbus,OH,1
TXN-000367,9215000366,Merchant_home_34,home,253.42,2024-01-02 12:21:00,Atlanta,GA,0
TXN-000368,9264000367,Merchant_grocery_pos_17,grocery_pos,344.71,2024-01-03 12:34:00,Atlanta,GA,0
TXN-000369,7388000368,Merchant_health_fitness_12,health_fitness,99.57,2024-01-04 08:49:00,Charlotte,NC,0
TXN-000370,6910000369,Merchant_shopping_net_27,shopping_net,160.0,2024-01-05 17:21:00,Houston,TX,0
TXN-000371,7467000370,Merchant_travel_3,travel,297.21,2024-01-06 15:09:00,Columbus,OH,0
TXN-000372,2194000371,Merchant_shopping_net_8,shopping_net,67.51,2024-01-07 09:45:00,Charlotte,NC,0
TXN-000373,8175000372,Merchant_misc_net_47,misc_net,365.85,2024-01-08 20:20:00,Seattle,WA,0
TXN-000374,2684000373,Merchant_entertainment_10,entertainment,231.84,2024-01-09 09:51:00,Philadelphia,PA,0
TXN-000375,2299000374,Merchant_misc_net_27,misc_net,671.7,2024-01-10 02:47:00,New York,NY,1
TXN-000376,7182000375,Merchant_home_2,home,393.64,2024-01-11 16:37:00,Philadelphia,PA,0
TXN-000377,6787000376,Merchant_grocery_pos_11,grocery_pos,363.6,2024-01-12 09:23:00,Seattle,WA,0
TXN-000378,8910000377,Merchant_shopping_pos_46,shopping_pos,265.58,2024-01-13 13:06:00,Houston,TX,0
TXN-000379,5071000378,Merchant_kids_pets_2,kids_pets,214.87,2024-01-14 14:47:00,Los Angeles,CA,0
TXN-000380,4550000379,Merchant_shopping_net_12,shopping_net,2332.97,2024-01-15 00:10:00,Columbus,OH,1
TXN-000381,4622000380,Merchant_grocery_pos_36,grocery_pos,115.62,2024-01-16 13:07:00,Chicago,IL,0
TXN-000382,2552000381,Merchant_home_41,home,128.0,2024-01-17 16:34:00,Miami,FL,0
TXN-000383,5126000382,Merchant_shopping_pos_33,shopping_pos,388.48,2024-01-18 19:01:00,Miami,FL,0
TXN-000384,1331000383,Merchant_misc_net_24,misc_net,23.76,2024-01-19 12:42:00,Charlotte,NC,0
TXN-000385,7575000384,Merchant_kids_pets_27,kids_pets,372.45,2024-01-20 13:48:00,Chicago,IL,0
TXN-000386,4858000385,Merchant_personal_care_7,personal_care,387.38,2024-01-21 12:22:00,Los Angeles,CA,0
TXN-000387,2903000386,Merchant_misc_net_5,misc_net,173.41,2024-01-22 11:34:00,Houston,TX,0
TXN-000388,6921000387,Merchant_personal_care_28,personal_care,147.66,2024-01-23 19:16:00,New York,NY,0
TXN-000389,6780000388,Merchant_home_48,home,361.18,2024-01-24 13:11:00,Atlanta,GA,0
TXN-000390,5920000389,Merchant_misc_net_25,misc_net,726.44,2024-01-25 03:07:00,Philadelphia,PA,1
TXN-000391,1489000390,Merchant_home_18,home,351.78,2024-01-26 11:14:00,Philadelphia,PA,0
TXN-000392,4057000391,Merchant_misc_net_37,misc_net,217.05,2024-01-27 12:01:00,Atlanta,GA,0
TXN-000393,2170000392,Merchant_shopping_pos_4,shopping_pos,109.4,2024-01-28 14:18:00,Columbus,OH,0
TXN-000394,9575000393,Merchant_kids_pets_35,kids_pets,67.27,2024-01-29 08:33:00,Chicago,IL,0
TXN-000395,7375000394,Merchant_misc_net_14,misc_net,6072.7,2024-01-30 22:48:00,Atlanta,GA,1
TXN-000396,5311000395,Merchant_misc_net_36,misc_net,541.93,2024-01-31 01:33:00,New York,NY,1
TXN-000397,2657000396,Merchant_misc_net_8,misc_net,12438.9,2024-02-01 04:24:00,Seattle,WA,1
TXN-000398,8050000397,Merchant_entertainment_22,entertainment,71.93,2024-02-02 09:49:00,Seattle,WA,0
TXN-000399,8562000398,Merchant_misc_net_43,misc_net,4824.13,2024-02-03 05:02:00,Los Angeles,CA,1
TXN-000400,5934000399,Merchant_health_fitness_33,health_fitness,330.0,2024-02-04 14:17:00,Seattle,WA,0
TXN-000401,9614000400,Merchant_gas_transport_21,gas_transport,36.29,2024-02-05 09:56:00,Columbus,OH,0
TXN-000402,4410000401,Merchant_misc_net_31,misc_net,5666.39,2024-02-06 03:36:00,Miami,FL,1
TXN-000403,2071000402,Merchant_food_dining_12,food_dining,29.77,2024-02-07 20:31:00,Seattle,WA,0
TXN-000404,2156000403,Merchant_health_fitness_24,health_fitness,222.02,2024-02-08 18:45:00,Houston,TX,0
TXN-000405,3347000404,Merchant_shopping_pos_10,shopping_pos,93.57,2024-02-09 08:53:00,Houston,TX,0
TXN-000406,7644000405,Merchant_gas_transport_44,gas_transport,90.36,2024-02-10 08:13:00,New York,NY,0
TXN-000407,4508000406,Merchant_shopping_pos_32,shopping_pos,359.8,2024-02-11 19:26:00,Miami,FL,0
TXN-000408,7923000407,Merchant_shopping_pos_46,shopping_pos,399.95,2024-02-12 12:11:00,Philadelphia,PA,0
TXN-000409,3891000408,Merchant_misc_net_37,misc_net,105.63,2024-02-13 14:09:00,Charlotte,NC,0
TXN-000410,1123000409,Merchant_shopping_net_2,shopping_net,219.12,2024-02-14 14:47:00,Atlanta,GA,0
TXN-000411,6301000410,Merchant_misc_pos_26,misc_pos,232.36,2024-02-15 20:53:00,Atlanta,GA,0
TXN-000412,7634000411,Merchant_shopping_net_36,shopping_net,307.17,2024-02-16 10:17:00,Atlanta,GA,0
TXN-000413,6923000412,Merchant_kids_pets_19,kids_pets,240.02,2024-02-17 09:36:00,Chicago,IL,0
TXN-000414,8897000413,Merchant_shopping_net_35,shopping_net,86.41,2024-02-18 18:06:00,Chicago,IL,0
TXN-000415,1950000414,Merchant_travel_26,travel,43.13,2024-02-19 13:09:00,Atlanta,GA,0
TXN-000416,5467000415,Merchant_gas_transport_8,gas_transport,116.69,2024-02-20 10:41:00,Columbus,OH,0
TXN-000417,2453000416,Merchant_shopping_pos_16,shopping_pos,794.49,2024-02-21 23:31:00,Chicago,IL,1
TXN-000418,8491000417,Merchant_shopping_pos_29,shopping_pos,371.93,2024-02-22 15:55:00,Seattle,WA,0
TXN-000419,2207000418,Merchant_food_dining_44,food_dining,287.62,2024-02-23 16:37:00,Chicago,IL,0
TXN-000420,4219000419,Merchant_shopping_net_5,shopping_net,1798.02,2024-02-24 00:28:00,Houston,TX,1
TXN-000421,8919000420,Merchant_food_dining_36,food_dining,366.96,2024-02-25 10:22:00,Houston,TX,0
TXN-000422,1435000421,Merchant_grocery_pos_37,grocery_pos,2734.04,2024-02-26 04:42:00,Los Angeles,CA,1
TXN-000423,4324000422,Merchant_food_dining_30,food_dining,258.69,2024-02-27 16:21:00,Chicago,IL,0
TXN-000424,3159000423,Merchant_travel_32,travel,198.21,2024-02-28 14:31:00,Columbus,OH,0
TXN-000425,6428000424,Merchant_home_36,home,170.26,2024-02-29 12:06:00,Atlanta,GA,0
TXN-000426,8262000425,Merchant_grocery_pos_42,grocery_pos,11101.88,2024-03-01 05:36:00,Charlotte,NC,1
TXN-000427,5338000426,Merchant_grocery_pos_9,grocery_pos,262.98,2024-03-02 09:32:00,Los Angeles,CA,0
TXN-000428,9155000427,Merchant_gas_transport_29,gas_transport,20.17,2024-03-03 15:34:00,Columbus,OH,0
TXN-000429,2914000428,Merchant_grocery_pos_1,grocery_pos,6.38,2024-03-04 20:40:00,Columbus,OH,0
TXN-000430,6382000429,Merchant_misc_net_17,misc_net,313.62,2024-03-05 10:16:00,Chicago,IL,0
TXN-000431,5147000430,Merchant_misc_net_19,misc_net,5625.39,2024-03-06 01:48:00,Houston,TX,1
TXN-000432,5320000431,Merchant_grocery_pos_22,grocery_pos,210.95,2024-03-07 13:02:00,Miami,FL,0
TXN-000433,9174000432,Merchant_food_dining_26,food_dining,172.7,2024-03-08 11:21:00,Atlanta,GA,0
TXN-000434,5950000433,Merchant_travel_9,travel,366.97,2024-03-09 14:01:00,Philadelphia,PA,0
TXN-000435,8112000434,Merchant_misc_pos_20,misc_pos,120.97,2024-03-10 17:03:00,Atlanta,GA,0
TXN-000436,2446000435,Merchant_grocery_pos_7,grocery_pos,12.72,2024-03-11 11:27:00,Seattle,WA,0
TXN-000437,7859000436,Merchant_shopping_net_5,shopping_net,14999.67,2024-03-12 00:15:00,Atlanta,GA,1
TXN-000438,3989000437,Merchant_grocery_pos_36,grocery_pos,11284.75,2024-03-13 00:54:00,Los Angeles,CA,1
TXN-000439,1216000438,Merchant_entertainment_4,entertainment,266.39,2024-03-14 14:27:00,Atlanta,GA,0
TXN-000440,2693000439,Merchant_misc_pos_18,misc_pos,294.3,2024-03-15 14:33:00,Los Angeles,CA,0
TXN-000441,7619000440,Merchant_misc_net_18,misc_net,215.35,2024-03-16 13:37:00,Charlotte,NC,0
TXN-000442,6593000441,Merchant_misc_net_2,misc_net,340.07,2024-03-17 20:44:00,Philadelphia,PA,0
TXN-000443,5906000442,Merchant_shopping_pos_16,shopping_pos,243.26,2024-03-18 15:41:00,Seattle,WA,0
TXN-000444,7446000443,Merchant_kids_pets_39,kids_pets,280.83,2024-03-19 08:28:00,Miami,FL,0
TXN-000445,7051000444,Merchant_shopping_net_45,shopping_net,348.8,2024-03-20 14:27:00,Columbus,OH,0
TXN-000446,4165000445,Merchant_shopping_pos_2,shopping_pos,94.37,2024-03-21 02:31:00,Atlanta,GA,1
TXN-000447,2703000446,Merchant_grocery_pos_7,grocery_pos,70.91,2024-03-22 14:17:00,Columbus,OH,0
TXN-000448,7940000447,Merchant_misc_net_36,misc_net,313.3,2024-03-23 10:40:00,Seattle,WA,0
TXN-000449,1998000448,Merchant_kids_pets_38,kids_pets,73.08,2024-03-24 12:41:00,Houston,TX,0
TXN-000450,1409000449,Merchant_shopping_net_13,shopping_net,159.56,2024-03-25 09:40:00,Los Angeles,CA,0
TXN-000451,8402000450,Merchant_shopping_net_6,shopping_net,7858.82,2024-03-26 02:19:00,Houston,TX,1
TXN-000452,9517000451,Merchant_kids_pets_32,kids_pets,110.89,2024-03-27 09:27:00,Seattle,WA,0
TXN-000453,9784000452,Merchant_entertainment_24,entertainment,261.12,2024-03-28 12:14:00,Chicago,IL,0
TXN-000454,5787000453,Merchant_shopping_net_14,shopping_net,125.61,2024-03-29 15:27:00,Seattle,WA,0
TXN-000455,1064000454,Merchant_food_dining_16,food_dining,49.39,2024-03-30 08:39:00,Houston,TX,0
TXN-000456,3684000455,Merchant_misc_pos_31,misc_pos,270.16,2024-03-31 19:39:00,Charlotte,NC,0
TXN-000457,9274000456,Merchant_home_2,home,274.82,2024-04-01 10:51:00,Miami,FL,0
TXN-000458,8687000457,Merchant_food_dining_13,food_dining,132.02,2024-04-02 11:36:00,Philadelphia,PA,0
TXN-000459,3638000458,Merchant_food_dining_7,food_dining,366.04,2024-04-03 19:04:00,Miami,FL,0
TXN-000460,3661000459,Merchant_personal_care_49,personal_care,178.8,2024-04-04 09:05:00,Chicago,IL,0
TXN-000461,6704000460,Merchant_misc_net_7,misc_net,19.47,2024-04-05 19:38:00,Atlanta,GA,0
TXN-000462,6850000461,Merchant_travel_7,travel,390.78,2024-04-06 19:06:00,Houston,TX,0
TXN-000463,4233000462,Merchant_misc_pos_1,misc_pos,34.89,2024-04-07 20:12:00,Houston,TX,0
TXN-000464,9123000463,Merchant_grocery_pos_33,grocery_pos,392.57,2024-04-08 08:31:00,Miami,FL,0
TXN-000465,4302000464,Merchant_travel_7,travel,12.16,2024-04-09 08:48:00,Philadelphia,PA,0
TXN-000466,2444000465,Merchant_travel_45,travel,339.54,2024-04-10 11:33:00,New York,NY,0
TXN-000467,2311000466,Merchant_misc_net_30,misc_net,5972.18,2024-04-11 04:01:00,Chicago,IL,1
TXN-000468,4954000467,Merchant_gas_transport_2,gas_transport,249.1,2024-04-12 20:19:00,Atlanta,GA,0
TXN-000469,8299000468,Merchant_misc_net_11,misc_net,12407.28,2024-04-13 02:01:00,Columbus,OH,1
TXN-000470,7332000469,Merchant_grocery_pos_26,grocery_pos,4839.54,2024-04-14 22:30:00,Chicago,IL,1
TXN-000471,9859000470,Merchant_shopping_net_2,shopping_net,14973.22,2024-04-15 03:06:00,Los Angeles,CA,1
TXN-000472,9074000471,Merchant_travel_1,travel,231.68,2024-04-16 14:25:00,Los Angeles,CA,0
TXN-000473,1586000472,Merchant_kids_pets_20,kids_pets,312.55,2024-04-17 20:08:00,Chicago,IL,0
TXN-000474,7914000473,Merchant_personal_care_3,personal_care,359.14,2024-04-18 12:25:00,Philadelphia,PA,0
TXN-000475,4736000474,Merchant_gas_transport_14,gas_transport,268.83,2024-04-19 17:22:00,Los Angeles,CA,0
TXN-000476,3643000475,Merchant_entertainment_25,entertainment,324.53,2024-04-20 13:20:00,Philadelphia,PA,0
TXN-000477,8600000476,Merchant_shopping_net_27,shopping_net,291.85,2024-04-21 16:55:00,Atlanta,GA,0
TXN-000478,1958000477,Merchant_misc_pos_34,misc_pos,298.05,2024-04-22 12:26:00,Los Angeles,CA,0
TXN-000479,1496000478,Merchant_gas_transport_9,gas_transport,169.85,2024-04-23 09:20:00,Miami,FL,0
TXN-000480,8543000479,Merchant_shopping_net_25,shopping_net,1209.54,2024-04-24 05:22:00,Houston,TX,1
TXN-000481,8981000480,Merchant_travel_31,travel,282.28,2024-04-25 14:55:00,Charlotte,NC,0
TXN-000482,1023000481,Merchant_personal_care_35,personal_care,50.95,2024-04-26 15:41:00,Seattle,WA,0
TXN-000483,6153000482,Merchant_personal_care_24,personal_care,379.95,2024-04-27 14:32:00,Miami,FL,0
TXN-000484,9233000483,Merchant_shopping_net_3,shopping_net,17.21,2024-04-28 12:42:00,Houston,TX,0
TXN-000485,7247000484,Merchant_health_fitness_5,health_fitness,283.39,2024-04-29 12:43:00,Seattle,WA,0
TXN-000486,4464000485,Merchant_personal_care_48,personal_care,30.19,2024-04-30 11:20:00,Los Angeles,CA,0
TXN-000487,8377000486,Merchant_travel_42,travel,281.6,2024-05-01 12:40:00,Houston,TX,0
TXN-000488,1365000487,Merchant_travel_24,travel,213.65,2024-05-02 10:57:00,New York,NY,0
TXN-000489,8139000488,Merchant_misc_net_49,misc_net,305.9,2024-05-03 10:11:00,Atlanta,GA,0
TXN-000490,5958000489,Merchant_misc_net_39,misc_net,61.24,2024-05-04 18:25:00,Atlanta,GA,0
TXN-000491,6885000490,Merchant_misc_pos_35,misc_pos,396.64,2024-05-05 13:53:00,Chicago,IL,0
TXN-000492,7943000491,Merchant_grocery_pos_24,grocery_pos,388.15,2024-05-06 05:47:00,New York,NY,1
TXN-000493,9926000492,Merchant_shopping_net_13,shopping_net,7919.68,2024-05-07 02:31:00,Miami,FL,1
TXN-000494,4613000493,Merchant_shopping_pos_18,shopping_pos,374.46,2024-05-08 10:35:00,Philadelphia,PA,0
TXN-000495,3388000494,Merchant_personal_care_28,personal_care,213.8,2024-05-09 14:15:00,Houston,TX,0
TXN-000496,9971000495,Merchant_shopping_net_33,shopping_net,14607.12,2024-05-10 05:22:00,New York,NY,1
TXN-000497,8655000496,Merchant_shopping_net_39,shopping_net,183.42,2024-05-11 16:30:00,New York,NY,0
TXN-000498,5475000497,Merchant_entertainment_17,entertainment,334.59,2024-05-12 08:43:00,Philadelphia,PA,0
TXN-000499,1285000498,Merchant_shopping_net_5,shopping_net,5845.04,2024-05-13 23:02:00,New York,NY,1
TXN-000500,3022000499,Merchant_shopping_pos_20,shopping_pos,166.3,2024-05-14 13:56:00,Seattle,WA,0
TXN-000501,8471000500,Merchant_shopping_net_11,shopping_net,5107.69,2024-05-15 01:39:00,Charlotte,NC,1
TXN-000502,5753000501,Merchant_shopping_pos_49,shopping_pos,2820.65,2024-05-16 00:02:00,Atlanta,GA,1
TXN-000503,4846000502,Merchant_shopping_net_38,shopping_net,258.71,2024-05-17 15:01:00,Chicago,IL,0
TXN-000504,5166000503,Merchant_home_29,home,76.48,2024-05-18 14:39:00,Houston,TX,0
TXN-000505,4912000504,Merchant_home_19,home,268.12,2024-05-19 12:00:00,Los Angeles,CA,0
TXN-000506,3121000505,Merchant_travel_11,travel,173.27,2024-05-20 18:15:00,New York,NY,0
TXN-000507,5858000506,Merchant_grocery_pos_11,grocery_pos,22.89,2024-05-21 11:01:00,Charlotte,NC,0
TXN-000508,4939000507,Merchant_home_21,home,308.8,2024-05-22 18:26:00,New York,NY,0
TXN-000509,1510000508,Merchant_grocery_pos_28,grocery_pos,346.08,2024-05-23 10:15:00,Los Angeles,CA,0
TXN-000510,4538000509,Merchant_travel_45,travel,343.36,2024-05-24 13:56:00,Philadelphia,PA,0
TXN-000511,6399000510,Merchant_personal_care_18,personal_care,110.05,2024-05-25 09:54:00,Chicago,IL,0
TXN-000512,4943000511,Merchant_food_dining_8,food_dining,263.7,2024-05-26 09:50:00,Miami,FL,0
TXN-000513,8409000512,Merchant_home_26,home,100.17,2024-05-27 12:04:00,Columbus,OH,0
TXN-000514,4962000513,Merchant_grocery_pos_13,grocery_pos,296.7,2024-05-28 13:00:00,Seattle,WA,0
TXN-000515,5568000514,Merchant_kids_pets_39,kids_pets,179.0,2024-05-29 09:32:00,Charlotte,NC,0
TXN-000516,8080000515,Merchant_misc_net_35,misc_net,13707.34,2024-05-30 03:13:00,Chicago,IL,1
TXN-000517,3590000516,Merchant_shopping_net_28,shopping_net,9846.93,2024-05-31 22:00:00,Columbus,OH,1
TXN-000518,3404000517,Merchant_home_10,home,343.46,2024-06-01 18:46:00,Philadelphia,PA,0
TXN-000519,4819000518,Merchant_health_fitness_3,health_fitness,340.25,2024-06-02 19:54:00,Chicago,IL,0
TXN-000520,1251000519,Merchant_health_fitness_15,health_fitness,52.57,2024-06-03 19:31:00,Houston,TX,0
TXN-000521,4162000520,Merchant_home_37,home,228.35,2024-06-04 12:49:00,Charlotte,NC,0
TXN-000522,3530000521,Merchant_shopping_pos_24,shopping_pos,105.61,2024-06-05 20:39:00,Houston,TX,0
TXN-000523,7547000522,Merchant_personal_care_7,personal_care,6.53,2024-06-06 16:49:00,Los Angeles,CA,0
TXN-000524,7222000523,Merchant_personal_care_22,personal_care,391.21,2024-06-07 12:55:00,Seattle,WA,0
TXN-000525,9572000524,Merchant_misc_net_16,misc_net,116.13,2024-06-08 00:39:00,Charlotte,NC,1
TXN-000526,2804000525,Merchant_shopping_net_21,shopping_net,173.9,2024-06-09 16:26:00,Los Angeles,CA,0
TXN-000527,7359000526,Merchant_food_dining_4,food_dining,84.61,2024-06-10 19:31:00,Philadelphia,PA,0
TXN-000528,5543000527,Merchant_entertainment_45,entertainment,121.39,2024-06-11 17:24:00,Philadelphia,PA,0
TXN-000529,9685000528,Merchant_misc_pos_23,misc_pos,154.68,2024-06-12 10:50:00,Charlotte,NC,0
TXN-000530,5864000529,Merchant_food_dining_49,food_dining,339.41,2024-06-13 17:40:00,Chicago,IL,0
TXN-000531,5504000530,Merchant_gas_transport_42,gas_transport,286.59,2024-06-14 11:01:00,Houston,TX,0
TXN-000532,6712000531,Merchant_entertainment_8,entertainment,167.91,2024-06-15 10:50:00,Seattle,WA,0
TXN-000533,8883000532,Merchant_misc_net_3,misc_net,101.07,2024-06-16 17:52:00,New York,NY,0
TXN-000534,2755000533,Merchant_grocery_pos_32,grocery_pos,112.1,2024-06-17 12:57:00,Philadelphia,PA,0
TXN-000535,5350000534,Merchant_personal_care_6,personal_care,144.9,2024-06-18 18:41:00,Atlanta,GA,0
TXN-000536,4054000535,Merchant_shopping_net_15,shopping_net,11824.98,2024-06-19 01:40:00,Chicago,IL,1
TXN-000537,2196000536,Merchant_travel_43,travel,17.09,2024-06-20 20:46:00,Seattle,WA,0
TXN-000538,3255000537,Merchant_entertainment_40,entertainment,282.06,2024-06-21 15:35:00,Columbus,OH,0
TXN-000539,5986000538,Merchant_shopping_net_17,shopping_net,130.76,2024-06-22 15:00:00,Seattle,WA,0
TXN-000540,5100000539,Merchant_misc_pos_35,misc_pos,389.26,2024-06-23 16:40:00,Philadelphia,PA,0
TXN-000541,3277000540,Merchant_grocery_pos_28,grocery_pos,5104.55,2024-06-24 23:25:00,Charlotte,NC,1
TXN-000542,8111000541,Merchant_shopping_pos_22,shopping_pos,86.71,2024-06-25 20:54:00,Charlotte,NC,0
TXN-000543,9703000542,Merchant_shopping_net_22,shopping_net,3193.06,2024-06-26 01:09:00,Atlanta,GA,1
TXN-000544,7237000543,Merchant_health_fitness_17,health_fitness,40.6,2024-06-27 16:24:00,Columbus,OH,0
TXN-000545,3346000544,Merchant_health_fitness_13,health_fitness,138.33,2024-06-28 15:15:00,Miami,FL,0
TXN-000546,3944000545,Merchant_shopping_pos_46,shopping_pos,297.84,2024-06-29 17:18:00,Los Angeles,CA,0
TXN-000547,6398000546,Merchant_shopping_net_34,shopping_net,102.4,2024-06-30 05:26:00,Chicago,IL,1
TXN-000548,5564000547,Merchant_home_46,home,114.28,2024-07-01 09:07:00,Philadelphia,PA,0
TXN-000549,7327000548,Merchant_food_dining_13,food_dining,89.92,2024-07-02 11:02:00,New York,NY,0
TXN-000550,6230000549,Merchant_health_fitness_45,health_fitness,336.71,2024-07-03 15:10:00,Seattle,WA,0
TXN-000551,8127000550,Merchant_personal_care_16,personal_care,108.2,2024-07-04 14:46:00,New York,NY,0
TXN-000552,8573000551,Merchant_misc_net_3,misc_net,100.68,2024-07-05 10:43:00,Chicago,IL,0
TXN-000553,2145000552,Merchant_shopping_net_44,shopping_net,1064.35,2024-07-06 23:41:00,New York,NY,1
TXN-000554,5176000553,Merchant_gas_transport_16,gas_transport,299.8,2024-07-07 14:44:00,Columbus,OH,0
TXN-000555,6298000554,Merchant_misc_pos_34,misc_pos,77.79,2024-07-08 08:49:00,Philadelphia,PA,0
TXN-000556,1389000555,Merchant_health_fitness_49,health_fitness,18.2,2024-07-09 17:58:00,Columbus,OH,0
TXN-000557,2113000556,Merchant_grocery_pos_2,grocery_pos,456.46,2024-07-10 02:56:00,Columbus,OH,1
TXN-000558,9733000557,Merchant_health_fitness_27,health_fitness,312.0,2024-07-11 16:02:00,Houston,TX,0
TXN-000559,1264000558,Merchant_health_fitness_6,health_fitness,112.98,2024-07-12 20:26:00,Seattle,WA,0
TXN-000560,1538000559,Merchant_home_33,home,284.85,2024-07-13 12:05:00,New York,NY,0
TXN-000561,2973000560,Merchant_home_14,home,122.72,2024-07-14 12:21:00,Miami,FL,0
TXN-000562,9196000561,Merchant_grocery_pos_21,grocery_pos,8264.66,2024-07-15 23:27:00,Seattle,WA,1
TXN-000563,4450000562,Merchant_entertainment_39,entertainment,64.13,2024-07-16 09:53:00,Atlanta,GA,0
TXN-000564,1666000563,Merchant_grocery_pos_38,grocery_pos,235.71,2024-07-17 16:10:00,Los Angeles,CA,0
TXN-000565,6612000564,Merchant_grocery_pos_40,grocery_pos,5705.1,2024-07-18 05:41:00,Philadelphia,PA,1
TXN-000566,9592000565,Merchant_entertainment_18,entertainment,266.76,2024-07-19 20:29:00,Chicago,IL,0
TXN-000567,8459000566,Merchant_food_dining_1,food_dining,249.43,2024-07-20 10:56:00,Philadelphia,PA,0
TXN-000568,9861000567,Merchant_health_fitness_8,health_fitness,148.06,2024-07-21 14:55:00,Seattle,WA,0
TXN-000569,9103000568,Merchant_misc_net_39,misc_net,13163.92,2024-07-22 01:54:00,Seattle,WA,1
TXN-000570,9366000569,Merchant_misc_net_16,misc_net,1238.88,2024-07-23 05:48:00,Atlanta,GA,1
TXN-000571,8322000570,Merchant_misc_net_47,misc_net,6217.0,2024-07-24 03:50:00,Philadelphia,PA,1
TXN-000572,2743000571,Merchant_misc_net_14,misc_net,338.99,2024-07-25 15:04:00,New York,NY,0
TXN-000573,1042000572,Merchant_personal_care_11,personal_care,178.95,2024-07-26 10:12:00,Seattle,WA,0
TXN-000574,6015000573,Merchant_home_39,home,121.94,2024-07-27 17:04:00,Los Angeles,CA,0
TXN-000575,6605000574,Merchant_gas_transport_3,gas_transport,72.4,2024-07-28 08:15:00,Chicago,IL,0
TXN-000576,3059000575,Merchant_health_fitness_3,health_fitness,89.82,2024-07-29 11:45:00,Philadelphia,PA,0
TXN-000577,2509000576,Merchant_home_36,home,251.03,2024-07-30 10:57:00,Philadelphia,PA,0
TXN-000578,5622000577,Merchant_food_dining_25,food_dining,276.72,2024-07-31 12:12:00,Houston,TX,0
TXN-000579,9393000578,Merchant_home_1,home,104.11,2024-08-01 15:43:00,Miami,FL,0
TXN-000580,6896000579,Merchant_misc_net_35,misc_net,728.24,2024-08-02 03:57:00,Seattle,WA,1
TXN-000581,1526000580,Merchant_grocery_pos_30,grocery_pos,355.26,2024-08-03 15:02:00,Miami,FL,0
TXN-000582,4239000581,Merchant_travel_21,travel,272.76,2024-08-04 18:22:00,New York,NY,0
TXN-000583,2277000582,Merchant_misc_net_15,misc_net,755.81,2024-08-05 02:41:00,Miami,FL,1
TXN-000584,7390000583,Merchant_gas_transport_24,gas_transport,277.99,2024-08-06 11:52:00,Chicago,IL,0
TXN-000585,5592000584,Merchant_personal_care_29,personal_care,326.58,2024-08-07 10:39:00,Seattle,WA,0
TXN-000586,1385000585,Merchant_grocery_pos_19,grocery_pos,39.48,2024-08-08 19:23:00,Charlotte,NC,0
TXN-000587,5724000586,Merchant_personal_care_35,personal_care,64.26,2024-08-09 16:28:00,Seattle,WA,0
TXN-000588,9094000587,Merchant_health_fitness_40,health_fitness,313.07,2024-08-10 08:40:00,Miami,FL,0
TXN-000589,9126000588,Merchant_personal_care_20,personal_care,383.55,2024-08-11 18:24:00,Atlanta,GA,0
TXN-000590,9064000589,Merchant_shopping_pos_23,shopping_pos,162.35,2024-08-12 13:08:00,Columbus,OH,0
TXN-000591,7914000590,Merchant_shopping_net_38,shopping_net,389.27,2024-08-13 20:35:00,Chicago,IL,0
TXN-000592,9523000591,Merchant_kids_pets_42,kids_pets,378.26,2024-08-14 10:39:00,Chicago,IL,0
TXN-000593,6050000592,Merchant_gas_transport_40,gas_transport,343.63,2024-08-15 16:10:00,Houston,TX,0
TXN-000594,8774000593,Merchant_travel_26,travel,42.1,2024-08-16 20:19:00,Philadelphia,PA,0
TXN-000595,2217000594,Merchant_misc_net_25,misc_net,138.95,2024-08-17 08:20:00,Philadelphia,PA,0
TXN-000596,6033000595,Merchant_grocery_pos_2,grocery_pos,764.05,2024-08-18 03:58:00,New York,NY,1
TXN-000597,1233000596,Merchant_travel_40,travel,114.83,2024-08-19 19:23:00,Miami,FL,0
TXN-000598,5908000597,Merchant_misc_pos_11,misc_pos,282.44,2024-08-20 18:24:00,Houston,TX,0
TXN-000599,6290000598,Merchant_kids_pets_16,kids_pets,336.83,2024-08-21 18:08:00,Charlotte,NC,0
TXN-000600,7091000599,Merchant_health_fitness_5,health_fitness,289.29,2024-08-22 20:05:00,Los Angeles,CA,0
TXN-000601,3168000600,Merchant_shopping_pos_26,shopping_pos,5.89,2024-08-23 12:34:00,Houston,TX,0
TXN-000602,3978000601,Merchant_kids_pets_29,kids_pets,285.4,2024-08-24 17:17:00,Miami,FL,0
TXN-000603,3372000602,Merchant_personal_care_14,personal_care,82.14,2024-08-25 16:34:00,Seattle,WA,0
TXN-000604,3204000603,Merchant_misc_net_39,misc_net,168.21,2024-08-26 20:25:00,Houston,TX,0
TXN-000605,7565000604,Merchant_grocery_pos_17,grocery_pos,157.87,2024-08-27 14:52:00,Seattle,WA,0
TXN-000606,6319000605,Merchant_kids_pets_34,kids_pets,238.74,2024-08-28 20:00:00,Columbus,OH,0
TXN-000607,3873000606,Merchant_shopping_pos_23,shopping_pos,228.03,2024-08-29 12:47:00,Philadelphia,PA,0
TXN-000608,5428000607,Merchant_shopping_net_47,shopping_net,6726.94,2024-08-30 00:02:00,Los Angeles,CA,1
TXN-000609,2532000608,Merchant_grocery_pos_2,grocery_pos,335.66,2024-08-31 09:33:00,New York,NY,0
TXN-000610,5119000609,Merchant_shopping_pos_21,shopping_pos,336.9,2024-09-01 13:52:00,Los Angeles,CA,0
TXN-000611,9801000610,Merchant_grocery_pos_15,grocery_pos,586.42,2024-09-02 05:13:00,Charlotte,NC,1
TXN-000612,4538000611,Merchant_shopping_pos_19,shopping_pos,278.41,2024-09-03 15:53:00,Atlanta,GA,0
TXN-000613,7326000612,Merchant_personal_care_38,personal_care,364.01,2024-09-04 17:44:00,Seattle,WA,0
TXN-000614,3741000613,Merchant_shopping_net_44,shopping_net,8868.49,2024-09-05 05:23:00,Columbus,OH,1
TXN-000615,3097000614,Merchant_shopping_pos_10,shopping_pos,9871.59,2024-09-06 23:09:00,Seattle,WA,1
TXN-000616,9453000615,Merchant_health_fitness_19,health_fitness,303.6,2024-09-07 15:25:00,Houston,TX,0
TXN-000617,4716000616,Merchant_misc_net_42,misc_net,55.36,2024-09-08 10:26:00,Seattle,WA,0
TXN-000618,4818000617,Merchant_misc_pos_10,misc_pos,392.27,2024-09-09 09:01:00,Columbus,OH,0
TXN-000619,5041000618,Merchant_entertainment_40,entertainment,94.7,2024-09-10 14:21:00,Los Angeles,CA,0
TXN-000620,1079000619,Merchant_entertainment_40,entertainment,198.03,2024-09-11 20:44:00,Atlanta,GA,0
TXN-000621,2894000620,Merchant_grocery_pos_34,grocery_pos,14841.48,2024-09-12 01:35:00,Chicago,IL,1
TXN-000622,6196000621,Merchant_health_fitness_38,health_fitness,35.38,2024-09-13 15:38:00,Los Angeles,CA,0
TXN-000623,9455000622,Merchant_misc_pos_11,misc_pos,328.37,2024-09-14 09:52:00,Houston,TX,0
TXN-000624,1918000623,Merchant_entertainment_8,entertainment,187.77,2024-09-15 10:13:00,Chicago,IL,0
TXN-000625,3380000624,Merchant_entertainment_43,entertainment,30.71,2024-09-16 12:06:00,Miami,FL,0
TXN-000626,8729000625,Merchant_health_fitness_22,health_fitness,22.62,2024-09-17 20:00:00,Houston,TX,0
TXN-000627,5068000626,Merchant_shopping_pos_12,shopping_pos,213.95,2024-09-18 09:20:00,Atlanta,GA,0
TXN-000628,2616000627,Merchant_gas_transport_23,gas_transport,83.62,2024-09-19 20:43:00,Chicago,IL,0
TXN-000629,7291000628,Merchant_personal_care_25,personal_care,291.66,2024-09-20 17:13:00,Chicago,IL,0
TXN-000630,6407000629,Merchant_shopping_pos_18,shopping_pos,679.92,2024-09-21 00:11:00,Columbus,OH,1
TXN-000631,3341000630,Merchant_gas_transport_45,gas_transport,121.89,2024-09-22 15:38:00,Los Angeles,CA,0
TXN-000632,2141000631,Merchant_health_fitness_37,health_fitness,292.46,2024-09-23 20:54:00,Miami,FL,0
TXN-000633,3999000632,Merchant_misc_pos_12,misc_pos,235.04,2024-09-24 20:47:00,Los Angeles,CA,0
TXN-000634,4386000633,Merchant_food_dining_47,food_dining,291.53,2024-09-25 13:21:00,Charlotte,NC,0
TXN-000635,2758000634,Merchant_home_46,home,285.65,2024-09-26 15:52:00,New York,NY,0
TXN-000636,4773000635,Merchant_home_39,home,145.69,2024-09-27 20:24:00,Philadelphia,PA,0
TXN-000637,4960000636,Merchant_personal_care_46,personal_care,245.47,2024-09-28 17:57:00,New York,NY,0
TXN-000638,8201000637,Merchant_entertainment_10,entertainment,361.62,2024-09-29 16:00:00,Miami,FL,0
TXN-000639,5983000638,Merchant_shopping_pos_5,shopping_pos,364.55,2024-09-30 04:17:00,Atlanta,GA,1
TXN-000640,3910000639,Merchant_entertainment_9,entertainment,309.07,2024-10-01 08:18:00,Philadelphia,PA,0
TXN-000641,4041000640,Merchant_grocery_pos_37,grocery_pos,262.53,2024-10-02 02:40:00,New York,NY,1
TXN-000642,3301000641,Merchant_health_fitness_49,health_fitness,235.51,2024-10-03 15:54:00,Houston,TX,0
TXN-000643,1834000642,Merchant_kids_pets_30,kids_pets,331.41,2024-10-04 10:52:00,Philadelphia,PA,0
TXN-000644,6166000643,Merchant_misc_pos_26,misc_pos,210.62,2024-10-05 14:40:00,Miami,FL,0
TXN-000645,9761000644,Merchant_entertainment_13,entertainment,251.45,2024-10-06 19:18:00,Houston,TX,0
TXN-000646,3170000645,Merchant_gas_transport_13,gas_transport,89.82,2024-10-07 19:44:00,Columbus,OH,0
TXN-000647,3092000646,Merchant_shopping_pos_16,shopping_pos,8518.43,2024-10-08 02:11:00,Los Angeles,CA,1
TXN-000648,7047000647,Merchant_misc_net_39,misc_net,155.65,2024-10-09 10:23:00,Philadelphia,PA,0
TXN-000649,2821000648,Merchant_misc_pos_8,misc_pos,390.57,2024-10-10 16:53:00,Philadelphia,PA,0
TXN-000650,6329000649,Merchant_grocery_pos_10,grocery_pos,10505.13,2024-10-11 03:13:00,Philadelphia,PA,1
TXN-000651,9039000650,Merchant_kids_pets_34,kids_pets,34.83,2024-10-12 15:57:00,Houston,TX,0
TXN-000652,4526000651,Merchant_shopping_net_42,shopping_net,8322.75,2024-10-13 23:16:00,New York,NY,1
TXN-000653,5585000652,Merchant_gas_transport_11,gas_transport,303.35,2024-10-14 11:52:00,Chicago,IL,0
TXN-000654,4364000653,Merchant_shopping_net_33,shopping_net,13964.75,2024-10-15 00:57:00,Miami,FL,1
TXN-000655,8214000654,Merchant_entertainment_10,entertainment,251.46,2024-10-16 13:24:00,Charlotte,NC,0
TXN-000656,2025000655,Merchant_health_fitness_31,health_fitness,340.77,2024-10-17 16:02:00,Atlanta,GA,0
TXN-000657,5671000656,Merchant_food_dining_36,food_dining,362.05,2024-10-18 20:08:00,Charlotte,NC,0
TXN-000658,5031000657,Merchant_home_47,home,89.06,2024-10-19 16:26:00,Columbus,OH,0
TXN-000659,9827000658,Merchant_personal_care_42,personal_care,13.68,2024-10-20 10:08:00,Columbus,OH,0
TXN-000660,3701000659,Merchant_travel_49,travel,239.28,2024-10-21 11:53:00,New York,NY,0
TXN-000661,4015000660,Merchant_gas_transport_42,gas_transport,162.12,2024-10-22 12:39:00,Los Angeles,CA,0
TXN-000662,9758000661,Merchant_shopping_net_37,shopping_net,6715.2,2024-10-23 23:08:00,Los Angeles,CA,1
TXN-000663,3133000662,Merchant_shopping_pos_4,shopping_pos,244.82,2024-10-24 16:13:00,Seattle,WA,0
TXN-000664,6165000663,Merchant_home_7,home,341.51,2024-10-25 08:09:00,Houston,TX,0
TXN-000665,8051000664,Merchant_shopping_pos_17,shopping_pos,5003.42,2024-10-26 03:55:00,Charlotte,NC,1
TXN-000666,3411000665,Merchant_misc_pos_21,misc_pos,368.75,2024-10-27 12:11:00,New York,NY,0
TXN-000667,2465000666,Merchant_misc_pos_2,misc_pos,280.75,2024-10-28 09:09:00,Charlotte,NC,0
TXN-000668,3077000667,Merchant_gas_transport_27,gas_transport,263.94,2024-10-29 20:08:00,Atlanta,GA,0
TXN-000669,6470000668,Merchant_travel_45,travel,369.93,2024-10-30 10:18:00,New York,NY,0
TXN-000670,9327000669,Merchant_misc_pos_16,misc_pos,48.54,2024-10-31 19:58:00,Los Angeles,CA,0
TXN-000671,1532000670,Merchant_grocery_pos_2,grocery_pos,5906.69,2024-11-01 22:52:00,Miami,FL,1
TXN-000672,4280000671,Merchant_shopping_net_2,shopping_net,397.87,2024-11-02 20:16:00,Miami,FL,0
TXN-000673,2392000672,Merchant_health_fitness_39,health_fitness,71.25,2024-11-03 20:28:00,Miami,FL,0
TXN-000674,1470000673,Merchant_misc_pos_26,misc_pos,159.55,2024-11-04 08:02:00,Seattle,WA,0
TXN-000675,7574000674,Merchant_health_fitness_30,health_fitness,59.66,2024-11-05 13:47:00,New York,NY,0
TXN-000676,7900000675,Merchant_grocery_pos_30,grocery_pos,3407.17,2024-11-06 04:31:00,New York,NY,1
TXN-000677,6106000676,Merchant_health_fitness_25,health_fitness,305.0,2024-11-07 11:00:00,Atlanta,GA,0
TXN-000678,9455000677,Merchant_grocery_pos_46,grocery_pos,670.63,2024-11-08 02:24:00,Charlotte,NC,1
TXN-000679,9406000678,Merchant_food_dining_48,food_dining,385.99,2024-11-09 16:35:00,Houston,TX,0
TXN-000680,4143000679,Merchant_personal_care_43,personal_care,293.83,2024-11-10 10:48:00,Charlotte,NC,0
TXN-000681,7534000680,Merchant_grocery_pos_44,grocery_pos,781.08,2024-11-11 03:42:00,Miami,FL,1
TXN-000682,4801000681,Merchant_health_fitness_42,health_fitness,151.73,2024-11-12 11:50:00,Miami,FL,0
TXN-000683,3892000682,Merchant_shopping_pos_26,shopping_pos,370.65,2024-11-13 17:46:00,Los Angeles,CA,0
TXN-000684,4539000683,Merchant_entertainment_6,entertainment,239.32,2024-11-14 14:25:00,Chicago,IL,0
TXN-000685,2508000684,Merchant_personal_care_8,personal_care,46.75,2024-11-15 14:37:00,Chicago,IL,0
TXN-000686,3247000685,Merchant_shopping_pos_49,shopping_pos,5565.69,2024-11-16 03:43:00,Atlanta,GA,1
TXN-000687,5131000686,Merchant_shopping_pos_37,shopping_pos,379.91,2024-11-17 17:06:00,New York,NY,0
TXN-000688,7062000687,Merchant_shopping_pos_3,shopping_pos,6518.38,2024-11-18 00:50:00,New York,NY,1
TXN-000689,4100000688,Merchant_shopping_pos_49,shopping_pos,5.95,2024-11-19 11:06:00,Chicago,IL,0
TXN-000690,2972000689,Merchant_food_dining_29,food_dining,160.28,2024-11-20 17:55:00,Los Angeles,CA,0
TXN-000691,2074000690,Merchant_entertainment_23,entertainment,302.18,2024-11-21 14:49:00,New York,NY,0
TXN-000692,9732000691,Merchant_shopping_net_41,shopping_net,5875.7,2024-11-22 23:05:00,Atlanta,GA,1
TXN-000693,1279000692,Merchant_home_9,home,129.88,2024-11-23 19:19:00,Charlotte,NC,0
TXN-000694,5924000693,Merchant_shopping_pos_18,shopping_pos,85.87,2024-11-24 12:29:00,Seattle,WA,0
TXN-000695,3752000694,Merchant_misc_net_38,misc_net,348.78,2024-11-25 19:43:00,New York,NY,0
TXN-000696,5896000695,Merchant_personal_care_46,personal_care,19.43,2024-11-26 13:01:00,Charlotte,NC,0
TXN-000697,2927000696,Merchant_misc_net_42,misc_net,13070.54,2024-11-27 00:44:00,Seattle,WA,1
TXN-000698,5280000697,Merchant_grocery_pos_15,grocery_pos,12119.69,2024-11-28 23:45:00,Columbus,OH,1
TXN-000699,6260000698,Merchant_shopping_net_9,shopping_net,1664.06,2024-11-29 01:41:00,New York,NY,1
TXN-000700,8451000699,Merchant_entertainment_19,entertainment,275.55,2024-11-30 10:17:00,Seattle,WA,0
TXN-000701,7600000700,Merchant_misc_net_24,misc_net,163.11,2024-12-01 09:24:00,Los Angeles,CA,0
TXN-000702,7045000701,Merchant_gas_transport_46,gas_transport,228.78,2024-12-02 10:19:00,Atlanta,GA,0
TXN-000703,5595000702,Merchant_shopping_net_15,shopping_net,333.63,2024-12-03 12:12:00,Houston,TX,0
TXN-000704,1208000703,Merchant_shopping_net_1,shopping_net,60.64,2024-12-04 16:11:00,Charlotte,NC,0
TXN-000705,8942000704,Merchant_gas_transport_36,gas_transport,362.05,2024-12-05 08:24:00,Los Angeles,CA,0
TXN-000706,5728000705,Merchant_home_32,home,83.85,2024-12-06 18:30:00,Atlanta,GA,0
TXN-000707,2039000706,Merchant_travel_21,travel,271.49,2024-12-07 18:49:00,New York,NY,0
TXN-000708,2545000707,Merchant_grocery_pos_35,grocery_pos,68.47,2024-12-08 19:47:00,Atlanta,GA,0
TXN-000709,5982000708,Merchant_shopping_pos_44,shopping_pos,5906.93,2024-12-09 05:22:00,Chicago,IL,1
TXN-000710,7811000709,Merchant_shopping_pos_27,shopping_pos,52.25,2024-12-10 20:18:00,Charlotte,NC,0
TXN-000711,4796000710,Merchant_grocery_pos_21,grocery_pos,51.23,2024-12-11 12:19:00,Atlanta,GA,0
TXN-000712,6720000711,Merchant_shopping_net_27,shopping_net,353.95,2024-12-12 22:15:00,Miami,FL,1
TXN-000713,8526000712,Merchant_travel_21,travel,290.65,2024-12-13 15:11:00,Los Angeles,CA,0
TXN-000714,5469000713,Merchant_entertainment_7,entertainment,172.07,2024-12-14 13:39:00,Seattle,WA,0
TXN-000715,2546000714,Merchant_shopping_net_17,shopping_net,284.48,2024-12-15 22:35:00,Chicago,IL,1
TXN-000716,6243000715,Merchant_grocery_pos_28,grocery_pos,389.47,2024-12-16 13:18:00,Los Angeles,CA,0
TXN-000717,7021000716,Merchant_home_6,home,228.55,2024-12-17 13:04:00,Seattle,WA,0
TXN-000718,7311000717,Merchant_home_21,home,181.85,2024-12-18 13:04:00,Houston,TX,0
TXN-000719,5925000718,Merchant_misc_pos_36,misc_pos,218.33,2024-12-19 08:39:00,Houston,TX,0
TXN-000720,8160000719,Merchant_shopping_pos_22,shopping_pos,393.14,2024-12-20 17:52:00,Los Angeles,CA,0
TXN-000721,6293000720,Merchant_misc_net_26,misc_net,71.93,2024-12-21 14:39:00,Miami,FL,0
TXN-000722,8426000721,Merchant_misc_pos_15,misc_pos,373.3,2024-12-22 18:57:00,Houston,TX,0
TXN-000723,8920000722,Merchant_misc_net_34,misc_net,286.47,2024-12-23 10:50:00,Los Angeles,CA,0
TXN-000724,5500000723,Merchant_shopping_net_18,shopping_net,275.87,2024-12-24 16:08:00,Chicago,IL,0
TXN-000725,1799000724,Merchant_home_15,home,121.28,2024-12-25 16:17:00,Houston,TX,0
TXN-000726,8710000725,Merchant_home_9,home,377.54,2024-12-26 18:54:00,New York,NY,0
TXN-000727,3520000726,Merchant_personal_care_1,personal_care,41.94,2024-12-27 12:13:00,Chicago,IL,0
TXN-000728,9699000727,Merchant_kids_pets_8,kids_pets,264.05,2024-12-28 18:38:00,Los Angeles,CA,0
TXN-000729,8109000728,Merchant_misc_pos_28,misc_pos,222.83,2024-12-29 12:31:00,Charlotte,NC,0
TXN-000730,6330000729,Merchant_shopping_pos_9,shopping_pos,385.82,2024-12-30 11:34:00,Chicago,IL,0
TXN-000731,6806000730,Merchant_shopping_net_42,shopping_net,711.66,2024-01-01 00:26:00,Charlotte,NC,1
TXN-000732,4783000731,Merchant_personal_care_20,personal_care,314.69,2024-01-02 17:16:00,Philadelphia,PA,0
TXN-000733,2549000732,Merchant_shopping_net_36,shopping_net,375.33,2024-01-03 18:11:00,Charlotte,NC,0
TXN-000734,3893000733,Merchant_misc_pos_23,misc_pos,126.58,2024-01-04 17:00:00,Seattle,WA,0
TXN-000735,1198000734,Merchant_grocery_pos_7,grocery_pos,346.17,2024-01-05 13:45:00,Chicago,IL,0
TXN-000736,8129000735,Merchant_grocery_pos_49,grocery_pos,2101.02,2024-01-06 03:19:00,Columbus,OH,1
TXN-000737,2376000736,Merchant_travel_14,travel,40.92,2024-01-07 20:57:00,Los Angeles,CA,0
TXN-000738,9568000737,Merchant_misc_net_15,misc_net,109.2,2024-01-08 05:18:00,Philadelphia,PA,1
TXN-000739,5962000738,Merchant_shopping_pos_2,shopping_pos,264.01,2024-01-09 19:41:00,Miami,FL,0
TXN-000740,6924000739,Merchant_food_dining_18,food_dining,263.93,2024-01-10 19:32:00,Los Angeles,CA,0
TXN-000741,5532000740,Merchant_kids_pets_2,kids_pets,263.03,2024-01-11 18:34:00,Houston,TX,0
TXN-000742,5701000741,Merchant_misc_net_38,misc_net,203.74,2024-01-12 13:40:00,Houston,TX,0
TXN-000743,8216000742,Merchant_personal_care_40,personal_care,182.01,2024-01-13 12:13:00,Los Angeles,CA,0
TXN-000744,3546000743,Merchant_home_20,home,15.1,2024-01-14 13:09:00,Atlanta,GA,0
TXN-000745,5043000744,Merchant_grocery_pos_3,grocery_pos,318.46,2024-01-15 11:26:00,Los Angeles,CA,0
TXN-000746,2568000745,Merchant_grocery_pos_29,grocery_pos,778.64,2024-01-16 02:49:00,Philadelphia,PA,1
TXN-000747,7962000746,Merchant_travel_35,travel,222.51,2024-01-17 18:22:00,Chicago,IL,0
TXN-000748,1570000747,Merchant_entertainment_15,entertainment,377.08,2024-01-18 18:45:00,Columbus,OH,0
TXN-000749,2863000748,Merchant_misc_net_27,misc_net,284.96,2024-01-19 18:20:00,Miami,FL,0
TXN-000750,8987000749,Merchant_misc_net_44,misc_net,164.66,2024-01-20 20:00:00,New York,NY,0
TXN-000751,2435000750,Merchant_home_8,home,213.07,2024-01-21 15:00:00,New York,NY,0
TXN-000752,1054000751,Merchant_food_dining_46,food_dining,224.88,2024-01-22 19:21:00,Atlanta,GA,0
TXN-000753,2457000752,Merchant_entertainment_44,entertainment,312.16,2024-01-23 08:46:00,Columbus,OH,0
TXN-000754,3514000753,Merchant_shopping_pos_15,shopping_pos,274.03,2024-01-24 15:20:00,Houston,TX,0
TXN-000755,9515000754,Merchant_food_dining_26,food_dining,99.9,2024-01-25 15:14:00,Miami,FL,0
TXN-000756,5758000755,Merchant_shopping_pos_39,shopping_pos,118.78,2024-01-26 19:16:00,Charlotte,NC,0
TXN-000757,4545000756,Merchant_personal_care_1,personal_care,384.21,2024-01-27 14:33:00,Philadelphia,PA,0
TXN-000758,5953000757,Merchant_shopping_net_2,shopping_net,2860.76,2024-01-28 22:58:00,Chicago,IL,1
TXN-000759,4290000758,Merchant_personal_care_37,personal_care,248.91,2024-01-29 09:14:00,Houston,TX,0
TXN-000760,2225000759,Merchant_shopping_net_3,shopping_net,169.09,2024-01-30 20:21:00,Miami,FL,0
TXN-000761,7253000760,Merchant_misc_pos_47,misc_pos,329.24,2024-01-31 18:14:00,Seattle,WA,0
TXN-000762,6777000761,Merchant_shopping_net_21,shopping_net,109.56,2024-02-01 17:35:00,Seattle,WA,0
TXN-000763,9389000762,Merchant_misc_pos_1,misc_pos,82.77,2024-02-02 08:57:00,New York,NY,0
TXN-000764,2002000763,Merchant_shopping_net_13,shopping_net,96.12,2024-02-03 17:47:00,Los Angeles,CA,0
TXN-000765,3313000764,Merchant_food_dining_4,food_dining,49.31,2024-02-04 20:08:00,Chicago,IL,0
TXN-000766,3826000765,Merchant_grocery_pos_48,grocery_pos,7.95,2024-02-05 10:16:00,Columbus,OH,0
TXN-000767,5538000766,Merchant_grocery_pos_43,grocery_pos,140.05,2024-02-06 20:31:00,New York,NY,0
TXN-000768,7691000767,Merchant_personal_care_37,personal_care,222.68,2024-02-07 17:54:00,Chicago,IL,0
TXN-000769,6846000768,Merchant_health_fitness_13,health_fitness,245.38,2024-02-08 16:21:00,New York,NY,0
TXN-000770,2310000769,Merchant_shopping_net_18,shopping_net,11980.74,2024-02-09 04:47:00,Houston,TX,1
TXN-000771,3699000770,Merchant_misc_pos_45,misc_pos,296.12,2024-02-10 16:27:00,Atlanta,GA,0
TXN-000772,3194000771,Merchant_gas_transport_47,gas_transport,125.36,2024-02-11 19:25:00,Houston,TX,0
TXN-000773,4739000772,Merchant_gas_transport_23,gas_transport,102.57,2024-02-12 19:32:00,Houston,TX,0
TXN-000774,5096000773,Merchant_shopping_pos_41,shopping_pos,359.73,2024-02-13 12:54:00,Charlotte,NC,0
TXN-000775,6650000774,Merchant_home_36,home,318.65,2024-02-14 17:20:00,New York,NY,0
TXN-000776,4601000775,Merchant_misc_net_22,misc_net,321.99,2024-02-15 20:29:00,New York,NY,0
TXN-000777,1203000776,Merchant_home_32,home,212.21,2024-02-16 20:40:00,Charlotte,NC,0
TXN-000778,2411000777,Merchant_misc_net_23,misc_net,250.58,2024-02-17 11:00:00,Seattle,WA,0
TXN-000779,5808000778,Merchant_shopping_net_15,shopping_net,147.83,2024-02-18 15:18:00,Los Angeles,CA,0
TXN-000780,4256000779,Merchant_gas_transport_24,gas_transport,340.13,2024-02-19 08:34:00,Chicago,IL,0
TXN-000781,6735000780,Merchant_shopping_pos_2,shopping_pos,7549.57,2024-02-20 01:56:00,Seattle,WA,1
TXN-000782,8842000781,Merchant_health_fitness_18,health_fitness,22.19,2024-02-21 14:22:00,Houston,TX,0
TXN-000783,6940000782,Merchant_shopping_pos_41,shopping_pos,629.62,2024-02-22 03:58:00,Seattle,WA,1
TXN-000784,4694000783,Merchant_gas_transport_43,gas_transport,173.63,2024-02-23 16:03:00,Atlanta,GA,0
TXN-000785,3690000784,Merchant_travel_18,travel,24.98,2024-02-24 14:11:00,Houston,TX,0
TXN-000786,4769000785,Merchant_personal_care_48,personal_care,266.57,2024-02-25 20:38:00,Philadelphia,PA,0
TXN-000787,3342000786,Merchant_travel_43,travel,299.36,2024-02-26 10:38:00,Chicago,IL,0
TXN-000788,7562000787,Merchant_kids_pets_35,kids_pets,66.03,2024-02-27 10:10:00,Charlotte,NC,0
TXN-000789,6703000788,Merchant_shopping_pos_38,shopping_pos,136.28,2024-02-28 23:56:00,Los Angeles,CA,1
TXN-000790,7538000789,Merchant_misc_net_5,misc_net,3081.56,2024-02-29 22:51:00,Miami,FL,1
TXN-000791,2764000790,Merchant_home_32,home,242.41,2024-03-01 20:07:00,Columbus,OH,0
TXN-000792,3720000791,Merchant_misc_net_31,misc_net,1214.67,2024-03-02 23:50:00,Philadelphia,PA,1
TXN-000793,8781000792,Merchant_gas_transport_12,gas_transport,167.4,2024-03-03 19:48:00,Houston,TX,0
TXN-000794,1046000793,Merchant_shopping_pos_46,shopping_pos,209.21,2024-03-04 14:22:00,Charlotte,NC,0
TXN-000795,5308000794,Merchant_health_fitness_32,health_fitness,47.59,2024-03-05 16:04:00,New York,NY,0
TXN-000796,5833000795,Merchant_health_fitness_9,health_fitness,159.99,2024-03-06 11:00:00,Chicago,IL,0
TXN-000797,9905000796,Merchant_travel_11,travel,117.41,2024-03-07 08:30:00,Miami,FL,0
TXN-000798,3892000797,Merchant_misc_net_48,misc_net,131.16,2024-03-08 08:12:00,Chicago,IL,0
TXN-000799,3229000798,Merchant_food_dining_21,food_dining,275.49,2024-03-09 12:07:00,Charlotte,NC,0
TXN-000800,3900000799,Merchant_misc_net_30,misc_net,259.72,2024-03-10 13:17:00,Columbus,OH,0
TXN-000801,2076000800,Merchant_kids_pets_11,kids_pets,391.97,2024-03-11 20:24:00,Columbus,OH,0
TXN-000802,2680000801,Merchant_shopping_pos_33,shopping_pos,87.15,2024-03-12 12:08:00,Houston,TX,0
TXN-000803,4830000802,Merchant_grocery_pos_16,grocery_pos,227.71,2024-03-13 14:49:00,Charlotte,NC,0
TXN-000804,9928000803,Merchant_entertainment_17,entertainment,115.06,2024-03-14 11:54:00,Chicago,IL,0
TXN-000805,5111000804,Merchant_shopping_pos_25,shopping_pos,542.41,2024-03-15 05:24:00,Atlanta,GA,1
TXN-000806,9002000805,Merchant_kids_pets_5,kids_pets,240.8,2024-03-16 16:14:00,Atlanta,GA,0
TXN-000807,9868000806,Merchant_grocery_pos_23,grocery_pos,143.09,2024-03-17 08:35:00,Atlanta,GA,0
TXN-000808,7996000807,Merchant_misc_net_12,misc_net,596.73,2024-03-18 01:02:00,Atlanta,GA,1
TXN-000809,7242000808,Merchant_grocery_pos_10,grocery_pos,311.6,2024-03-19 16:39:00,Chicago,IL,0
TXN-000810,7991000809,Merchant_gas_transport_16,gas_transport,245.25,2024-03-20 09:36:00,Atlanta,GA,0
TXN-000811,2146000810,Merchant_food_dining_20,food_dining,102.26,2024-03-21 19:43:00,Charlotte,NC,0
TXN-000812,1287000811,Merchant_shopping_pos_5,shopping_pos,106.34,2024-03-22 18:09:00,Miami,FL,0
TXN-000813,1102000812,Merchant_grocery_pos_33,grocery_pos,5236.18,2024-03-23 04:11:00,Seattle,WA,1
TXN-000814,5406000813,Merchant_food_dining_11,food_dining,318.09,2024-03-24 08:34:00,New York,NY,0
TXN-000815,2487000814,Merchant_shopping_net_12,shopping_net,146.61,2024-03-25 09:31:00,Miami,FL,0
TXN-000816,5945000815,Merchant_misc_net_25,misc_net,114.14,2024-03-26 09:13:00,Columbus,OH,0
TXN-000817,5300000816,Merchant_shopping_net_7,shopping_net,140.75,2024-03-27 10:20:00,Atlanta,GA,0
TXN-000818,1349000817,Merchant_grocery_pos_30,grocery_pos,55.81,2024-03-28 13:33:00,Houston,TX,0
TXN-000819,2181000818,Merchant_grocery_pos_19,grocery_pos,10922.63,2024-03-29 00:27:00,Seattle,WA,1
TXN-000820,1035000819,Merchant_kids_pets_35,kids_pets,287.69,2024-03-30 18:22:00,Philadelphia,PA,0
TXN-000821,1505000820,Merchant_travel_5,travel,82.04,2024-03-31 08:34:00,New York,NY,0
TXN-000822,8223000821,Merchant_grocery_pos_15,grocery_pos,20.65,2024-04-01 14:27:00,Los Angeles,CA,0
TXN-000823,7755000822,Merchant_shopping_net_34,shopping_net,292.54,2024-04-02 14:17:00,Miami,FL,0
TXN-000824,9911000823,Merchant_gas_transport_34,gas_transport,370.52,2024-04-03 14:51:00,Atlanta,GA,0
TXN-000825,4268000824,Merchant_personal_care_6,personal_care,54.72,2024-04-04 12:56:00,Miami,FL,0
TXN-000826,4405000825,Merchant_health_fitness_37,health_fitness,214.75,2024-04-05 10:34:00,Philadelphia,PA,0
TXN-000827,3465000826,Merchant_travel_37,travel,306.46,2024-04-06 14:04:00,Philadelphia,PA,0
TXN-000828,8063000827,Merchant_gas_transport_39,gas_transport,137.39,2024-04-07 14:02:00,Seattle,WA,0
TXN-000829,6939000828,Merchant_misc_net_33,misc_net,8.36,2024-04-08 16:42:00,Miami,FL,0
TXN-000830,6105000829,Merchant_shopping_net_36,shopping_net,291.17,2024-04-09 10:50:00,Los Angeles,CA,0
TXN-000831,8007000830,Merchant_grocery_pos_39,grocery_pos,12920.6,2024-04-10 03:00:00,Philadelphia,PA,1
TXN-000832,8100000831,Merchant_shopping_net_11,shopping_net,6501.76,2024-04-11 22:47:00,Philadelphia,PA,1
TXN-000833,3429000832,Merchant_shopping_net_25,shopping_net,228.52,2024-04-12 04:11:00,Chicago,IL,1
TXN-000834,2737000833,Merchant_shopping_pos_45,shopping_pos,160.05,2024-04-13 10:12:00,Seattle,WA,0
TXN-000835,3429000834,Merchant_travel_8,travel,45.14,2024-04-14 15:48:00,Columbus,OH,0
TXN-000836,8180000835,Merchant_misc_net_46,misc_net,6611.21,2024-04-15 23:06:00,Atlanta,GA,1
TXN-000837,1711000836,Merchant_entertainment_47,entertainment,228.2,2024-04-16 20:36:00,New York,NY,0
TXN-000838,7771000837,Merchant_shopping_pos_4,shopping_pos,10348.91,2024-04-17 00:29:00,Atlanta,GA,1
TXN-000839,5034000838,Merchant_travel_8,travel,75.95,2024-04-18 16:29:00,Charlotte,NC,0
TXN-000840,3135000839,Merchant_shopping_net_15,shopping_net,347.21,2024-04-19 18:00:00,Columbus,OH,0
TXN-000841,9623000840,Merchant_grocery_pos_7,grocery_pos,67.06,2024-04-20 15:33:00,Chicago,IL,0
TXN-000842,3079000841,Merchant_home_12,home,292.02,2024-04-21 11:08:00,Seattle,WA,0
TXN-000843,3955000842,Merchant_home_43,home,265.41,2024-04-22 16:25:00,Houston,TX,0
TXN-000844,8694000843,Merchant_entertainment_9,entertainment,354.72,2024-04-23 18:13:00,Atlanta,GA,0
TXN-000845,6034000844,Merchant_health_fitness_19,health_fitness,299.01,2024-04-24 12:34:00,Houston,TX,0
TXN-000846,6401000845,Merchant_entertainment_17,entertainment,193.58,2024-04-25 15:34:00,Miami,FL,0
TXN-000847,2598000846,Merchant_shopping_pos_47,shopping_pos,166.49,2024-04-26 09:09:00,Houston,TX,0
TXN-000848,8036000847,Merchant_shopping_net_10,shopping_net,209.37,2024-04-27 02:23:00,Miami,FL,1
TXN-000849,9184000848,Merchant_shopping_net_46,shopping_net,641.39,2024-04-28 22:15:00,Miami,FL,1
TXN-000850,9928000849,Merchant_misc_net_17,misc_net,330.09,2024-04-29 19:22:00,Los Angeles,CA,0
TXN-000851,9538000850,Merchant_food_dining_18,food_dining,385.22,2024-04-30 15:34:00,Columbus,OH,0
TXN-000852,8131000851,Merchant_entertainment_11,entertainment,346.06,2024-05-01 12:32:00,Chicago,IL,0
TXN-000853,4457000852,Merchant_health_fitness_5,health_fitness,359.03,2024-05-02 18:03:00,Charlotte,NC,0
TXN-000854,7639000853,Merchant_health_fitness_49,health_fitness,257.82,2024-05-03 13:44:00,New York,NY,0
TXN-000855,7491000854,Merchant_food_dining_26,food_dining,350.96,2024-05-04 19:02:00,Atlanta,GA,0
TXN-000856,9552000855,Merchant_gas_transport_1,gas_transport,75.56,2024-05-05 20:42:00,New York,NY,0
TXN-000857,6111000856,Merchant_shopping_net_42,shopping_net,1807.86,2024-05-06 00:33:00,Seattle,WA,1
TXN-000858,6832000857,Merchant_home_14,home,37.24,2024-05-07 13:33:00,Chicago,IL,0
TXN-000859,2611000858,Merchant_shopping_pos_20,shopping_pos,570.83,2024-05-08 23:01:00,Chicago,IL,1
TXN-000860,6391000859,Merchant_personal_care_17,personal_care,63.21,2024-05-09 09:52:00,Atlanta,GA,0
TXN-000861,8283000860,Merchant_misc_net_11,misc_net,240.77,2024-05-10 18:40:00,Philadelphia,PA,0
TXN-000862,9787000861,Merchant_personal_care_14,personal_care,319.94,2024-05-11 15:10:00,Miami,FL,0
TXN-000863,2218000862,Merchant_health_fitness_36,health_fitness,64.23,2024-05-12 13:15:00,Philadelphia,PA,0
TXN-000864,2657000863,Merchant_misc_pos_15,misc_pos,221.11,2024-05-13 15:35:00,New York,NY,0
TXN-000865,3278000864,Merchant_grocery_pos_16,grocery_pos,382.92,2024-05-14 19:56:00,Houston,TX,0
TXN-000866,4486000865,Merchant_health_fitness_48,health_fitness,89.5,2024-05-15 10:46:00,Miami,FL,0
TXN-000867,1607000866,Merchant_grocery_pos_25,grocery_pos,240.4,2024-05-16 19:01:00,Charlotte,NC,0
TXN-000868,4631000867,Merchant_grocery_pos_25,grocery_pos,354.66,2024-05-17 03:27:00,New York,NY,1
TXN-000869,8871000868,Merchant_misc_net_14,misc_net,222.03,2024-05-18 16:09:00,Miami,FL,0
TXN-000870,1203000869,Merchant_misc_net_40,misc_net,310.73,2024-05-19 08:22:00,Chicago,IL,0
TXN-000871,2547000870,Merchant_grocery_pos_17,grocery_pos,10511.01,2024-05-20 02:35:00,Philadelphia,PA,1
TXN-000872,9435000871,Merchant_shopping_net_40,shopping_net,290.15,2024-05-21 14:16:00,Chicago,IL,0
TXN-000873,5496000872,Merchant_travel_39,travel,14.75,2024-05-22 16:08:00,Charlotte,NC,0
TXN-000874,7991000873,Merchant_shopping_net_27,shopping_net,498.88,2024-05-23 01:48:00,Columbus,OH,1
TXN-000875,7356000874,Merchant_home_35,home,314.52,2024-05-24 08:04:00,Columbus,OH,0
TXN-000876,4541000875,Merchant_health_fitness_26,health_fitness,101.67,2024-05-25 17:11:00,Columbus,OH,0
TXN-000877,3724000876,Merchant_misc_pos_47,misc_pos,99.36,2024-05-26 09:33:00,New York,NY,0
TXN-000878,2698000877,Merchant_kids_pets_21,kids_pets,74.14,2024-05-27 12:05:00,Chicago,IL,0
TXN-000879,4099000878,Merchant_grocery_pos_17,grocery_pos,314.64,2024-05-28 19:41:00,Seattle,WA,0
TXN-000880,4660000879,Merchant_misc_pos_4,misc_pos,99.37,2024-05-29 20:53:00,Houston,TX,0
TXN-000881,3111000880,Merchant_personal_care_42,personal_care,179.94,2024-05-30 18:41:00,New York,NY,0
TXN-000882,6585000881,Merchant_misc_net_37,misc_net,202.78,2024-05-31 12:15:00,New York,NY,0
TXN-000883,3375000882,Merchant_home_35,home,175.37,2024-06-01 13:57:00,Columbus,OH,0
TXN-000884,8806000883,Merchant_kids_pets_45,kids_pets,91.69,2024-06-02 14:11:00,Atlanta,GA,0
TXN-000885,7724000884,Merchant_home_14,home,167.06,2024-06-03 17:39:00,Houston,TX,0
TXN-000886,4962000885,Merchant_misc_net_31,misc_net,141.07,2024-06-04 08:40:00,Columbus,OH,0
TXN-000887,9664000886,Merchant_kids_pets_41,kids_pets,300.75,2024-06-05 14:42:00,Atlanta,GA,0
TXN-000888,6494000887,Merchant_misc_pos_41,misc_pos,143.49,2024-06-06 12:51:00,Philadelphia,PA,0
TXN-000889,9652000888,Merchant_misc_pos_31,misc_pos,60.83,2024-06-07 11:31:00,Charlotte,NC,0
TXN-000890,2960000889,Merchant_misc_pos_43,misc_pos,383.61,2024-06-08 18:55:00,Philadelphia,PA,0
TXN-000891,9401000890,Merchant_kids_pets_33,kids_pets,177.72,2024-06-09 08:17:00,New York,NY,0
TXN-000892,1620000891,Merchant_home_13,home,51.29,2024-06-10 09:17:00,Columbus,OH,0
TXN-000893,7257000892,Merchant_misc_net_47,misc_net,315.44,2024-06-11 17:29:00,Miami,FL,0
TXN-000894,2420000893,Merchant_shopping_pos_12,shopping_pos,7005.12,2024-06-12 00:25:00,Chicago,IL,1
TXN-000895,3966000894,Merchant_misc_net_9,misc_net,202.95,2024-06-13 11:28:00,Atlanta,GA,0
TXN-000896,4348000895,Merchant_food_dining_11,food_dining,192.52,2024-06-14 20:42:00,Atlanta,GA,0
TXN-000897,1021000896,Merchant_personal_care_32,personal_care,261.97,2024-06-15 16:33:00,Chicago,IL,0
TXN-000898,4376000897,Merchant_misc_pos_14,misc_pos,101.29,2024-06-16 16:57:00,Charlotte,NC,0
TXN-000899,4317000898,Merchant_shopping_pos_8,shopping_pos,225.17,2024-06-17 17:38:00,New York,NY,0
TXN-000900,3873000899,Merchant_shopping_pos_36,shopping_pos,204.67,2024-06-18 10:24:00,Los Angeles,CA,0
TXN-000901,8792000900,Merchant_health_fitness_42,health_fitness,216.07,2024-06-19 19:28:00,Los Angeles,CA,0
TXN-000902,1508000901,Merchant_shopping_net_7,shopping_net,331.84,2024-06-20 13:49:00,Philadelphia,PA,0
TXN-000903,1284000902,Merchant_entertainment_10,entertainment,35.88,2024-06-21 11:04:00,Chicago,IL,0
TXN-000904,6625000903,Merchant_health_fitness_39,health_fitness,288.16,2024-06-22 19:17:00,Chicago,IL,0
TXN-000905,6747000904,Merchant_entertainment_47,entertainment,229.97,2024-06-23 14:19:00,Atlanta,GA,0
TXN-000906,3528000905,Merchant_grocery_pos_45,grocery_pos,11354.42,2024-06-24 04:29:00,Chicago,IL,1
TXN-000907,4478000906,Merchant_travel_8,travel,17.6,2024-06-25 20:06:00,Seattle,WA,0
TXN-000908,2271000907,Merchant_gas_transport_39,gas_transport,76.31,2024-06-26 19:48:00,Los Angeles,CA,0
TXN-000909,9399000908,Merchant_health_fitness_6,health_fitness,174.14,2024-06-27 12:48:00,New York,NY,0
TXN-000910,9755000909,Merchant_food_dining_39,food_dining,188.32,2024-06-28 18:06:00,Charlotte,NC,0
TXN-000911,3214000910,Merchant_shopping_net_2,shopping_net,350.1,2024-06-29 16:08:00,Chicago,IL,0
TXN-000912,1079000911,Merchant_food_dining_39,food_dining,16.74,2024-06-30 14:39:00,New York,NY,0
TXN-000913,5929000912,Merchant_shopping_net_43,shopping_net,51.73,2024-07-01 17:51:00,Miami,FL,0
TXN-000914,7156000913,Merchant_shopping_pos_4,shopping_pos,386.56,2024-07-02 23:50:00,Miami,FL,1
TXN-000915,9766000914,Merchant_entertainment_8,entertainment,123.2,2024-07-03 19:12:00,Houston,TX,0
TXN-000916,4526000915,Merchant_gas_transport_31,gas_transport,262.0,2024-07-04 18:05:00,Houston,TX,0
TXN-000917,3729000916,Merchant_food_dining_13,food_dining,327.4,2024-07-05 17:30:00,Columbus,OH,0
TXN-000918,7504000917,Merchant_misc_net_10,misc_net,7539.77,2024-07-06 05:48:00,New York,NY,1
TXN-000919,8442000918,Merchant_shopping_pos_46,shopping_pos,305.57,2024-07-07 14:01:00,Miami,FL,0
TXN-000920,4027000919,Merchant_shopping_pos_26,shopping_pos,36.26,2024-07-08 08:21:00,Chicago,IL,0
TXN-000921,8986000920,Merchant_home_16,home,162.32,2024-07-09 19:05:00,Seattle,WA,0
TXN-000922,9104000921,Merchant_shopping_pos_17,shopping_pos,119.1,2024-07-10 14:32:00,Philadelphia,PA,0
TXN-000923,1399000922,Merchant_health_fitness_45,health_fitness,147.39,2024-07-11 15:17:00,Charlotte,NC,0
TXN-000924,4283000923,Merchant_grocery_pos_35,grocery_pos,60.03,2024-07-12 09:41:00,Houston,TX,0
TXN-000925,1589000924,Merchant_travel_24,travel,126.5,2024-07-13 15:00:00,Seattle,WA,0
TXN-000926,9929000925,Merchant_gas_transport_33,gas_transport,166.43,2024-07-14 11:26:00,Los Angeles,CA,0
TXN-000927,6229000926,Merchant_entertainment_2,entertainment,40.23,2024-07-15 13:22:00,Atlanta,GA,0
TXN-000928,8525000927,Merchant_misc_net_18,misc_net,315.74,2024-07-16 19:16:00,New York,NY,0
TXN-000929,9953000928,Merchant_home_10,home,256.43,2024-07-17 20:12:00,Los Angeles,CA,0
TXN-000930,8712000929,Merchant_health_fitness_28,health_fitness,334.76,2024-07-18 08:54:00,Atlanta,GA,0
TXN-000931,2755000930,Merchant_shopping_net_19,shopping_net,11922.46,2024-07-19 05:18:00,New York,NY,1
TXN-000932,6364000931,Merchant_grocery_pos_35,grocery_pos,146.66,2024-07-20 15:19:00,Chicago,IL,0
TXN-000933,2945000932,Merchant_food_dining_4,food_dining,142.09,2024-07-21 16:38:00,New York,NY,0
TXN-000934,7671000933,Merchant_shopping_pos_28,shopping_pos,10314.68,2024-07-22 02:11:00,Columbus,OH,1
TXN-000935,1274000934,Merchant_misc_net_46,misc_net,10478.14,2024-07-23 01:44:00,Columbus,OH,1
TXN-000936,4245000935,Merchant_home_42,home,189.35,2024-07-24 12:34:00,Seattle,WA,0
TXN-000937,1221000936,Merchant_entertainment_1,entertainment,86.9,2024-07-25 09:52:00,Philadelphia,PA,0
TXN-000938,8378000937,Merchant_personal_care_2,personal_care,110.19,2024-07-26 09:35:00,Chicago,IL,0
TXN-000939,6958000938,Merchant_personal_care_2,personal_care,172.68,2024-07-27 14:54:00,New York,NY,0
TXN-000940,3003000939,Merchant_travel_5,travel,56.95,2024-07-28 15:56:00,New York,NY,0
TXN-000941,5154000940,Merchant_shopping_net_6,shopping_net,241.98,2024-07-29 10:48:00,Houston,TX,0
TXN-000942,9730000941,Merchant_gas_transport_19,gas_transport,224.87,2024-07-30 13:15:00,Houston,TX,0
TXN-000943,7449000942,Merchant_misc_net_29,misc_net,7465.37,2024-07-31 02:15:00,Miami,FL,1
TXN-000944,2813000943,Merchant_shopping_net_26,shopping_net,292.98,2024-08-01 17:20:00,Houston,TX,0
TXN-000945,4433000944,Merchant_misc_net_34,misc_net,325.41,2024-08-02 13:53:00,Seattle,WA,0
TXN-000946,5478000945,Merchant_entertainment_39,entertainment,149.09,2024-08-03 20:43:00,New York,NY,0
TXN-000947,8609000946,Merchant_kids_pets_8,kids_pets,176.3,2024-08-04 14:23:00,Atlanta,GA,0
TXN-000948,6566000947,Merchant_travel_40,travel,229.23,2024-08-05 10:58:00,Miami,FL,0
TXN-000949,9639000948,Merchant_personal_care_39,personal_care,245.63,2024-08-06 19:14:00,Atlanta,GA,0
TXN-000950,8738000949,Merchant_travel_24,travel,142.75,2024-08-07 19:08:00,Seattle,WA,0
TXN-000951,6491000950,Merchant_misc_net_20,misc_net,106.59,2024-08-08 20:20:00,Charlotte,NC,0
TXN-000952,1842000951,Merchant_travel_3,travel,261.58,2024-08-09 11:02:00,Chicago,IL,0
TXN-000953,6285000952,Merchant_kids_pets_2,kids_pets,170.83,2024-08-10 17:07:00,Houston,TX,0
TXN-000954,5463000953,Merchant_grocery_pos_40,grocery_pos,279.7,2024-08-11 08:06:00,Seattle,WA,0
TXN-000955,2312000954,Merchant_food_dining_30,food_dining,129.69,2024-08-12 16:55:00,Atlanta,GA,0
TXN-000956,3049000955,Merchant_travel_3,travel,377.87,2024-08-13 13:41:00,Chicago,IL,0
TXN-000957,7462000956,Merchant_food_dining_23,food_dining,24.69,2024-08-14 16:58:00,Seattle,WA,0
TXN-000958,4309000957,Merchant_travel_11,travel,183.35,2024-08-15 11:03:00,Chicago,IL,0
TXN-000959,4150000958,Merchant_misc_pos_34,misc_pos,141.5,2024-08-16 09:22:00,Miami,FL,0
TXN-000960,5229000959,Merchant_food_dining_3,food_dining,389.08,2024-08-17 14:43:00,Miami,FL,0
TXN-000961,1967000960,Merchant_shopping_net_15,shopping_net,187.32,2024-08-18 19:09:00,Charlotte,NC,0
TXN-000962,3927000961,Merchant_gas_transport_43,gas_transport,165.97,2024-08-19 10:02:00,Atlanta,GA,0
TXN-000963,6204000962,Merchant_misc_net_20,misc_net,273.07,2024-08-20 19:58:00,Los Angeles,CA,0
TXN-000964,6509000963,Merchant_food_dining_22,food_dining,161.92,2024-08-21 14:55:00,Charlotte,NC,0
TXN-000965,3727000964,Merchant_entertainment_14,entertainment,69.2,2024-08-22 09:42:00,Columbus,OH,0
TXN-000966,1222000965,Merchant_food_dining_13,food_dining,272.45,2024-08-23 10:24:00,Los Angeles,CA,0
TXN-000967,9976000966,Merchant_misc_net_6,misc_net,361.53,2024-08-24 10:56:00,Columbus,OH,0
TXN-000968,7959000967,Merchant_shopping_pos_17,shopping_pos,200.67,2024-08-25 14:34:00,Seattle,WA,0
TXN-000969,1898000968,Merchant_personal_care_31,personal_care,173.67,2024-08-26 08:36:00,Charlotte,NC,0
TXN-000970,7781000969,Merchant_shopping_net_7,shopping_net,393.61,2024-08-27 13:13:00,Chicago,IL,0
TXN-000971,6472000970,Merchant_misc_net_19,misc_net,299.69,2024-08-28 20:45:00,Seattle,WA,0
TXN-000972,5176000971,Merchant_kids_pets_6,kids_pets,265.34,2024-08-29 17:36:00,Miami,FL,0
TXN-000973,3326000972,Merchant_grocery_pos_35,grocery_pos,210.47,2024-08-30 11:37:00,Miami,FL,0
TXN-000974,3207000973,Merchant_shopping_net_14,shopping_net,474.05,2024-08-31 03:16:00,Atlanta,GA,1
TXN-000975,2462000974,Merchant_misc_net_27,misc_net,202.12,2024-09-01 11:27:00,Philadelphia,PA,0
TXN-000976,4170000975,Merchant_grocery_pos_2,grocery_pos,181.54,2024-09-02 20:18:00,Philadelphia,PA,0
TXN-000977,6631000976,Merchant_home_46,home,338.09,2024-09-03 08:57:00,Columbus,OH,0
TXN-000978,7705000977,Merchant_food_dining_1,food_dining,101.99,2024-09-04 13:13:00,Atlanta,GA,0
TXN-000979,2213000978,Merchant_misc_net_22,misc_net,155.42,2024-09-05 20:41:00,Seattle,WA,0
TXN-000980,7694000979,Merchant_grocery_pos_44,grocery_pos,7.51,2024-09-06 09:46:00,Miami,FL,0
TXN-000981,8056000980,Merchant_grocery_pos_36,grocery_pos,397.16,2024-09-07 20:00:00,Columbus,OH,0
TXN-000982,3949000981,Merchant_personal_care_4,personal_care,391.2,2024-09-08 10:52:00,Miami,FL,0
TXN-000983,8431000982,Merchant_shopping_pos_45,shopping_pos,1211.21,2024-09-09 02:57:00,Houston,TX,1
TXN-000984,8034000983,Merchant_misc_net_13,misc_net,311.15,2024-09-10 20:46:00,Philadelphia,PA,0
TXN-000985,8133000984,Merchant_gas_transport_40,gas_transport,31.04,2024-09-11 13:37:00,Seattle,WA,0
TXN-000986,2043000985,Merchant_gas_transport_12,gas_transport,364.19,2024-09-12 15:45:00,Miami,FL,0
TXN-000987,7148000986,Merchant_gas_transport_6,gas_transport,147.46,2024-09-13 11:12:00,Philadelphia,PA,0
TXN-000988,3658000987,Merchant_shopping_pos_45,shopping_pos,384.6,2024-09-14 18:00:00,Charlotte,NC,0
TXN-000989,3276000988,Merchant_shopping_net_48,shopping_net,16.44,2024-09-15 14:44:00,Miami,FL,0
TXN-000990,5237000989,Merchant_food_dining_47,food_dining,239.55,2024-09-16 12:28:00,Seattle,WA,0
TXN-000991,8456000990,Merchant_gas_transport_12,gas_transport,251.51,2024-09-17 12:10:00,Chicago,IL,0
TXN-000992,7343000991,Merchant_gas_transport_45,gas_transport,140.44,2024-09-18 11:34:00,Columbus,OH,0
TXN-000993,5852000992,Merchant_shopping_pos_10,shopping_pos,3535.3,2024-09-19 04:21:00,Charlotte,NC,1
TXN-000994,4868000993,Merchant_misc_pos_20,misc_pos,159.82,2024-09-20 19:35:00,Seattle,WA,0
TXN-000995,8650000994,Merchant_grocery_pos_20,grocery_pos,579.2,2024-09-21 05:12:00,Columbus,OH,1
TXN-000996,5227000995,Merchant_home_36,home,287.21,2024-09-22 09:12:00,Seattle,WA,0
TXN-000997,8851000996,Merchant_misc_net_13,misc_net,363.44,2024-09-23 19:17:00,Philadelphia,PA,0
TXN-000998,9292000997,Merchant_travel_6,travel,303.96,2024-09-24 08:54:00,Chicago,IL,0
TXN-000999,1405000998,Merchant_kids_pets_33,kids_pets,242.35,2024-09-25 16:01:00,Miami,FL,0
TXN-001000,3821000999,Merchant_shopping_net_49,shopping_net,23.33,2024-09-26 19:23:00,Chicago,IL,0
TXN-001001,9926001000,Merchant_misc_pos_22,misc_pos,380.15,2024-09-27 20:13:00,Charlotte,NC,0
TXN-001002,5391001001,Merchant_health_fitness_10,health_fitness,75.08,2024-09-28 14:11:00,Atlanta,GA,0
TXN-001003,6044001002,Merchant_grocery_pos_48,grocery_pos,349.65,2024-09-29 09:04:00,New York,NY,0
TXN-001004,4646001003,Merchant_health_fitness_6,health_fitness,36.41,2024-09-30 13:55:00,Los Angeles,CA,0
TXN-001005,1742001004,Merchant_grocery_pos_11,grocery_pos,282.85,2024-10-01 19:04:00,Seattle,WA,0
TXN-001006,1912001005,Merchant_shopping_net_36,shopping_net,159.96,2024-10-02 10:45:00,Philadelphia,PA,0
TXN-001007,1853001006,Merchant_grocery_pos_15,grocery_pos,262.66,2024-10-03 20:30:00,Chicago,IL,0
TXN-001008,3203001007,Merchant_home_42,home,150.52,2024-10-04 18:06:00,Seattle,WA,0
TXN-001009,5188001008,Merchant_personal_care_27,personal_care,10.28,2024-10-05 15:46:00,Columbus,OH,0
TXN-001010,4082001009,Merchant_home_46,home,371.58,2024-10-06 18:33:00,Seattle,WA,0
TXN-001011,6041001010,Merchant_grocery_pos_6,grocery_pos,94.6,2024-10-07 16:39:00,Charlotte,NC,0
TXN-001012,2545001011,Merchant_misc_net_11,misc_net,230.69,2024-10-08 11:45:00,Atlanta,GA,0
TXN-001013,4031001012,Merchant_kids_pets_47,kids_pets,355.33,2024-10-09 20:47:00,Columbus,OH,0
TXN-001014,7662001013,Merchant_misc_pos_8,misc_pos,42.72,2024-10-10 18:07:00,Columbus,OH,0
TXN-001015,7103001014,Merchant_health_fitness_48,health_fitness,58.58,2024-10-11 11:19:00,Atlanta,GA,0
TXN-001016,5684001015,Merchant_grocery_pos_47,grocery_pos,214.41,2024-10-12 14:27:00,Los Angeles,CA,0
TXN-001017,6409001016,Merchant_travel_3,travel,25.3,2024-10-13 08:51:00,Chicago,IL,0
TXN-001018,4405001017,Merchant_personal_care_2,personal_care,23.63,2024-10-14 16:57:00,New York,NY,0
TXN-001019,8453001018,Merchant_food_dining_21,food_dining,264.39,2024-10-15 15:09:00,Seattle,WA,0
TXN-001020,6206001019,Merchant_grocery_pos_32,grocery_pos,221.56,2024-10-16 13:00:00,New York,NY,0
TXN-001021,1038001020,Merchant_misc_pos_29,misc_pos,26.26,2024-10-17 12:49:00,Seattle,WA,0
TXN-001022,6671001021,Merchant_home_1,home,84.09,2024-10-18 18:42:00,Miami,FL,0
TXN-001023,8500001022,Merchant_shopping_net_48,shopping_net,162.86,2024-10-19 15:17:00,Los Angeles,CA,0
TXN-001024,7989001023,Merchant_misc_net_21,misc_net,13.98,2024-10-20 17:03:00,New York,NY,0
TXN-001025,7541001024,Merchant_home_12,home,142.07,2024-10-21 14:40:00,Seattle,WA,0
TXN-001026,9846001025,Merchant_shopping_net_4,shopping_net,127.68,2024-10-22 16:46:00,Los Angeles,CA,0
TXN-001027,1628001026,Merchant_gas_transport_37,gas_transport,244.28,2024-10-23 16:46:00,Philadelphia,PA,0
TXN-001028,6675001027,Merchant_food_dining_28,food_dining,181.55,2024-10-24 11:01:00,Columbus,OH,0
TXN-001029,7318001028,Merchant_shopping_net_20,shopping_net,4307.23,2024-10-25 22:23:00,Columbus,OH,1
TXN-001030,7936001029,Merchant_grocery_pos_11,grocery_pos,307.19,2024-10-26 18:02:00,New York,NY,0
TXN-001031,9717001030,Merchant_shopping_pos_27,shopping_pos,572.89,2024-10-27 05:08:00,Columbus,OH,1
TXN-001032,9987001031,Merchant_kids_pets_2,kids_pets,90.84,2024-10-28 15:32:00,Atlanta,GA,0
TXN-001033,2548001032,Merchant_travel_42,travel,137.55,2024-10-29 10:07:00,Miami,FL,0
TXN-001034,5420001033,Merchant_misc_pos_23,misc_pos,170.46,2024-10-30 14:57:00,Los Angeles,CA,0
TXN-001035,5631001034,Merchant_misc_net_43,misc_net,193.94,2024-10-31 20:44:00,Seattle,WA,0
TXN-001036,3157001035,Merchant_travel_48,travel,328.01,2024-11-01 19:14:00,Columbus,OH,0
TXN-001037,8602001036,Merchant_misc_pos_13,misc_pos,253.65,2024-11-02 08:24:00,Los Angeles,CA,0
TXN-001038,7671001037,Merchant_gas_transport_10,gas_transport,88.41,2024-11-03 15:10:00,Los Angeles,CA,0
TXN-001039,8057001038,Merchant_shopping_pos_47,shopping_pos,13018.37,2024-11-04 23:00:00,Miami,FL,1
TXN-001040,6959001039,Merchant_food_dining_22,food_dining,267.58,2024-11-05 16:37:00,Seattle,WA,0
TXN-001041,7385001040,Merchant_food_dining_15,food_dining,188.25,2024-11-06 14:45:00,Chicago,IL,0
TXN-001042,7316001041,Merchant_misc_net_44,misc_net,2336.59,2024-11-07 22:22:00,Chicago,IL,1
TXN-001043,4206001042,Merchant_misc_pos_3,misc_pos,140.19,2024-11-08 16:41:00,Houston,TX,0
TXN-001044,8740001043,Merchant_misc_pos_39,misc_pos,384.96,2024-11-09 11:29:00,Los Angeles,CA,0
TXN-001045,7630001044,Merchant_gas_transport_32,gas_transport,163.65,2024-11-10 15:26:00,Los Angeles,CA,0
TXN-001046,1496001045,Merchant_travel_24,travel,390.46,2024-11-11 14:03:00,Los Angeles,CA,0
TXN-001047,2829001046,Merchant_home_14,home,229.6,2024-11-12 08:23:00,Atlanta,GA,0
TXN-001048,2242001047,Merchant_travel_12,travel,313.66,2024-11-13 15:32:00,Columbus,OH,0
TXN-001049,8503001048,Merchant_entertainment_14,entertainment,277.02,2024-11-14 13:21:00,Chicago,IL,0
TXN-001050,6271001049,Merchant_food_dining_32,food_dining,86.43,2024-11-15 14:44:00,Los Angeles,CA,0
TXN-001051,5999001050,Merchant_grocery_pos_45,grocery_pos,309.91,2024-11-16 13:11:00,Chicago,IL,0
TXN-001052,5659001051,Merchant_personal_care_28,personal_care,302.99,2024-11-17 11:16:00,Charlotte,NC,0
TXN-001053,9533001052,Merchant_gas_transport_26,gas_transport,227.41,2024-11-18 10:10:00,Houston,TX,0
TXN-001054,3543001053,Merchant_misc_net_8,misc_net,583.15,2024-11-19 23:23:00,Chicago,IL,1
TXN-001055,3226001054,Merchant_misc_net_19,misc_net,213.01,2024-11-20 15:15:00,Seattle,WA,0
TXN-001056,3255001055,Merchant_misc_pos_30,misc_pos,377.16,2024-11-21 12:19:00,Miami,FL,0
TXN-001057,5793001056,Merchant_grocery_pos_4,grocery_pos,268.61,2024-11-22 18:05:00,Chicago,IL,0
TXN-001058,2610001057,Merchant_travel_38,travel,85.81,2024-11-23 09:02:00,Chicago,IL,0
TXN-001059,8894001058,Merchant_kids_pets_17,kids_pets,389.49,2024-11-24 15:22:00,Chicago,IL,0
TXN-001060,9780001059,Merchant_shopping_net_10,shopping_net,167.94,2024-11-25 00:22:00,Columbus,OH,1
TXN-001061,6587001060,Merchant_entertainment_46,entertainment,84.52,2024-11-26 11:48:00,Seattle,WA,0
TXN-001062,7032001061,Merchant_entertainment_49,entertainment,94.21,2024-11-27 15:33:00,Los Angeles,CA,0
TXN-001063,1741001062,Merchant_gas_transport_45,gas_transport,12.65,2024-11-28 09:46:00,Los Angeles,CA,0
TXN-001064,5924001063,Merchant_personal_care_44,personal_care,390.13,2024-11-29 12:42:00,Chicago,IL,0
TXN-001065,7473001064,Merchant_home_47,home,131.99,2024-11-30 17:58:00,Charlotte,NC,0
TXN-001066,9990001065,Merchant_home_6,home,146.32,2024-12-01 20:55:00,Los Angeles,CA,0
TXN-001067,3269001066,Merchant_home_48,home,300.69,2024-12-02 16:57:00,Los Angeles,CA,0
TXN-001068,9606001067,Merchant_travel_38,travel,206.85,2024-12-03 16:07:00,Atlanta,GA,0
TXN-001069,9520001068,Merchant_personal_care_8,personal_care,161.69,2024-12-04 19:25:00,Chicago,IL,0
TXN-001070,1738001069,Merchant_gas_transport_8,gas_transport,238.2,2024-12-05 19:39:00,Houston,TX,0
TXN-001071,9791001070,Merchant_shopping_net_21,shopping_net,130.99,2024-12-06 01:45:00,Houston,TX,1
TXN-001072,6728001071,Merchant_travel_29,travel,277.89,2024-12-07 10:42:00,Atlanta,GA,0
TXN-001073,6629001072,Merchant_shopping_pos_23,shopping_pos,484.51,2024-12-08 23:50:00,Seattle,WA,1
TXN-001074,7506001073,Merchant_health_fitness_5,health_fitness,78.53,2024-12-09 15:27:00,Atlanta,GA,0
TXN-001075,4925001074,Merchant_home_7,home,238.52,2024-12-10 08:14:00,Houston,TX,0
TXN-001076,2582001075,Merchant_travel_26,travel,323.92,2024-12-11 11:27:00,Seattle,WA,0
TXN-001077,4244001076,Merchant_gas_transport_16,gas_transport,354.4,2024-12-12 20:23:00,Philadelphia,PA,0
TXN-001078,9246001077,Merchant_shopping_pos_42,shopping_pos,59.31,2024-12-13 11:50:00,Miami,FL,0
TXN-001079,5598001078,Merchant_home_47,home,17.55,2024-12-14 16:48:00,Miami,FL,0
TXN-001080,5580001079,Merchant_misc_pos_2,misc_pos,231.63,2024-12-15 09:06:00,New York,NY,0
TXN-001081,3360001080,Merchant_entertainment_20,entertainment,327.26,2024-12-16 09:06:00,Atlanta,GA,0
TXN-001082,9659001081,Merchant_gas_transport_15,gas_transport,257.42,2024-12-17 15:29:00,Los Angeles,CA,0
TXN-001083,8716001082,Merchant_grocery_pos_15,grocery_pos,5645.43,2024-12-18 03:27:00,Houston,TX,1
TXN-001084,1797001083,Merchant_shopping_pos_9,shopping_pos,284.45,2024-12-19 11:12:00,Columbus,OH,0
TXN-001085,4979001084,Merchant_personal_care_25,personal_care,381.8,2024-12-20 20:16:00,Los Angeles,CA,0
TXN-001086,3475001085,Merchant_gas_transport_15,gas_transport,241.12,2024-12-21 14:02:00,Charlotte,NC,0
TXN-001087,5725001086,Merchant_entertainment_26,entertainment,280.93,2024-12-22 16:25:00,Chicago,IL,0
TXN-001088,2035001087,Merchant_gas_transport_9,gas_transport,368.08,2024-12-23 09:14:00,Miami,FL,0
TXN-001089,2314001088,Merchant_gas_transport_4,gas_transport,45.72,2024-12-24 16:38:00,Seattle,WA,0
TXN-001090,6755001089,Merchant_misc_pos_9,misc_pos,148.53,2024-12-25 08:16:00,Atlanta,GA,0
TXN-001091,7074001090,Merchant_gas_transport_11,gas_transport,271.44,2024-12-26 14:36:00,Chicago,IL,0
TXN-001092,6627001091,Merchant_shopping_net_41,shopping_net,27.65,2024-12-27 09:26:00,Philadelphia,PA,0
TXN-001093,3211001092,Merchant_gas_transport_33,gas_transport,224.9,2024-12-28 16:26:00,Charlotte,NC,0
TXN-001094,6690001093,Merchant_food_dining_33,food_dining,34.9,2024-12-29 18:00:00,Houston,TX,0
TXN-001095,4759001094,Merchant_grocery_pos_13,grocery_pos,263.51,2024-12-30 09:23:00,Columbus,OH,0
TXN-001096,5995001095,Merchant_shopping_pos_30,shopping_pos,25.62,2024-01-01 17:05:00,Miami,FL,0
TXN-001097,2079001096,Merchant_misc_net_30,misc_net,274.54,2024-01-02 09:26:00,Charlotte,NC,0
TXN-001098,1571001097,Merchant_food_dining_48,food_dining,286.68,2024-01-03 08:13:00,Houston,TX,0
TXN-001099,8686001098,Merchant_grocery_pos_1,grocery_pos,12240.48,2024-01-04 01:20:00,Houston,TX,1
TXN-001100,7959001099,Merchant_misc_pos_49,misc_pos,213.58,2024-01-05 12:52:00,Columbus,OH,0
TXN-001101,1877001100,Merchant_home_6,home,291.13,2024-01-06 09:26:00,Columbus,OH,0
TXN-001102,5362001101,Merchant_misc_net_12,misc_net,7652.93,2024-01-07 05:12:00,New York,NY,1
TXN-001103,7543001102,Merchant_misc_net_27,misc_net,141.64,2024-01-08 10:40:00,Seattle,WA,0
TXN-001104,2757001103,Merchant_travel_12,travel,214.08,2024-01-09 15:44:00,Miami,FL,0
TXN-001105,2644001104,Merchant_entertainment_28,entertainment,159.85,2024-01-10 16:48:00,Atlanta,GA,0
TXN-001106,5751001105,Merchant_health_fitness_29,health_fitness,205.19,2024-01-11 20:09:00,Seattle,WA,0
TXN-001107,9486001106,Merchant_health_fitness_12,health_fitness,149.73,2024-01-12 20:38:00,Charlotte,NC,0
TXN-001108,3109001107,Merchant_food_dining_15,food_dining,255.07,2024-01-13 17:25:00,Charlotte,NC,0
TXN-001109,1091001108,Merchant_shopping_pos_34,shopping_pos,177.92,2024-01-14 08:08:00,Atlanta,GA,0
TXN-001110,7519001109,Merchant_food_dining_2,food_dining,240.15,2024-01-15 08:54:00,Atlanta,GA,0
TXN-001111,9546001110,Merchant_travel_44,travel,294.34,2024-01-16 10:23:00,Philadelphia,PA,0
TXN-001112,7305001111,Merchant_misc_pos_47,misc_pos,314.96,2024-01-17 17:08:00,New York,NY,0
TXN-001113,9542001112,Merchant_misc_pos_22,misc_pos,147.55,2024-01-18 10:15:00,Columbus,OH,0
TXN-001114,3082001113,Merchant_shopping_net_36,shopping_net,14546.07,2024-01-19 23:40:00,Columbus,OH,1
TXN-001115,1219001114,Merchant_entertainment_49,entertainment,259.7,2024-01-20 12:18:00,New York,NY,0
TXN-001116,6493001115,Merchant_grocery_pos_39,grocery_pos,324.43,2024-01-21 15:37:00,Philadelphia,PA,0
TXN-001117,9052001116,Merchant_shopping_net_49,shopping_net,2617.46,2024-01-22 02:51:00,Atlanta,GA,1
TXN-001118,5479001117,Merchant_misc_pos_25,misc_pos,346.08,2024-01-23 09:45:00,Miami,FL,0
TXN-001119,2801001118,Merchant_shopping_net_3,shopping_net,202.76,2024-01-24 13:13:00,Chicago,IL,0
TXN-001120,8207001119,Merchant_personal_care_15,personal_care,340.64,2024-01-25 13:52:00,Chicago,IL,0
TXN-001121,8710001120,Merchant_misc_pos_22,misc_pos,271.0,2024-01-26 10:01:00,Charlotte,NC,0
TXN-001122,1432001121,Merchant_kids_pets_35,kids_pets,173.12,2024-01-27 18:27:00,Charlotte,NC,0
TXN-001123,4248001122,Merchant_home_18,home,161.37,2024-01-28 20:37:00,Philadelphia,PA,0
TXN-001124,8511001123,Merchant_grocery_pos_26,grocery_pos,109.27,2024-01-29 17:24:00,Atlanta,GA,0
TXN-001125,9691001124,Merchant_misc_pos_47,misc_pos,297.58,2024-01-30 08:15:00,New York,NY,0
TXN-001126,8835001125,Merchant_kids_pets_27,kids_pets,369.9,2024-01-31 20:47:00,Charlotte,NC,0
TXN-001127,5808001126,Merchant_shopping_net_4,shopping_net,13954.5,2024-02-01 02:32:00,New York,NY,1
TXN-001128,6315001127,Merchant_misc_pos_13,misc_pos,48.16,2024-02-02 13:09:00,New York,NY,0
TXN-001129,4653001128,Merchant_shopping_net_27,shopping_net,164.58,2024-02-03 17:06:00,Los Angeles,CA,0
TXN-001130,9619001129,Merchant_personal_care_45,personal_care,15.97,2024-02-04 15:55:00,Charlotte,NC,0
TXN-001131,1049001130,Merchant_shopping_net_24,shopping_net,60.65,2024-02-05 11:53:00,Chicago,IL,0
TXN-001132,1857001131,Merchant_misc_pos_1,misc_pos,345.97,2024-02-06 19:29:00,Houston,TX,0
TXN-001133,2671001132,Merchant_personal_care_21,personal_care,181.92,2024-02-07 09:02:00,Los Angeles,CA,0
TXN-001134,5946001133,Merchant_kids_pets_18,kids_pets,27.93,2024-02-08 17:53:00,Chicago,IL,0
TXN-001135,2378001134,Merchant_grocery_pos_16,grocery_pos,6658.98,2024-02-09 03:04:00,Columbus,OH,1
TXN-001136,2037001135,Merchant_grocery_pos_11,grocery_pos,30.6,2024-02-10 10:35:00,Charlotte,NC,0
TXN-001137,3762001136,Merchant_shopping_net_16,shopping_net,115.52,2024-02-11 20:29:00,Seattle,WA,0
TXN-001138,9316001137,Merchant_gas_transport_35,gas_transport,303.29,2024-02-12 09:34:00,Atlanta,GA,0
TXN-001139,8318001138,Merchant_health_fitness_25,health_fitness,246.98,2024-02-13 18:34:00,Philadelphia,PA,0
TXN-001140,8185001139,Merchant_grocery_pos_34,grocery_pos,344.5,2024-02-14 13:25:00,Charlotte,NC,0
TXN-001141,1776001140,Merchant_grocery_pos_30,grocery_pos,4336.94,2024-02-15 00:37:00,Houston,TX,1
TXN-001142,7570001141,Merchant_shopping_pos_42,shopping_pos,8.14,2024-02-16 19:03:00,Charlotte,NC,0
TXN-001143,4340001142,Merchant_food_dining_16,food_dining,195.4,2024-02-17 20:02:00,Seattle,WA,0
TXN-001144,3162001143,Merchant_misc_net_14,misc_net,322.86,2024-02-18 15:03:00,Charlotte,NC,0
TXN-001145,9457001144,Merchant_food_dining_35,food_dining,244.84,2024-02-19 11:43:00,New York,NY,0
TXN-001146,9939001145,Merchant_home_20,home,153.82,2024-02-20 11:47:00,Los Angeles,CA,0
TXN-001147,6307001146,Merchant_shopping_net_32,shopping_net,35.4,2024-02-21 10:37:00,Philadelphia,PA,0
TXN-001148,6599001147,Merchant_entertainment_14,entertainment,76.27,2024-02-22 08:19:00,Atlanta,GA,0
TXN-001149,4453001148,Merchant_travel_7,travel,206.62,2024-02-23 16:27:00,New York,NY,0
TXN-001150,8230001149,Merchant_misc_pos_2,misc_pos,259.14,2024-02-24 15:44:00,Philadelphia,PA,0
TXN-001151,8541001150,Merchant_shopping_net_31,shopping_net,13466.37,2024-02-25 04:24:00,New York,NY,1
TXN-001152,9024001151,Merchant_kids_pets_19,kids_pets,382.89,2024-02-26 09:53:00,Atlanta,GA,0
TXN-001153,6435001152,Merchant_kids_pets_32,kids_pets,12.97,2024-02-27 12:52:00,Houston,TX,0
TXN-001154,5720001153,Merchant_misc_pos_43,misc_pos,301.08,2024-02-28 13:03:00,Los Angeles,CA,0
TXN-001155,8941001154,Merchant_gas_transport_25,gas_transport,101.65,2024-02-29 08:29:00,Philadelphia,PA,0
TXN-001156,3627001155,Merchant_kids_pets_46,kids_pets,295.98,2024-03-01 08:54:00,Philadelphia,PA,0
TXN-001157,3250001156,Merchant_entertainment_48,entertainment,214.75,2024-03-02 13:57:00,New York,NY,0
TXN-001158,1765001157,Merchant_shopping_net_43,shopping_net,278.91,2024-03-03 16:23:00,Los Angeles,CA,0
TXN-001159,7494001158,Merchant_shopping_pos_18,shopping_pos,299.03,2024-03-04 12:04:00,Atlanta,GA,0
TXN-001160,1968001159,Merchant_personal_care_21,personal_care,312.18,2024-03-05 15:11:00,Los Angeles,CA,0
TXN-001161,7239001160,Merchant_misc_net_16,misc_net,264.71,2024-03-06 09:48:00,Columbus,OH,0
TXN-001162,6946001161,Merchant_grocery_pos_36,grocery_pos,437.58,2024-03-07 04:21:00,Charlotte,NC,1
TXN-001163,6745001162,Merchant_travel_22,travel,209.19,2024-03-08 10:03:00,Columbus,OH,0
TXN-001164,2946001163,Merchant_grocery_pos_34,grocery_pos,153.35,2024-03-09 10:22:00,Houston,TX,0
TXN-001165,1316001164,Merchant_grocery_pos_42,grocery_pos,140.63,2024-03-10 05:17:00,New York,NY,1
TXN-001166,6473001165,Merchant_misc_net_40,misc_net,80.68,2024-03-11 08:12:00,Atlanta,GA,0
TXN-001167,1523001166,Merchant_food_dining_9,food_dining,118.26,2024-03-12 08:55:00,Los Angeles,CA,0
TXN-001168,6467001167,Merchant_shopping_pos_9,shopping_pos,24.19,2024-03-13 13:31:00,Seattle,WA,0
TXN-001169,3018001168,Merchant_misc_pos_10,misc_pos,293.88,2024-03-14 16:15:00,Chicago,IL,0
TXN-001170,1509001169,Merchant_shopping_net_2,shopping_net,277.66,2024-03-15 19:12:00,Columbus,OH,0
TXN-001171,3797001170,Merchant_misc_pos_22,misc_pos,308.26,2024-03-16 13:46:00,Houston,TX,0
TXN-001172,9701001171,Merchant_misc_net_17,misc_net,1304.47,2024-03-17 03:19:00,Columbus,OH,1
TXN-001173,1047001172,Merchant_kids_pets_30,kids_pets,15.54,2024-03-18 10:46:00,Atlanta,GA,0
TXN-001174,8377001173,Merchant_kids_pets_46,kids_pets,354.28,2024-03-19 13:43:00,Houston,TX,0
TXN-001175,5038001174,Merchant_misc_net_9,misc_net,215.84,2024-03-20 19:41:00,Miami,FL,0
TXN-001176,5465001175,Merchant_misc_net_42,misc_net,732.14,2024-03-21 03:24:00,Los Angeles,CA,1
TXN-001177,3020001176,Merchant_shopping_pos_34,shopping_pos,12015.24,2024-03-22 03:11:00,Chicago,IL,1
TXN-001178,8645001177,Merchant_misc_pos_21,misc_pos,285.75,2024-03-23 17:01:00,Houston,TX,0
TXN-001179,5238001178,Merchant_kids_pets_4,kids_pets,72.31,2024-03-24 08:24:00,New York,NY,0
TXN-001180,2908001179,Merchant_shopping_pos_45,shopping_pos,9125.59,2024-03-25 04:47:00,Seattle,WA,1
TXN-001181,2890001180,Merchant_gas_transport_28,gas_transport,257.58,2024-03-26 10:30:00,Seattle,WA,0
TXN-001182,4507001181,Merchant_grocery_pos_19,grocery_pos,334.75,2024-03-27 15:28:00,Los Angeles,CA,0
TXN-001183,3286001182,Merchant_grocery_pos_21,grocery_pos,19.28,2024-03-28 12:44:00,New York,NY,0
TXN-001184,2424001183,Merchant_home_24,home,147.35,2024-03-29 17:44:00,Los Angeles,CA,0
TXN-001185,6512001184,Merchant_grocery_pos_18,grocery_pos,544.35,2024-03-30 00:14:00,Atlanta,GA,1
TXN-001186,5504001185,Merchant_shopping_pos_15,shopping_pos,2720.48,2024-03-31 22:34:00,Miami,FL,1
TXN-001187,1522001186,Merchant_food_dining_46,food_dining,370.71,2024-04-01 08:41:00,Los Angeles,CA,0
TXN-001188,2495001187,Merchant_misc_net_5,misc_net,639.61,2024-04-02 03:19:00,New York,NY,1
TXN-001189,8386001188,Merchant_entertainment_18,entertainment,22.37,2024-04-03 20:54:00,Charlotte,NC,0
TXN-001190,2821001189,Merchant_personal_care_18,personal_care,103.65,2024-04-04 16:42:00,Houston,TX,0
TXN-001191,8756001190,Merchant_misc_pos_26,misc_pos,332.22,2024-04-05 12:39:00,Atlanta,GA,0
TXN-001192,3137001191,Merchant_health_fitness_34,health_fitness,144.61,2024-04-06 10:55:00,Chicago,IL,0
TXN-001193,4112001192,Merchant_entertainment_18,entertainment,260.35,2024-04-07 09:25:00,New York,NY,0
TXN-001194,7734001193,Merchant_kids_pets_28,kids_pets,347.07,2024-04-08 10:14:00,Miami,FL,0
TXN-001195,9235001194,Merchant_home_8,home,20.48,2024-04-09 18:01:00,Los Angeles,CA,0
TXN-001196,1095001195,Merchant_misc_pos_33,misc_pos,204.0,2024-04-10 15:00:00,Columbus,OH,0
TXN-001197,8425001196,Merchant_gas_transport_27,gas_transport,219.84,2024-04-11 19:55:00,Miami,FL,0
TXN-001198,7235001197,Merchant_grocery_pos_17,grocery_pos,319.69,2024-04-12 16:24:00,Chicago,IL,0
TXN-001199,2818001198,Merchant_home_30,home,94.07,2024-04-13 19:20:00,New York,NY,0
TXN-001200,6391001199,Merchant_grocery_pos_1,grocery_pos,203.05,2024-04-14 17:36:00,Philadelphia,PA,0
TXN-001201,8088001200,Merchant_grocery_pos_25,grocery_pos,221.23,2024-04-15 17:58:00,Houston,TX,0
TXN-001202,6705001201,Merchant_shopping_net_46,shopping_net,2061.31,2024-04-16 02:34:00,Seattle,WA,1
TXN-001203,3941001202,Merchant_travel_23,travel,104.81,2024-04-17 19:58:00,Philadelphia,PA,0
TXN-001204,4715001203,Merchant_misc_net_18,misc_net,227.88,2024-04-18 11:17:00,Columbus,OH,0
TXN-001205,2841001204,Merchant_travel_32,travel,357.06,2024-04-19 09:29:00,Atlanta,GA,0
TXN-001206,1366001205,Merchant_shopping_net_5,shopping_net,239.95,2024-04-20 14:42:00,Philadelphia,PA,0
TXN-001207,6979001206,Merchant_shopping_pos_35,shopping_pos,388.82,2024-04-21 09:43:00,New York,NY,0
TXN-001208,5576001207,Merchant_health_fitness_37,health_fitness,318.71,2024-04-22 08:27:00,Charlotte,NC,0
TXN-001209,2844001208,Merchant_grocery_pos_13,grocery_pos,7740.6,2024-04-23 00:04:00,Seattle,WA,1
TXN-001210,3560001209,Merchant_health_fitness_1,health_fitness,120.1,2024-04-24 19:07:00,Chicago,IL,0
TXN-001211,7354001210,Merchant_kids_pets_31,kids_pets,308.15,2024-04-25 11:22:00,Houston,TX,0
TXN-001212,8076001211,Merchant_shopping_net_15,shopping_net,95.59,2024-04-26 19:34:00,Columbus,OH,0
TXN-001213,8369001212,Merchant_misc_net_32,misc_net,1014.08,2024-04-27 22:44:00,Charlotte,NC,1
TXN-001214,5939001213,Merchant_misc_pos_48,misc_pos,254.54,2024-04-28 11:11:00,Atlanta,GA,0
TXN-001215,5377001214,Merchant_shopping_pos_16,shopping_pos,12307.78,2024-04-29 00:48:00,Los Angeles,CA,1
TXN-001216,2208001215,Merchant_grocery_pos_4,grocery_pos,11296.5,2024-04-30 23:12:00,Chicago,IL,1
TXN-001217,5136001216,Merchant_food_dining_39,food_dining,137.54,2024-05-01 13:14:00,Columbus,OH,0
TXN-001218,9787001217,Merchant_home_31,home,61.52,2024-05-02 13:06:00,Miami,FL,0
TXN-001219,4360001218,Merchant_personal_care_33,personal_care,8.98,2024-05-03 08:04:00,Columbus,OH,0
TXN-001220,5798001219,Merchant_entertainment_43,entertainment,75.96,2024-05-04 16:11:00,Columbus,OH,0
TXN-001221,9858001220,Merchant_misc_net_29,misc_net,42.15,2024-05-05 17:51:00,Los Angeles,CA,0
TXN-001222,1996001221,Merchant_personal_care_26,personal_care,258.75,2024-05-06 12:54:00,Seattle,WA,0
TXN-001223,1947001222,Merchant_personal_care_39,personal_care,336.98,2024-05-07 17:03:00,New York,NY,0
TXN-001224,1107001223,Merchant_grocery_pos_18,grocery_pos,116.01,2024-05-08 09:40:00,Chicago,IL,0
TXN-001225,6467001224,Merchant_gas_transport_37,gas_transport,241.36,2024-05-09 20:58:00,Miami,FL,0
TXN-001226,8327001225,Merchant_travel_32,travel,333.65,2024-05-10 20:29:00,Philadelphia,PA,0
TXN-001227,3625001226,Merchant_personal_care_25,personal_care,137.27,2024-05-11 12:23:00,Philadelphia,PA,0
TXN-001228,2259001227,Merchant_grocery_pos_19,grocery_pos,150.96,2024-05-12 12:28:00,Chicago,IL,0
TXN-001229,3783001228,Merchant_shopping_net_36,shopping_net,181.47,2024-05-13 12:01:00,Seattle,WA,0
TXN-001230,5327001229,Merchant_entertainment_2,entertainment,152.5,2024-05-14 10:21:00,Atlanta,GA,0
TXN-001231,2824001230,Merchant_food_dining_24,food_dining,285.94,2024-05-15 17:33:00,Atlanta,GA,0
TXN-001232,2414001231,Merchant_misc_pos_18,misc_pos,125.0,2024-05-16 08:22:00,Atlanta,GA,0
TXN-001233,2629001232,Merchant_food_dining_27,food_dining,391.84,2024-05-17 13:16:00,Columbus,OH,0
TXN-001234,5582001233,Merchant_misc_pos_2,misc_pos,291.42,2024-05-18 12:04:00,Charlotte,NC,0
TXN-001235,9416001234,Merchant_misc_net_45,misc_net,68.87,2024-05-19 08:20:00,Philadelphia,PA,0
TXN-001236,8130001235,Merchant_home_24,home,255.86,2024-05-20 09:32:00,New York,NY,0
TXN-001237,2528001236,Merchant_grocery_pos_46,grocery_pos,291.41,2024-05-21 11:40:00,Chicago,IL,0
TXN-001238,9966001237,Merchant_entertainment_29,entertainment,128.17,2024-05-22 11:03:00,Chicago,IL,0
TXN-001239,2457001238,Merchant_shopping_net_42,shopping_net,744.27,2024-05-23 01:10:00,Seattle,WA,1
TXN-001240,6191001239,Merchant_food_dining_16,food_dining,261.93,2024-05-24 19:31:00,Seattle,WA,0
TXN-001241,1994001240,Merchant_gas_transport_33,gas_transport,291.77,2024-05-25 17:53:00,Columbus,OH,0
TXN-001242,9068001241,Merchant_misc_net_47,misc_net,377.05,2024-05-26 20:20:00,Chicago,IL,0
TXN-001243,5825001242,Merchant_grocery_pos_48,grocery_pos,211.5,2024-05-27 16:18:00,Houston,TX,0
TXN-001244,6613001243,Merchant_food_dining_18,food_dining,202.29,2024-05-28 08:20:00,Chicago,IL,0
TXN-001245,5241001244,Merchant_misc_pos_35,misc_pos,136.2,2024-05-29 16:40:00,Philadelphia,PA,0
TXN-001246,9658001245,Merchant_misc_net_2,misc_net,174.18,2024-05-30 16:56:00,Miami,FL,0
TXN-001247,1209001246,Merchant_home_16,home,5.5,2024-05-31 17:37:00,Los Angeles,CA,0
TXN-001248,8554001247,Merchant_misc_net_22,misc_net,167.99,2024-06-01 16:47:00,Charlotte,NC,0
TXN-001249,4492001248,Merchant_travel_38,travel,10.46,2024-06-02 10:52:00,New York,NY,0
TXN-001250,5356001249,Merchant_shopping_net_47,shopping_net,13312.98,2024-06-03 23:05:00,Atlanta,GA,1
TXN-001251,6149001250,Merchant_misc_pos_32,misc_pos,32.78,2024-06-04 18:16:00,Philadelphia,PA,0
TXN-001252,9639001251,Merchant_shopping_pos_9,shopping_pos,161.57,2024-06-05 20:16:00,Houston,TX,0
TXN-001253,5722001252,Merchant_grocery_pos_28,grocery_pos,46.73,2024-06-06 10:37:00,Miami,FL,0
TXN-001254,2522001253,Merchant_shopping_net_34,shopping_net,12102.32,2024-06-07 05:31:00,Houston,TX,1
TXN-001255,2574001254,Merchant_personal_care_1,personal_care,225.03,2024-06-08 17:33:00,New York,NY,0
TXN-001256,5638001255,Merchant_misc_pos_49,misc_pos,286.93,2024-06-09 17:22:00,New York,NY,0
TXN-001257,9614001256,Merchant_kids_pets_7,kids_pets,57.26,2024-06-10 10:03:00,New York,NY,0
TXN-001258,7272001257,Merchant_kids_pets_44,kids_pets,324.65,2024-06-11 16:32:00,Chicago,IL,0
TXN-001259,5472001258,Merchant_personal_care_33,personal_care,69.18,2024-06-12 18:09:00,Seattle,WA,0
TXN-001260,2349001259,Merchant_gas_transport_27,gas_transport,45.84,2024-06-13 16:10:00,Los Angeles,CA,0
TXN-001261,6943001260,Merchant_home_37,home,348.14,2024-06-14 16:17:00,Philadelphia,PA,0
TXN-001262,2255001261,Merchant_grocery_pos_20,grocery_pos,388.32,2024-06-15 08:56:00,Atlanta,GA,0
TXN-001263,7938001262,Merchant_home_21,home,390.11,2024-06-16 11:45:00,Los Angeles,CA,0
TXN-001264,6864001263,Merchant_gas_transport_5,gas_transport,323.61,2024-06-17 20:48:00,Philadelphia,PA,0
TXN-001265,9524001264,Merchant_shopping_net_24,shopping_net,134.12,2024-06-18 11:10:00,Los Angeles,CA,0
TXN-001266,4359001265,Merchant_misc_net_22,misc_net,147.0,2024-06-19 19:20:00,Seattle,WA,0
TXN-001267,8745001266,Merchant_food_dining_22,food_dining,133.82,2024-06-20 11:26:00,Chicago,IL,0
TXN-001268,9484001267,Merchant_gas_transport_7,gas_transport,177.24,2024-06-21 08:38:00,Seattle,WA,0
TXN-001269,3811001268,Merchant_misc_pos_1,misc_pos,182.93,2024-06-22 15:26:00,Charlotte,NC,0
TXN-001270,1814001269,Merchant_food_dining_3,food_dining,93.67,2024-06-23 08:19:00,Charlotte,NC,0
TXN-001271,3717001270,Merchant_misc_pos_15,misc_pos,69.59,2024-06-24 09:13:00,Houston,TX,0
TXN-001272,2114001271,Merchant_personal_care_14,personal_care,380.31,2024-06-25 08:39:00,Seattle,WA,0
TXN-001273,1959001272,Merchant_shopping_net_25,shopping_net,352.41,2024-06-26 12:45:00,Charlotte,NC,0
TXN-001274,6012001273,Merchant_misc_net_13,misc_net,338.69,2024-06-27 14:18:00,Columbus,OH,0
TXN-001275,7131001274,Merchant_health_fitness_34,health_fitness,295.53,2024-06-28 10:25:00,Philadelphia,PA,0
TXN-001276,1070001275,Merchant_entertainment_19,entertainment,23.29,2024-06-29 12:52:00,Chicago,IL,0
TXN-001277,2239001276,Merchant_shopping_pos_33,shopping_pos,132.02,2024-06-30 18:52:00,Houston,TX,0
TXN-001278,1076001277,Merchant_food_dining_5,food_dining,368.73,2024-07-01 14:45:00,Seattle,WA,0
TXN-001279,5284001278,Merchant_misc_net_39,misc_net,10301.51,2024-07-02 00:00:00,Philadelphia,PA,1
TXN-001280,4060001279,Merchant_home_22,home,22.41,2024-07-03 19:09:00,Charlotte,NC,0
TXN-001281,5388001280,Merchant_shopping_net_4,shopping_net,139.35,2024-07-04 12:17:00,Atlanta,GA,0
TXN-001282,7699001281,Merchant_gas_transport_7,gas_transport,130.56,2024-07-05 18:53:00,Columbus,OH,0
TXN-001283,4375001282,Merchant_misc_pos_25,misc_pos,226.49,2024-07-06 09:20:00,Seattle,WA,0
TXN-001284,9155001283,Merchant_misc_net_23,misc_net,765.1,2024-07-07 22:49:00,Miami,FL,1
TXN-001285,2320001284,Merchant_travel_20,travel,357.65,2024-07-08 18:08:00,Chicago,IL,0
TXN-001286,8985001285,Merchant_kids_pets_48,kids_pets,130.57,2024-07-09 14:49:00,Chicago,IL,0
TXN-001287,7179001286,Merchant_grocery_pos_20,grocery_pos,91.88,2024-07-10 10:43:00,Philadelphia,PA,0
TXN-001288,3412001287,Merchant_shopping_pos_30,shopping_pos,294.29,2024-07-11 09:27:00,Seattle,WA,0
TXN-001289,6485001288,Merchant_shopping_net_42,shopping_net,349.85,2024-07-12 16:18:00,Columbus,OH,0
TXN-001290,1401001289,Merchant_shopping_net_37,shopping_net,24.42,2024-07-13 10:22:00,Los Angeles,CA,0
TXN-001291,4133001290,Merchant_travel_17,travel,234.03,2024-07-14 09:58:00,Columbus,OH,0
TXN-001292,9536001291,Merchant_misc_pos_34,misc_pos,91.63,2024-07-15 11:06:00,Seattle,WA,0
TXN-001293,1004001292,Merchant_grocery_pos_18,grocery_pos,7336.42,2024-07-16 00:46:00,Charlotte,NC,1
TXN-001294,7141001293,Merchant_health_fitness_49,health_fitness,44.14,2024-07-17 19:25:00,Chicago,IL,0
TXN-001295,7923001294,Merchant_misc_net_12,misc_net,9945.12,2024-07-18 23:52:00,Chicago,IL,1
TXN-001296,7314001295,Merchant_shopping_net_6,shopping_net,198.04,2024-07-19 13:37:00,New York,NY,0
TXN-001297,2849001296,Merchant_kids_pets_49,kids_pets,207.06,2024-07-20 15:24:00,Philadelphia,PA,0
TXN-001298,4755001297,Merchant_shopping_pos_43,shopping_pos,634.62,2024-07-21 02:29:00,Columbus,OH,1
TXN-001299,7335001298,Merchant_entertainment_14,entertainment,228.18,2024-07-22 08:10:00,Philadelphia,PA,0
TXN-001300,1000001299,Merchant_health_fitness_14,health_fitness,278.94,2024-07-23 15:30:00,Los Angeles,CA,0
TXN-001301,8225001300,Merchant_home_13,home,280.89,2024-07-24 08:25:00,Houston,TX,0
TXN-001302,7365001301,Merchant_travel_37,travel,266.89,2024-07-25 17:48:00,Philadelphia,PA,0
TXN-001303,1666001302,Merchant_shopping_pos_22,shopping_pos,11201.12,2024-07-26 23:35:00,Los Angeles,CA,1
TXN-001304,7862001303,Merchant_shopping_net_21,shopping_net,8150.15,2024-07-27 00:53:00,Seattle,WA,1
TXN-001305,3243001304,Merchant_misc_net_31,misc_net,636.09,2024-07-28 02:40:00,Chicago,IL,1
TXN-001306,4234001305,Merchant_misc_net_35,misc_net,74.97,2024-07-29 18:30:00,Charlotte,NC,0
TXN-001307,1030001306,Merchant_misc_pos_13,misc_pos,123.31,2024-07-30 13:21:00,Philadelphia,PA,0
TXN-001308,3822001307,Merchant_shopping_pos_28,shopping_pos,138.37,2024-07-31 11:12:00,Philadelphia,PA,0
TXN-001309,4500001308,Merchant_gas_transport_40,gas_transport,23.71,2024-08-01 18:49:00,Houston,TX,0
TXN-001310,8111001309,Merchant_travel_6,travel,372.61,2024-08-02 08:02:00,Seattle,WA,0
TXN-001311,3841001310,Merchant_misc_net_21,misc_net,364.51,2024-08-03 20:52:00,Columbus,OH,0
TXN-001312,8993001311,Merchant_food_dining_13,food_dining,126.09,2024-08-04 16:05:00,Charlotte,NC,0
TXN-001313,9225001312,Merchant_shopping_pos_29,shopping_pos,153.48,2024-08-05 13:45:00,Los Angeles,CA,0
TXN-001314,1598001313,Merchant_misc_net_2,misc_net,386.73,2024-08-06 18:06:00,Charlotte,NC,0
TXN-001315,4818001314,Merchant_misc_pos_6,misc_pos,123.84,2024-08-07 11:46:00,Miami,FL,0
TXN-001316,8113001315,Merchant_misc_net_29,misc_net,120.13,2024-08-08 14:30:00,New York,NY,0
TXN-001317,8665001316,Merchant_grocery_pos_42,grocery_pos,280.12,2024-08-09 10:13:00,Atlanta,GA,0
TXN-001318,2690001317,Merchant_personal_care_15,personal_care,144.89,2024-08-10 15:25:00,Columbus,OH,0
TXN-001319,5221001318,Merchant_kids_pets_22,kids_pets,298.95,2024-08-11 09:07:00,New York,NY,0
TXN-001320,7041001319,Merchant_grocery_pos_12,grocery_pos,393.62,2024-08-12 08:37:00,Los Angeles,CA,0
TXN-001321,9597001320,Merchant_health_fitness_30,health_fitness,178.08,2024-08-13 18:41:00,Philadelphia,PA,0
TXN-001322,9012001321,Merchant_entertainment_10,entertainment,78.13,2024-08-14 10:19:00,Charlotte,NC,0
TXN-001323,2131001322,Merchant_travel_10,travel,202.11,2024-08-15 19:31:00,New York,NY,0
TXN-001324,8613001323,Merchant_grocery_pos_43,grocery_pos,302.89,2024-08-16 11:32:00,Charlotte,NC,0
TXN-001325,6990001324,Merchant_misc_pos_23,misc_pos,29.19,2024-08-17 12:25:00,Charlotte,NC,0
TXN-001326,6247001325,Merchant_personal_care_43,personal_care,172.49,2024-08-18 17:16:00,Charlotte,NC,0
TXN-001327,6156001326,Merchant_travel_20,travel,101.77,2024-08-19 20:12:00,Houston,TX,0
TXN-001328,8821001327,Merchant_gas_transport_22,gas_transport,221.9,2024-08-20 15:20:00,Seattle,WA,0
TXN-001329,2107001328,Merchant_misc_pos_11,misc_pos,205.62,2024-08-21 15:25:00,Charlotte,NC,0
TXN-001330,1239001329,Merchant_personal_care_22,personal_care,57.18,2024-08-22 17:03:00,Charlotte,NC,0
TXN-001331,9990001330,Merchant_grocery_pos_13,grocery_pos,231.12,2024-08-23 14:31:00,Atlanta,GA,0
TXN-001332,4117001331,Merchant_kids_pets_7,kids_pets,340.19,2024-08-24 17:21:00,New York,NY,0
TXN-001333,8264001332,Merchant_shopping_pos_38,shopping_pos,6552.13,2024-08-25 22:53:00,Los Angeles,CA,1
TXN-001334,2962001333,Merchant_shopping_pos_26,shopping_pos,485.31,2024-08-26 22:20:00,Houston,TX,1
TXN-001335,2738001334,Merchant_entertainment_23,entertainment,98.18,2024-08-27 08:22:00,Los Angeles,CA,0
TXN-001336,8605001335,Merchant_grocery_pos_35,grocery_pos,6123.87,2024-08-28 02:03:00,New York,NY,1
TXN-001337,2698001336,Merchant_entertainment_32,entertainment,8.01,2024-08-29 15:27:00,Los Angeles,CA,0
TXN-001338,9364001337,Merchant_misc_pos_2,misc_pos,243.65,2024-08-30 20:39:00,Columbus,OH,0
TXN-001339,9780001338,Merchant_grocery_pos_38,grocery_pos,11694.36,2024-08-31 02:27:00,Seattle,WA,1
TXN-001340,4523001339,Merchant_misc_net_48,misc_net,381.13,2024-09-01 08:02:00,Seattle,WA,0
TXN-001341,6081001340,Merchant_misc_pos_33,misc_pos,220.16,2024-09-02 18:01:00,Philadelphia,PA,0
TXN-001342,3375001341,Merchant_home_19,home,332.25,2024-09-03 12:26:00,Chicago,IL,0
TXN-001343,7681001342,Merchant_health_fitness_12,health_fitness,226.27,2024-09-04 14:50:00,Chicago,IL,0
TXN-001344,5367001343,Merchant_health_fitness_16,health_fitness,273.71,2024-09-05 14:44:00,Houston,TX,0
TXN-001345,7384001344,Merchant_food_dining_22,food_dining,271.29,2024-09-06 16:52:00,Chicago,IL,0
TXN-001346,2739001345,Merchant_home_39,home,218.59,2024-09-07 18:50:00,New York,NY,0
TXN-001347,8128001346,Merchant_shopping_pos_18,shopping_pos,214.22,2024-09-08 23:52:00,Seattle,WA,1
TXN-001348,9885001347,Merchant_kids_pets_32,kids_pets,201.73,2024-09-09 13:03:00,Charlotte,NC,0
TXN-001349,2002001348,Merchant_home_3,home,12.72,2024-09-10 11:32:00,Seattle,WA,0
TXN-001350,7981001349,Merchant_shopping_pos_37,shopping_pos,291.74,2024-09-11 11:52:00,Houston,TX,0
TXN-001351,5695001350,Merchant_gas_transport_28,gas_transport,105.74,2024-09-12 15:55:00,Atlanta,GA,0
TXN-001352,1196001351,Merchant_shopping_net_45,shopping_net,9407.31,2024-09-13 00:47:00,Philadelphia,PA,1
TXN-001353,3773001352,Merchant_home_6,home,306.55,2024-09-14 18:03:00,Chicago,IL,0
TXN-001354,2739001353,Merchant_misc_net_26,misc_net,2576.11,2024-09-15 23:55:00,Houston,TX,1
TXN-001355,6185001354,Merchant_grocery_pos_21,grocery_pos,373.75,2024-09-16 16:35:00,Columbus,OH,0
TXN-001356,1487001355,Merchant_shopping_net_21,shopping_net,6888.39,2024-09-17 22:11:00,New York,NY,1
TXN-001357,8243001356,Merchant_grocery_pos_29,grocery_pos,360.6,2024-09-18 13:41:00,Charlotte,NC,0
TXN-001358,5553001357,Merchant_entertainment_48,entertainment,65.37,2024-09-19 20:37:00,Miami,FL,0
TXN-001359,2808001358,Merchant_travel_5,travel,87.92,2024-09-20 15:07:00,Miami,FL,0
TXN-001360,6824001359,Merchant_health_fitness_24,health_fitness,270.38,2024-09-21 18:58:00,Columbus,OH,0
TXN-001361,1207001360,Merchant_home_8,home,205.17,2024-09-22 11:44:00,Los Angeles,CA,0
TXN-001362,9690001361,Merchant_shopping_pos_49,shopping_pos,4990.25,2024-09-23 01:35:00,Houston,TX,1
TXN-001363,7526001362,Merchant_shopping_net_48,shopping_net,63.38,2024-09-24 03:20:00,New York,NY,1
TXN-001364,4813001363,Merchant_travel_29,travel,79.19,2024-09-25 10:02:00,Miami,FL,0
TXN-001365,5370001364,Merchant_entertainment_23,entertainment,248.55,2024-09-26 11:25:00,Seattle,WA,0
TXN-001366,4832001365,Merchant_grocery_pos_45,grocery_pos,314.97,2024-09-27 09:24:00,New York,NY,0
TXN-001367,6636001366,Merchant_shopping_net_31,shopping_net,6.56,2024-09-28 15:48:00,Miami,FL,0
TXN-001368,3679001367,Merchant_gas_transport_26,gas_transport,200.28,2024-09-29 11:44:00,Columbus,OH,0
TXN-001369,9214001368,Merchant_misc_net_26,misc_net,96.18,2024-09-30 20:13:00,Charlotte,NC,0
TXN-001370,4428001369,Merchant_shopping_net_1,shopping_net,4908.05,2024-10-01 05:32:00,Los Angeles,CA,1
TXN-001371,5902001370,Merchant_misc_net_35,misc_net,249.42,2024-10-02 20:55:00,Atlanta,GA,0
TXN-001372,1754001371,Merchant_shopping_pos_12,shopping_pos,339.9,2024-10-03 08:54:00,Los Angeles,CA,0
TXN-001373,5281001372,Merchant_misc_pos_34,misc_pos,113.57,2024-10-04 08:31:00,Seattle,WA,0
TXN-001374,2778001373,Merchant_travel_6,travel,317.08,2024-10-05 19:17:00,Philadelphia,PA,0
TXN-001375,5743001374,Merchant_misc_net_21,misc_net,313.19,2024-10-06 12:50:00,Columbus,OH,0
TXN-001376,9758001375,Merchant_grocery_pos_35,grocery_pos,9576.07,2024-10-07 01:54:00,Houston,TX,1
TXN-001377,7344001376,Merchant_food_dining_37,food_dining,11.4,2024-10-08 16:32:00,Houston,TX,0
TXN-001378,2796001377,Merchant_shopping_net_16,shopping_net,6066.4,2024-10-09 02:55:00,Columbus,OH,1
TXN-001379,3122001378,Merchant_misc_pos_19,misc_pos,105.8,2024-10-10 14:46:00,Philadelphia,PA,0
TXN-001380,8513001379,Merchant_kids_pets_14,kids_pets,308.1,2024-10-11 15:39:00,Houston,TX,0
TXN-001381,5355001380,Merchant_misc_pos_22,misc_pos,31.39,2024-10-12 13:28:00,Los Angeles,CA,0
TXN-001382,9064001381,Merchant_shopping_net_9,shopping_net,82.81,2024-10-13 13:52:00,Chicago,IL,0
TXN-001383,8160001382,Merchant_shopping_pos_42,shopping_pos,25.44,2024-10-14 20:23:00,Atlanta,GA,0
TXN-001384,6715001383,Merchant_entertainment_7,entertainment,108.27,2024-10-15 16:51:00,Chicago,IL,0
TXN-001385,6726001384,Merchant_grocery_pos_48,grocery_pos,795.12,2024-10-16 01:14:00,Charlotte,NC,1
TXN-001386,4948001385,Merchant_grocery_pos_40,grocery_pos,14276.28,2024-10-17 02:38:00,Philadelphia,PA,1
TXN-001387,4097001386,Merchant_grocery_pos_12,grocery_pos,348.18,2024-10-18 19:18:00,Columbus,OH,0
TXN-001388,7940001387,Merchant_misc_pos_9,misc_pos,265.9,2024-10-19 17:35:00,Los Angeles,CA,0
TXN-001389,2539001388,Merchant_shopping_net_39,shopping_net,25.63,2024-10-20 12:53:00,Philadelphia,PA,0
TXN-001390,7803001389,Merchant_grocery_pos_17,grocery_pos,311.16,2024-10-21 16:30:00,Columbus,OH,0
TXN-001391,1155001390,Merchant_misc_net_27,misc_net,38.48,2024-10-22 15:20:00,Miami,FL,0
TXN-001392,8043001391,Merchant_grocery_pos_11,grocery_pos,222.0,2024-10-23 18:24:00,Seattle,WA,0
TXN-001393,9271001392,Merchant_entertainment_23,entertainment,165.93,2024-10-24 10:28:00,Philadelphia,PA,0
TXN-001394,6880001393,Merchant_gas_transport_13,gas_transport,29.3,2024-10-25 10:20:00,Charlotte,NC,0
TXN-001395,9157001394,Merchant_kids_pets_31,kids_pets,381.05,2024-10-26 15:16:00,Seattle,WA,0
TXN-001396,5323001395,Merchant_shopping_pos_16,shopping_pos,12.57,2024-10-27 17:43:00,Los Angeles,CA,0
TXN-001397,9658001396,Merchant_food_dining_45,food_dining,176.29,2024-10-28 19:42:00,Atlanta,GA,0
TXN-001398,5582001397,Merchant_personal_care_7,personal_care,48.24,2024-10-29 16:40:00,Atlanta,GA,0
TXN-001399,4101001398,Merchant_personal_care_20,personal_care,30.82,2024-10-30 17:48:00,Los Angeles,CA,0
TXN-001400,4134001399,Merchant_travel_9,travel,67.04,2024-10-31 17:56:00,Philadelphia,PA,0
TXN-001401,5666001400,Merchant_misc_net_20,misc_net,311.34,2024-11-01 16:04:00,Houston,TX,0
TXN-001402,5260001401,Merchant_food_dining_40,food_dining,370.51,2024-11-02 20:14:00,Philadelphia,PA,0
TXN-001403,3188001402,Merchant_travel_41,travel,310.31,2024-11-03 10:39:00,Seattle,WA,0
TXN-001404,4546001403,Merchant_kids_pets_8,kids_pets,236.92,2024-11-04 18:03:00,Miami,FL,0
TXN-001405,9321001404,Merchant_personal_care_10,personal_care,215.46,2024-11-05 15:39:00,Los Angeles,CA,0
TXN-001406,1282001405,Merchant_personal_care_8,personal_care,371.62,2024-11-06 10:05:00,Los Angeles,CA,0
TXN-001407,1657001406,Merchant_grocery_pos_46,grocery_pos,6213.76,2024-11-07 04:32:00,Columbus,OH,1
TXN-001408,4025001407,Merchant_personal_care_47,personal_care,337.93,2024-11-08 18:26:00,Miami,FL,0
TXN-001409,2728001408,Merchant_misc_pos_34,misc_pos,324.74,2024-11-09 14:42:00,Philadelphia,PA,0
TXN-001410,2569001409,Merchant_grocery_pos_36,grocery_pos,175.1,2024-11-10 16:49:00,Houston,TX,0
TXN-001411,9408001410,Merchant_gas_transport_23,gas_transport,133.25,2024-11-11 18:15:00,Charlotte,NC,0
TXN-001412,4809001411,Merchant_grocery_pos_20,grocery_pos,208.23,2024-11-12 15:36:00,Charlotte,NC,0
TXN-001413,7962001412,Merchant_misc_net_20,misc_net,10323.76,2024-11-13 03:24:00,New York,NY,1
TXN-001414,1781001413,Merchant_food_dining_11,food_dining,108.27,2024-11-14 13:43:00,Atlanta,GA,0
TXN-001415,5223001414,Merchant_misc_net_9,misc_net,7883.74,2024-11-15 04:45:00,Charlotte,NC,1
TXN-001416,6477001415,Merchant_home_7,home,275.14,2024-11-16 13:08:00,Miami,FL,0
TXN-001417,6161001416,Merchant_home_30,home,59.87,2024-11-17 20:56:00,Los Angeles,CA,0
TXN-001418,6546001417,Merchant_personal_care_49,personal_care,324.13,2024-11-18 08:27:00,Philadelphia,PA,0
TXN-001419,3049001418,Merchant_shopping_pos_15,shopping_pos,7097.54,2024-11-19 03:50:00,Chicago,IL,1
TXN-001420,9079001419,Merchant_kids_pets_11,kids_pets,32.98,2024-11-20 14:14:00,Los Angeles,CA,0
TXN-001421,8123001420,Merchant_grocery_pos_41,grocery_pos,13180.15,2024-11-21 23:21:00,Philadelphia,PA,1
TXN-001422,4359001421,Merchant_gas_transport_47,gas_transport,51.86,2024-11-22 13:29:00,Atlanta,GA,0
TXN-001423,7910001422,Merchant_travel_30,travel,379.89,2024-11-23 20:57:00,Los Angeles,CA,0
TXN-001424,8917001423,Merchant_grocery_pos_6,grocery_pos,81.81,2024-11-24 10:10:00,Houston,TX,0
TXN-001425,4403001424,Merchant_entertainment_12,entertainment,235.73,2024-11-25 09:02:00,Los Angeles,CA,0
TXN-001426,9635001425,Merchant_home_1,home,272.57,2024-11-26 11:27:00,Charlotte,NC,0
TXN-001427,4965001426,Merchant_misc_net_30,misc_net,197.03,2024-11-27 18:41:00,Los Angeles,CA,0
TXN-001428,5469001427,Merchant_personal_care_9,personal_care,233.35,2024-11-28 19:58:00,Columbus,OH,0
TXN-001429,8695001428,Merchant_misc_net_31,misc_net,97.8,2024-11-29 23:18:00,Seattle,WA,1
TXN-001430,3682001429,Merchant_misc_net_39,misc_net,70.13,2024-11-30 15:56:00,Seattle,WA,0
TXN-001431,6724001430,Merchant_personal_care_22,personal_care,255.6,2024-12-01 20:02:00,Philadelphia,PA,0
TXN-001432,9034001431,Merchant_misc_net_42,misc_net,387.75,2024-12-02 08:04:00,Philadelphia,PA,0
TXN-001433,7281001432,Merchant_personal_care_29,personal_care,127.21,2024-12-03 15:42:00,New York,NY,0
TXN-001434,9792001433,Merchant_misc_net_28,misc_net,315.52,2024-12-04 18:34:00,Los Angeles,CA,0
TXN-001435,5480001434,Merchant_home_26,home,131.88,2024-12-05 16:53:00,New York,NY,0
TXN-001436,3082001435,Merchant_travel_26,travel,109.81,2024-12-06 18:00:00,Atlanta,GA,0
TXN-001437,8348001436,Merchant_misc_net_26,misc_net,180.55,2024-12-07 17:13:00,Seattle,WA,0
TXN-001438,3412001437,Merchant_health_fitness_43,health_fitness,137.6,2024-12-08 09:51:00,Los Angeles,CA,0
TXN-001439,5103001438,Merchant_health_fitness_8,health_fitness,304.94,2024-12-09 17:42:00,Houston,TX,0
TXN-001440,9929001439,Merchant_misc_net_11,misc_net,576.37,2024-12-10 03:32:00,Seattle,WA,1
TXN-001441,6607001440,Merchant_misc_net_27,misc_net,93.13,2024-12-11 18:56:00,Columbus,OH,0
TXN-001442,2618001441,Merchant_health_fitness_32,health_fitness,16.92,2024-12-12 11:06:00,Miami,FL,0
TXN-001443,8159001442,Merchant_misc_pos_44,misc_pos,82.39,2024-12-13 09:39:00,Charlotte,NC,0
TXN-001444,6167001443,Merchant_shopping_net_6,shopping_net,14258.51,2024-12-14 02:11:00,Charlotte,NC,1
TXN-001445,1873001444,Merchant_misc_net_25,misc_net,301.3,2024-12-15 14:35:00,Columbus,OH,0
TXN-001446,8478001445,Merchant_travel_26,travel,202.04,2024-12-16 13:27:00,Chicago,IL,0
TXN-001447,7280001446,Merchant_grocery_pos_28,grocery_pos,340.06,2024-12-17 18:56:00,Philadelphia,PA,0
TXN-001448,8858001447,Merchant_entertainment_35,entertainment,332.01,2024-12-18 14:40:00,Columbus,OH,0
TXN-001449,8872001448,Merchant_food_dining_29,food_dining,394.34,2024-12-19 14:43:00,Seattle,WA,0
TXN-001450,3020001449,Merchant_food_dining_5,food_dining,32.37,2024-12-20 14:41:00,Chicago,IL,0
TXN-001451,5227001450,Merchant_food_dining_1,food_dining,48.91,2024-12-21 18:29:00,Philadelphia,PA,0
TXN-001452,7877001451,Merchant_misc_net_39,misc_net,12783.15,2024-12-22 22:00:00,Seattle,WA,1
TXN-001453,7026001452,Merchant_food_dining_36,food_dining,61.19,2024-12-23 13:20:00,New York,NY,0
TXN-001454,9825001453,Merchant_misc_pos_38,misc_pos,226.72,2024-12-24 10:34:00,Charlotte,NC,0
TXN-001455,7097001454,Merchant_home_10,home,259.99,2024-12-25 15:26:00,Los Angeles,CA,0
TXN-001456,2583001455,Merchant_shopping_pos_17,shopping_pos,7713.89,2024-12-26 04:48:00,Atlanta,GA,1
TXN-001457,5568001456,Merchant_misc_pos_32,misc_pos,121.82,2024-12-27 15:06:00,Atlanta,GA,0
TXN-001458,6074001457,Merchant_grocery_pos_1,grocery_pos,11.94,2024-12-28 17:22:00,Seattle,WA,0
TXN-001459,2524001458,Merchant_grocery_pos_22,grocery_pos,76.03,2024-12-29 01:52:00,Los Angeles,CA,1
TXN-001460,7477001459,Merchant_food_dining_4,food_dining,399.42,2024-12-30 20:01:00,Chicago,IL,0
TXN-001461,9068001460,Merchant_food_dining_24,food_dining,311.92,2024-01-01 15:07:00,Philadelphia,PA,0
TXN-001462,7383001461,Merchant_kids_pets_48,kids_pets,18.94,2024-01-02 14:18:00,Houston,TX,0
TXN-001463,5170001462,Merchant_home_20,home,106.93,2024-01-03 20:28:00,Atlanta,GA,0
TXN-001464,7491001463,Merchant_misc_pos_33,misc_pos,159.23,2024-01-04 12:01:00,Philadelphia,PA,0
TXN-001465,8106001464,Merchant_shopping_net_29,shopping_net,376.73,2024-01-05 12:54:00,Charlotte,NC,0
TXN-001466,5647001465,Merchant_shopping_net_6,shopping_net,11706.43,2024-01-06 00:58:00,Seattle,WA,1
TXN-001467,4822001466,Merchant_entertainment_20,entertainment,335.03,2024-01-07 14:45:00,Miami,FL,0
TXN-001468,3386001467,Merchant_shopping_pos_49,shopping_pos,128.6,2024-01-08 10:14:00,Atlanta,GA,0
TXN-001469,6802001468,Merchant_misc_net_26,misc_net,75.65,2024-01-09 16:49:00,Chicago,IL,0
TXN-001470,5364001469,Merchant_health_fitness_33,health_fitness,336.67,2024-01-10 14:42:00,Atlanta,GA,0
TXN-001471,2667001470,Merchant_personal_care_48,personal_care,360.69,2024-01-11 20:35:00,Columbus,OH,0
TXN-001472,8408001471,Merchant_entertainment_3,entertainment,89.78,2024-01-12 16:54:00,Columbus,OH,0
TXN-001473,3241001472,Merchant_shopping_net_26,shopping_net,121.18,2024-01-13 16:33:00,Houston,TX,0
TXN-001474,1300001473,Merchant_grocery_pos_22,grocery_pos,12044.34,2024-01-14 03:13:00,Columbus,OH,1
TXN-001475,6269001474,Merchant_misc_pos_36,misc_pos,172.03,2024-01-15 11:51:00,Seattle,WA,0
TXN-001476,8969001475,Merchant_shopping_net_5,shopping_net,137.44,2024-01-16 09:45:00,Charlotte,NC,0
TXN-001477,5362001476,Merchant_food_dining_42,food_dining,298.94,2024-01-17 14:12:00,Atlanta,GA,0
TXN-001478,3247001477,Merchant_grocery_pos_46,grocery_pos,4260.79,2024-01-18 03:58:00,Philadelphia,PA,1
TXN-001479,7639001478,Merchant_kids_pets_4,kids_pets,348.25,2024-01-19 20:42:00,Charlotte,NC,0
TXN-001480,2578001479,Merchant_shopping_pos_1,shopping_pos,16.94,2024-01-20 09:49:00,Charlotte,NC,0
TXN-001481,5707001480,Merchant_food_dining_46,food_dining,327.43,2024-01-21 20:56:00,Columbus,OH,0
TXN-001482,6031001481,Merchant_health_fitness_39,health_fitness,62.9,2024-01-22 20:21:00,Seattle,WA,0
TXN-001483,8813001482,Merchant_misc_net_3,misc_net,14131.96,2024-01-23 01:23:00,New York,NY,1
TXN-001484,6349001483,Merchant_travel_8,travel,103.57,2024-01-24 09:04:00,Miami,FL,0
TXN-001485,6259001484,Merchant_travel_2,travel,222.28,2024-01-25 08:31:00,Chicago,IL,0
TXN-001486,9420001485,Merchant_shopping_pos_33,shopping_pos,221.81,2024-01-26 02:37:00,Columbus,OH,1
TXN-001487,3713001486,Merchant_personal_care_2,personal_care,236.18,2024-01-27 13:42:00,Seattle,WA,0
TXN-001488,1644001487,Merchant_health_fitness_32,health_fitness,45.07,2024-01-28 17:36:00,Chicago,IL,0
TXN-001489,3384001488,Merchant_travel_35,travel,292.03,2024-01-29 17:07:00,New York,NY,0
TXN-001490,1938001489,Merchant_kids_pets_9,kids_pets,383.12,2024-01-30 12:58:00,Columbus,OH,0
TXN-001491,6840001490,Merchant_misc_net_31,misc_net,4590.43,2024-01-31 01:11:00,Chicago,IL,1
TXN-001492,6500001491,Merchant_home_46,home,212.92,2024-02-01 16:54:00,Los Angeles,CA,0
TXN-001493,1378001492,Merchant_personal_care_7,personal_care,305.35,2024-02-02 13:27:00,Houston,TX,0
TXN-001494,3966001493,Merchant_misc_net_5,misc_net,275.35,2024-02-03 12:36:00,Philadelphia,PA,0
TXN-001495,7402001494,Merchant_kids_pets_43,kids_pets,141.28,2024-02-04 09:06:00,New York,NY,0
TXN-001496,7978001495,Merchant_travel_21,travel,291.23,2024-02-05 09:14:00,Chicago,IL,0
TXN-001497,8246001496,Merchant_personal_care_1,personal_care,101.47,2024-02-06 16:45:00,Seattle,WA,0
TXN-001498,7359001497,Merchant_shopping_pos_20,shopping_pos,362.8,2024-02-07 10:39:00,Los Angeles,CA,0
TXN-001499,5557001498,Merchant_gas_transport_12,gas_transport,320.72,2024-02-08 08:26:00,New York,NY,0
TXN-001500,6459001499,Merchant_home_13,home,171.1,2024-02-09 13:07:00,Charlotte,NC,0
TXN-001501,3456001500,Merchant_personal_care_12,personal_care,358.91,2024-02-10 17:13:00,Seattle,WA,0
TXN-001502,7072001501,Merchant_travel_7,travel,276.11,2024-02-11 16:48:00,Houston,TX,0
TXN-001503,7860001502,Merchant_personal_care_41,personal_care,159.45,2024-02-12 14:27:00,New York,NY,0
TXN-001504,5911001503,Merchant_misc_pos_35,misc_pos,87.18,2024-02-13 11:23:00,Chicago,IL,0
TXN-001505,1464001504,Merchant_misc_pos_11,misc_pos,18.13,2024-02-14 11:05:00,Columbus,OH,0
TXN-001506,5091001505,Merchant_health_fitness_45,health_fitness,389.39,2024-02-15 17:32:00,Columbus,OH,0
TXN-001507,9959001506,Merchant_shopping_net_12,shopping_net,4290.82,2024-02-16 01:36:00,New York,NY,1
TXN-001508,4018001507,Merchant_grocery_pos_6,grocery_pos,422.0,2024-02-17 22:11:00,Columbus,OH,1
TXN-001509,8712001508,Merchant_home_44,home,46.8,2024-02-18 18:14:00,Philadelphia,PA,0
TXN-001510,9054001509,Merchant_personal_care_44,personal_care,345.24,2024-02-19 17:22:00,Houston,TX,0
TXN-001511,8648001510,Merchant_travel_7,travel,210.8,2024-02-20 10:44:00,Los Angeles,CA,0
TXN-001512,3624001511,Merchant_gas_transport_2,gas_transport,28.86,2024-02-21 12:42:00,Charlotte,NC,0
TXN-001513,5174001512,Merchant_food_dining_10,food_dining,348.67,2024-02-22 11:04:00,Seattle,WA,0
TXN-001514,3692001513,Merchant_shopping_net_16,shopping_net,385.04,2024-02-23 16:20:00,Columbus,OH,0
TXN-001515,1936001514,Merchant_health_fitness_46,health_fitness,13.99,2024-02-24 17:55:00,Miami,FL,0
TXN-001516,4626001515,Merchant_food_dining_18,food_dining,128.41,2024-02-25 10:40:00,Houston,TX,0
TXN-001517,1595001516,Merchant_home_37,home,101.91,2024-02-26 14:12:00,Houston,TX,0
TXN-001518,8284001517,Merchant_food_dining_47,food_dining,14.35,2024-02-27 16:46:00,Houston,TX,0
TXN-001519,6363001518,Merchant_misc_net_17,misc_net,285.6,2024-02-28 20:23:00,Chicago,IL,0
TXN-001520,9384001519,Merchant_entertainment_6,entertainment,262.63,2024-02-29 16:54:00,New York,NY,0
TXN-001521,6553001520,Merchant_health_fitness_39,health_fitness,173.55,2024-03-01 20:35:00,Philadelphia,PA,0
TXN-001522,6875001521,Merchant_misc_net_7,misc_net,445.26,2024-03-02 04:50:00,Seattle,WA,1
TXN-001523,2639001522,Merchant_grocery_pos_19,grocery_pos,4786.84,2024-03-03 23:36:00,Charlotte,NC,1
TXN-001524,4239001523,Merchant_misc_net_7,misc_net,13491.68,2024-03-04 22:48:00,Seattle,WA,1
TXN-001525,7524001524,Merchant_misc_net_5,misc_net,316.57,2024-03-05 11:36:00,Miami,FL,0
TXN-001526,8065001525,Merchant_misc_net_31,misc_net,2295.07,2024-03-06 22:57:00,Seattle,WA,1
TXN-001527,9268001526,Merchant_personal_care_6,personal_care,153.87,2024-03-07 16:09:00,New York,NY,0
TXN-001528,5091001527,Merchant_grocery_pos_21,grocery_pos,7378.98,2024-03-08 23:31:00,Philadelphia,PA,1
TXN-001529,9645001528,Merchant_health_fitness_30,health_fitness,384.12,2024-03-09 20:38:00,Columbus,OH,0
TXN-001530,2892001529,Merchant_misc_net_2,misc_net,187.65,2024-03-10 18:15:00,New York,NY,0
TXN-001531,4271001530,Merchant_kids_pets_26,kids_pets,375.63,2024-03-11 12:40:00,Seattle,WA,0
TXN-001532,9732001531,Merchant_health_fitness_5,health_fitness,369.59,2024-03-12 17:51:00,Seattle,WA,0
TXN-001533,5426001532,Merchant_shopping_pos_18,shopping_pos,224.25,2024-03-13 20:10:00,Houston,TX,0
TXN-001534,2687001533,Merchant_entertainment_45,entertainment,91.18,2024-03-14 20:55:00,New York,NY,0
TXN-001535,5826001534,Merchant_grocery_pos_35,grocery_pos,277.23,2024-03-15 20:47:00,Columbus,OH,0
TXN-001536,9497001535,Merchant_grocery_pos_41,grocery_pos,207.73,2024-03-16 09:33:00,Houston,TX,0
TXN-001537,5959001536,Merchant_misc_pos_13,misc_pos,164.83,2024-03-17 15:01:00,Seattle,WA,0
TXN-001538,4600001537,Merchant_travel_21,travel,365.58,2024-03-18 19:58:00,Houston,TX,0
TXN-001539,5059001538,Merchant_misc_net_47,misc_net,115.29,2024-03-19 15:41:00,Atlanta,GA,0
TXN-001540,6203001539,Merchant_shopping_pos_4,shopping_pos,214.93,2024-03-20 10:53:00,Los Angeles,CA,0
TXN-001541,2359001540,Merchant_misc_net_36,misc_net,112.49,2024-03-21 12:20:00,Miami,FL,0
TXN-001542,2994001541,Merchant_home_17,home,286.03,2024-03-22 09:52:00,Seattle,WA,0
TXN-001543,3338001542,Merchant_shopping_pos_20,shopping_pos,399.55,2024-03-23 09:17:00,Chicago,IL,0
TXN-001544,7434001543,Merchant_gas_transport_30,gas_transport,245.63,2024-03-24 19:46:00,Atlanta,GA,0
TXN-001545,8622001544,Merchant_food_dining_2,food_dining,76.42,2024-03-25 15:24:00,New York,NY,0
TXN-001546,7873001545,Merchant_misc_net_1,misc_net,143.13,2024-03-26 18:06:00,Chicago,IL,0
TXN-001547,8224001546,Merchant_kids_pets_29,kids_pets,364.07,2024-03-27 15:10:00,Columbus,OH,0
TXN-001548,9716001547,Merchant_health_fitness_40,health_fitness,352.31,2024-03-28 08:13:00,Miami,FL,0
TXN-001549,8265001548,Merchant_health_fitness_29,health_fitness,52.37,2024-03-29 17:25:00,New York,NY,0
TXN-001550,8955001549,Merchant_misc_net_31,misc_net,138.84,2024-03-30 16:02:00,Philadelphia,PA,0
TXN-001551,3596001550,Merchant_misc_net_35,misc_net,10216.65,2024-03-31 22:46:00,Columbus,OH,1
TXN-001552,5650001551,Merchant_travel_48,travel,230.55,2024-04-01 20:40:00,Atlanta,GA,0
TXN-001553,7175001552,Merchant_misc_net_29,misc_net,58.86,2024-04-02 13:50:00,Columbus,OH,0
TXN-001554,7908001553,Merchant_grocery_pos_28,grocery_pos,14493.91,2024-04-03 03:47:00,Columbus,OH,1
TXN-001555,1183001554,Merchant_gas_transport_48,gas_transport,287.81,2024-04-04 11:30:00,Columbus,OH,0
TXN-001556,9429001555,Merchant_travel_12,travel,199.98,2024-04-05 18:07:00,Seattle,WA,0
TXN-001557,9954001556,Merchant_food_dining_42,food_dining,108.95,2024-04-06 12:37:00,Los Angeles,CA,0
TXN-001558,9198001557,Merchant_travel_20,travel,345.96,2024-04-07 14:15:00,Seattle,WA,0
TXN-001559,5975001558,Merchant_grocery_pos_20,grocery_pos,185.01,2024-04-08 14:09:00,Houston,TX,0
TXN-001560,3954001559,Merchant_home_2,home,386.04,2024-04-09 19:17:00,Columbus,OH,0
TXN-001561,6497001560,Merchant_shopping_pos_28,shopping_pos,117.72,2024-04-10 17:53:00,Chicago,IL,0
TXN-001562,5037001561,Merchant_shopping_pos_7,shopping_pos,355.16,2024-04-11 18:39:00,Charlotte,NC,0
TXN-001563,2200001562,Merchant_gas_transport_3,gas_transport,105.11,2024-04-12 12:39:00,Seattle,WA,0
TXN-001564,4768001563,Merchant_gas_transport_20,gas_transport,349.43,2024-04-13 12:22:00,Seattle,WA,0
TXN-001565,3306001564,Merchant_shopping_net_33,shopping_net,3625.97,2024-04-14 02:04:00,Charlotte,NC,1
TXN-001566,6190001565,Merchant_grocery_pos_6,grocery_pos,360.97,2024-04-15 05:15:00,Chicago,IL,1
TXN-001567,2996001566,Merchant_entertainment_3,entertainment,116.0,2024-04-16 10:21:00,Miami,FL,0
TXN-001568,4760001567,Merchant_grocery_pos_30,grocery_pos,6758.02,2024-04-17 02:16:00,Miami,FL,1
TXN-001569,2055001568,Merchant_health_fitness_6,health_fitness,385.83,2024-04-18 13:23:00,Philadelphia,PA,0
TXN-001570,3836001569,Merchant_shopping_net_43,shopping_net,14369.42,2024-04-19 04:25:00,Columbus,OH,1
TXN-001571,3050001570,Merchant_shopping_net_34,shopping_net,210.42,2024-04-20 09:01:00,New York,NY,0
TXN-001572,2741001571,Merchant_shopping_pos_32,shopping_pos,10453.8,2024-04-21 04:41:00,Chicago,IL,1
TXN-001573,9987001572,Merchant_food_dining_9,food_dining,127.98,2024-04-22 17:52:00,Miami,FL,0
TXN-001574,8803001573,Merchant_shopping_pos_22,shopping_pos,238.21,2024-04-23 17:30:00,Atlanta,GA,0
TXN-001575,3135001574,Merchant_travel_47,travel,223.34,2024-04-24 15:51:00,Los Angeles,CA,0
TXN-001576,1387001575,Merchant_entertainment_46,entertainment,152.98,2024-04-25 16:28:00,Columbus,OH,0
TXN-001577,7050001576,Merchant_health_fitness_26,health_fitness,25.49,2024-04-26 18:41:00,Columbus,OH,0
TXN-001578,8730001577,Merchant_grocery_pos_27,grocery_pos,175.86,2024-04-27 10:42:00,Houston,TX,0
TXN-001579,6512001578,Merchant_travel_45,travel,268.52,2024-04-28 09:52:00,New York,NY,0
TXN-001580,8197001579,Merchant_misc_net_12,misc_net,73.23,2024-04-29 19:09:00,Atlanta,GA,0
TXN-001581,4255001580,Merchant_home_5,home,174.31,2024-04-30 13:03:00,Houston,TX,0
TXN-001582,4825001581,Merchant_misc_net_15,misc_net,2048.6,2024-05-01 03:44:00,Charlotte,NC,1
TXN-001583,2492001582,Merchant_travel_47,travel,201.79,2024-05-02 16:24:00,Columbus,OH,0
TXN-001584,9105001583,Merchant_shopping_net_5,shopping_net,10198.68,2024-05-03 02:37:00,Charlotte,NC,1
TXN-001585,9589001584,Merchant_shopping_pos_25,shopping_pos,1619.25,2024-05-04 22:09:00,Seattle,WA,1
TXN-001586,3005001585,Merchant_gas_transport_9,gas_transport,144.95,2024-05-05 12:00:00,Charlotte,NC,0
TXN-001587,3164001586,Merchant_gas_transport_15,gas_transport,317.07,2024-05-06 09:55:00,Los Angeles,CA,0
TXN-001588,9772001587,Merchant_misc_net_18,misc_net,76.81,2024-05-07 11:13:00,Houston,TX,0
TXN-001589,8754001588,Merchant_misc_net_26,misc_net,372.31,2024-05-08 18:40:00,Los Angeles,CA,0
TXN-001590,2534001589,Merchant_shopping_pos_38,shopping_pos,194.22,2024-05-09 19:03:00,Atlanta,GA,0
TXN-001591,7453001590,Merchant_food_dining_5,food_dining,120.52,2024-05-10 12:20:00,Seattle,WA,0
TXN-001592,7145001591,Merchant_gas_transport_26,gas_transport,61.11,2024-05-11 08:24:00,Houston,TX,0
TXN-001593,1982001592,Merchant_home_26,home,24.08,2024-05-12 09:13:00,Miami,FL,0
TXN-001594,2316001593,Merchant_health_fitness_17,health_fitness,60.03,2024-05-13 16:20:00,Atlanta,GA,0
TXN-001595,2802001594,Merchant_shopping_pos_1,shopping_pos,301.61,2024-05-14 10:48:00,New York,NY,0
TXN-001596,8885001595,Merchant_kids_pets_26,kids_pets,362.82,2024-05-15 08:12:00,Seattle,WA,0
TXN-001597,2696001596,Merchant_health_fitness_9,health_fitness,109.81,2024-05-16 10:45:00,Atlanta,GA,0
TXN-001598,9382001597,Merchant_misc_net_28,misc_net,103.75,2024-05-17 17:47:00,Houston,TX,0
TXN-001599,8952001598,Merchant_shopping_pos_7,shopping_pos,629.6,2024-05-18 04:02:00,Houston,TX,1
TXN-001600,7376001599,Merchant_shopping_net_46,shopping_net,1541.47,2024-05-19 23:19:00,Miami,FL,1
TXN-001601,6223001600,Merchant_shopping_pos_17,shopping_pos,382.87,2024-05-20 18:52:00,Seattle,WA,0
TXN-001602,7310001601,Merchant_gas_transport_11,gas_transport,173.03,2024-05-21 14:49:00,Houston,TX,0
TXN-001603,3045001602,Merchant_grocery_pos_42,grocery_pos,241.9,2024-05-22 19:11:00,Miami,FL,0
TXN-001604,8780001603,Merchant_shopping_net_26,shopping_net,249.55,2024-05-23 08:13:00,Seattle,WA,0
TXN-001605,9459001604,Merchant_home_18,home,162.04,2024-05-24 08:13:00,New York,NY,0
TXN-001606,4182001605,Merchant_health_fitness_1,health_fitness,92.16,2024-05-25 14:33:00,Seattle,WA,0
TXN-001607,6946001606,Merchant_shopping_pos_16,shopping_pos,51.33,2024-05-26 13:45:00,New York,NY,0
TXN-001608,1150001607,Merchant_shopping_net_13,shopping_net,9356.48,2024-05-27 22:03:00,New York,NY,1
TXN-001609,1881001608,Merchant_gas_transport_44,gas_transport,70.4,2024-05-28 10:14:00,Houston,TX,0
TXN-001610,7013001609,Merchant_kids_pets_44,kids_pets,52.45,2024-05-29 17:50:00,Houston,TX,0
TXN-001611,2462001610,Merchant_shopping_pos_1,shopping_pos,51.73,2024-05-30 10:24:00,Los Angeles,CA,0
TXN-001612,8306001611,Merchant_entertainment_48,entertainment,259.97,2024-05-31 14:44:00,Charlotte,NC,0
TXN-001613,7963001612,Merchant_health_fitness_36,health_fitness,248.39,2024-06-01 09:48:00,Miami,FL,0
TXN-001614,2403001613,Merchant_shopping_net_46,shopping_net,36.49,2024-06-02 12:18:00,Philadelphia,PA,0
TXN-001615,4389001614,Merchant_misc_pos_23,misc_pos,355.45,2024-06-03 09:56:00,Charlotte,NC,0
TXN-001616,4343001615,Merchant_gas_transport_19,gas_transport,308.63,2024-06-04 14:30:00,Philadelphia,PA,0
TXN-001617,5327001616,Merchant_food_dining_8,food_dining,35.29,2024-06-05 16:45:00,Philadelphia,PA,0
TXN-001618,3639001617,Merchant_personal_care_41,personal_care,103.07,2024-06-06 09:06:00,New York,NY,0
TXN-001619,7722001618,Merchant_personal_care_13,personal_care,271.27,2024-06-07 17:26:00,Miami,FL,0
TXN-001620,1489001619,Merchant_shopping_net_48,shopping_net,397.6,2024-06-08 08:32:00,Columbus,OH,0
TXN-001621,6325001620,Merchant_kids_pets_45,kids_pets,297.41,2024-06-09 18:10:00,Seattle,WA,0
TXN-001622,7657001621,Merchant_personal_care_32,personal_care,304.07,2024-06-10 13:43:00,Los Angeles,CA,0
TXN-001623,1706001622,Merchant_misc_pos_29,misc_pos,318.09,2024-06-11 09:50:00,Seattle,WA,0
TXN-001624,8394001623,Merchant_food_dining_8,food_dining,259.81,2024-06-12 14:53:00,Philadelphia,PA,0
TXN-001625,5415001624,Merchant_entertainment_26,entertainment,98.56,2024-06-13 14:50:00,Philadelphia,PA,0
TXN-001626,5162001625,Merchant_home_5,home,213.85,2024-06-14 11:33:00,Miami,FL,0
TXN-001627,2799001626,Merchant_kids_pets_34,kids_pets,99.84,2024-06-15 18:46:00,Houston,TX,0
TXN-001628,3063001627,Merchant_travel_43,travel,24.95,2024-06-16 14:45:00,Miami,FL,0
TXN-001629,3424001628,Merchant_kids_pets_36,kids_pets,197.61,2024-06-17 12:03:00,Houston,TX,0
TXN-001630,5893001629,Merchant_food_dining_3,food_dining,351.97,2024-06-18 15:27:00,Miami,FL,0
TXN-001631,6050001630,Merchant_grocery_pos_32,grocery_pos,152.5,2024-06-19 02:50:00,Miami,FL,1
TXN-001632,2669001631,Merchant_gas_transport_16,gas_transport,24.62,2024-06-20 16:23:00,Chicago,IL,0
TXN-001633,9624001632,Merchant_home_3,home,131.31,2024-06-21 12:08:00,Los Angeles,CA,0
TXN-001634,4176001633,Merchant_health_fitness_39,health_fitness,29.7,2024-06-22 10:53:00,Houston,TX,0
TXN-001635,4666001634,Merchant_grocery_pos_43,grocery_pos,55.0,2024-06-23 09:13:00,Miami,FL,0
TXN-001636,6438001635,Merchant_health_fitness_23,health_fitness,41.23,2024-06-24 11:14:00,New York,NY,0
TXN-001637,8763001636,Merchant_shopping_net_38,shopping_net,35.45,2024-06-25 14:41:00,Philadelphia,PA,0
TXN-001638,9382001637,Merchant_entertainment_45,entertainment,384.75,2024-06-26 11:46:00,Atlanta,GA,0
TXN-001639,8512001638,Merchant_food_dining_14,food_dining,95.28,2024-06-27 13:17:00,Charlotte,NC,0
TXN-001640,5963001639,Merchant_food_dining_49,food_dining,69.6,2024-06-28 12:39:00,Seattle,WA,0
TXN-001641,7562001640,Merchant_food_dining_35,food_dining,340.76,2024-06-29 14:58:00,New York,NY,0
TXN-001642,6778001641,Merchant_food_dining_12,food_dining,295.21,2024-06-30 19:17:00,Charlotte,NC,0
TXN-001643,9631001642,Merchant_home_40,home,395.08,2024-07-01 14:32:00,Chicago,IL,0
TXN-001644,6197001643,Merchant_home_24,home,311.25,2024-07-02 19:14:00,Atlanta,GA,0
TXN-001645,1097001644,Merchant_entertainment_9,entertainment,350.8,2024-07-03 11:33:00,Miami,FL,0
TXN-001646,6274001645,Merchant_health_fitness_47,health_fitness,164.47,2024-07-04 10:02:00,Chicago,IL,0
TXN-001647,1943001646,Merchant_entertainment_46,entertainment,74.45,2024-07-05 15:51:00,Chicago,IL,0
TXN-001648,1126001647,Merchant_personal_care_10,personal_care,142.74,2024-07-06 10:00:00,Houston,TX,0
TXN-001649,4162001648,Merchant_travel_22,travel,102.85,2024-07-07 17:38:00,Seattle,WA,0
TXN-001650,2344001649,Merchant_misc_net_10,misc_net,12967.1,2024-07-08 02:38:00,Columbus,OH,1
TXN-001651,1398001650,Merchant_grocery_pos_20,grocery_pos,278.35,2024-07-09 12:29:00,Los Angeles,CA,0
TXN-001652,6468001651,Merchant_health_fitness_46,health_fitness,384.92,2024-07-10 18:54:00,New York,NY,0
TXN-001653,4734001652,Merchant_misc_net_9,misc_net,168.16,2024-07-11 20:56:00,Philadelphia,PA,0
TXN-001654,3200001653,Merchant_misc_net_26,misc_net,19.0,2024-07-12 09:06:00,Seattle,WA,0
TXN-001655,2957001654,Merchant_travel_24,travel,205.53,2024-07-13 14:58:00,Charlotte,NC,0
TXN-001656,2761001655,Merchant_misc_net_14,misc_net,294.66,2024-07-14 22:14:00,Atlanta,GA,1
TXN-001657,7624001656,Merchant_kids_pets_8,kids_pets,209.05,2024-07-15 17:03:00,Atlanta,GA,0
TXN-001658,9701001657,Merchant_travel_5,travel,173.02,2024-07-16 08:18:00,Philadelphia,PA,0
TXN-001659,1363001658,Merchant_misc_pos_21,misc_pos,170.26,2024-07-17 08:47:00,Atlanta,GA,0
TXN-001660,2417001659,Merchant_personal_care_42,personal_care,187.7,2024-07-18 09:43:00,Miami,FL,0
TXN-001661,2803001660,Merchant_kids_pets_39,kids_pets,369.48,2024-07-19 14:19:00,Seattle,WA,0
TXN-001662,5141001661,Merchant_grocery_pos_31,grocery_pos,330.98,2024-07-20 09:57:00,Houston,TX,0
TXN-001663,6647001662,Merchant_kids_pets_34,kids_pets,125.92,2024-07-21 19:27:00,Miami,FL,0
TXN-001664,8205001663,Merchant_misc_net_23,misc_net,72.82,2024-07-22 20:11:00,Atlanta,GA,0
TXN-001665,4906001664,Merchant_grocery_pos_40,grocery_pos,2975.05,2024-07-23 23:43:00,New York,NY,1
TXN-001666,1564001665,Merchant_grocery_pos_41,grocery_pos,384.23,2024-07-24 09:49:00,Atlanta,GA,0
TXN-001667,3706001666,Merchant_home_7,home,359.77,2024-07-25 08:07:00,Seattle,WA,0
TXN-001668,6838001667,Merchant_health_fitness_25,health_fitness,118.55,2024-07-26 15:19:00,Miami,FL,0
TXN-001669,5800001668,Merchant_shopping_pos_16,shopping_pos,186.25,2024-07-27 10:20:00,Los Angeles,CA,0
TXN-001670,2261001669,Merchant_travel_35,travel,104.42,2024-07-28 12:19:00,Columbus,OH,0
TXN-001671,3628001670,Merchant_entertainment_38,entertainment,71.47,2024-07-29 17:26:00,Philadelphia,PA,0
TXN-001672,7322001671,Merchant_personal_care_41,personal_care,184.47,2024-07-30 12:44:00,Columbus,OH,0
TXN-001673,7117001672,Merchant_misc_pos_45,misc_pos,349.08,2024-07-31 13:30:00,Chicago,IL,0
TXN-001674,2337001673,Merchant_home_19,home,287.96,2024-08-01 18:26:00,Atlanta,GA,0
TXN-001675,6153001674,Merchant_gas_transport_38,gas_transport,315.7,2024-08-02 20:58:00,Chicago,IL,0
TXN-001676,6528001675,Merchant_misc_pos_46,misc_pos,73.21,2024-08-03 10:55:00,Miami,FL,0
TXN-001677,4351001676,Merchant_entertainment_16,entertainment,271.96,2024-08-04 13:33:00,Miami,FL,0
TXN-001678,2396001677,Merchant_entertainment_10,entertainment,79.24,2024-08-05 14:02:00,Houston,TX,0
TXN-001679,5997001678,Merchant_shopping_pos_5,shopping_pos,328.76,2024-08-06 08:10:00,Charlotte,NC,0
TXN-001680,7918001679,Merchant_misc_net_31,misc_net,301.05,2024-08-07 20:37:00,Atlanta,GA,0
TXN-001681,9477001680,Merchant_misc_net_49,misc_net,327.1,2024-08-08 14:22:00,New York,NY,0
TXN-001682,6858001681,Merchant_misc_net_46,misc_net,46.71,2024-08-09 17:31:00,Philadelphia,PA,0
TXN-001683,7235001682,Merchant_misc_net_15,misc_net,35.5,2024-08-10 09:21:00,New York,NY,0
TXN-001684,8977001683,Merchant_misc_net_30,misc_net,105.61,2024-08-11 04:41:00,Seattle,WA,1
TXN-001685,7488001684,Merchant_shopping_net_8,shopping_net,18.86,2024-08-12 09:28:00,New York,NY,0
TXN-001686,5858001685,Merchant_personal_care_24,personal_care,208.22,2024-08-13 19:39:00,Miami,FL,0
TXN-001687,7796001686,Merchant_misc_pos_44,misc_pos,99.19,2024-08-14 12:17:00,Atlanta,GA,0
TXN-001688,3464001687,Merchant_health_fitness_29,health_fitness,131.89,2024-08-15 19:03:00,Charlotte,NC,0
TXN-001689,3529001688,Merchant_home_25,home,24.99,2024-08-16 11:24:00,Charlotte,NC,0
TXN-001690,3303001689,Merchant_shopping_net_22,shopping_net,316.42,2024-08-17 08:50:00,Philadelphia,PA,0
TXN-001691,9642001690,Merchant_shopping_net_39,shopping_net,12643.22,2024-08-18 23:37:00,Houston,TX,1
TXN-001692,7746001691,Merchant_shopping_net_18,shopping_net,39.89,2024-08-19 12:36:00,Los Angeles,CA,0
TXN-001693,1479001692,Merchant_personal_care_4,personal_care,93.07,2024-08-20 08:34:00,Charlotte,NC,0
TXN-001694,5434001693,Merchant_personal_care_34,personal_care,7.09,2024-08-21 19:05:00,Charlotte,NC,0
TXN-001695,3607001694,Merchant_misc_net_34,misc_net,262.83,2024-08-22 13:36:00,Houston,TX,0
TXN-001696,4890001695,Merchant_health_fitness_38,health_fitness,295.07,2024-08-23 19:51:00,Los Angeles,CA,0
TXN-001697,7812001696,Merchant_misc_net_16,misc_net,327.28,2024-08-24 12:18:00,Atlanta,GA,0
TXN-001698,1349001697,Merchant_misc_net_1,misc_net,139.84,2024-08-25 13:47:00,Los Angeles,CA,0
TXN-001699,1219001698,Merchant_travel_38,travel,26.3,2024-08-26 09:22:00,Los Angeles,CA,0
TXN-001700,8609001699,Merchant_misc_net_28,misc_net,12073.31,2024-08-27 01:45:00,Charlotte,NC,1
TXN-001701,2115001700,Merchant_shopping_pos_46,shopping_pos,251.5,2024-08-28 16:22:00,Chicago,IL,0
TXN-001702,5672001701,Merchant_kids_pets_4,kids_pets,115.61,2024-08-29 17:45:00,New York,NY,0
TXN-001703,3098001702,Merchant_kids_pets_1,kids_pets,348.89,2024-08-30 20:28:00,Atlanta,GA,0
TXN-001704,1240001703,Merchant_travel_39,travel,46.12,2024-08-31 17:40:00,Miami,FL,0
TXN-001705,4269001704,Merchant_shopping_pos_49,shopping_pos,571.21,2024-09-01 00:49:00,Seattle,WA,1
TXN-001706,5799001705,Merchant_shopping_pos_22,shopping_pos,395.27,2024-09-02 08:16:00,Philadelphia,PA,0
TXN-001707,5679001706,Merchant_personal_care_49,personal_care,209.95,2024-09-03 13:42:00,Houston,TX,0
TXN-001708,3715001707,Merchant_misc_net_15,misc_net,13341.59,2024-09-04 03:13:00,Atlanta,GA,1
TXN-001709,8737001708,Merchant_travel_30,travel,6.44,2024-09-05 14:52:00,Philadelphia,PA,0
TXN-001710,9976001709,Merchant_home_46,home,112.16,2024-09-06 11:18:00,Chicago,IL,0
TXN-001711,3389001710,Merchant_shopping_pos_34,shopping_pos,53.6,2024-09-07 15:56:00,Charlotte,NC,0
TXN-001712,4875001711,Merchant_misc_pos_21,misc_pos,394.49,2024-09-08 12:34:00,Chicago,IL,0
TXN-001713,4642001712,Merchant_shopping_pos_32,shopping_pos,230.04,2024-09-09 10:05:00,Chicago,IL,0
TXN-001714,1141001713,Merchant_gas_transport_26,gas_transport,345.06,2024-09-10 08:37:00,Philadelphia,PA,0
TXN-001715,1682001714,Merchant_misc_pos_12,misc_pos,317.78,2024-09-11 19:49:00,Atlanta,GA,0
TXN-001716,6420001715,Merchant_entertainment_26,entertainment,309.52,2024-09-12 17:31:00,Philadelphia,PA,0
TXN-001717,1535001716,Merchant_shopping_pos_40,shopping_pos,24.63,2024-09-13 15:12:00,Columbus,OH,0
TXN-001718,3176001717,Merchant_shopping_net_26,shopping_net,46.7,2024-09-14 17:15:00,Columbus,OH,0
TXN-001719,8107001718,Merchant_home_32,home,69.84,2024-09-15 14:38:00,Houston,TX,0
TXN-001720,1446001719,Merchant_misc_pos_17,misc_pos,337.65,2024-09-16 18:38:00,Miami,FL,0
TXN-001721,4268001720,Merchant_home_39,home,339.53,2024-09-17 13:37:00,Philadelphia,PA,0
TXN-001722,3487001721,Merchant_grocery_pos_13,grocery_pos,5534.52,2024-09-18 23:23:00,Atlanta,GA,1
TXN-001723,8740001722,Merchant_shopping_pos_22,shopping_pos,57.78,2024-09-19 16:02:00,Houston,TX,0
TXN-001724,7331001723,Merchant_travel_32,travel,49.04,2024-09-20 15:55:00,Miami,FL,0
TXN-001725,9648001724,Merchant_travel_14,travel,85.61,2024-09-21 13:17:00,Columbus,OH,0
TXN-001726,8638001725,Merchant_entertainment_41,entertainment,239.23,2024-09-22 17:17:00,New York,NY,0
TXN-001727,2704001726,Merchant_travel_20,travel,179.38,2024-09-23 15:25:00,New York,NY,0
TXN-001728,7599001727,Merchant_grocery_pos_8,grocery_pos,7111.63,2024-09-24 01:42:00,Columbus,OH,1
TXN-001729,8491001728,Merchant_gas_transport_10,gas_transport,239.3,2024-09-25 13:13:00,Houston,TX,0
TXN-001730,9116001729,Merchant_health_fitness_26,health_fitness,132.4,2024-09-26 20:11:00,Columbus,OH,0
TXN-001731,4007001730,Merchant_travel_45,travel,31.86,2024-09-27 18:40:00,Seattle,WA,0
TXN-001732,5997001731,Merchant_travel_13,travel,267.43,2024-09-28 10:32:00,Charlotte,NC,0
TXN-001733,3999001732,Merchant_misc_net_43,misc_net,306.61,2024-09-29 14:58:00,Seattle,WA,0
TXN-001734,9748001733,Merchant_personal_care_30,personal_care,346.93,2024-09-30 12:09:00,Philadelphia,PA,0
TXN-001735,2013001734,Merchant_shopping_net_40,shopping_net,90.74,2024-10-01 18:58:00,Philadelphia,PA,0
TXN-001736,3130001735,Merchant_entertainment_16,entertainment,171.99,2024-10-02 10:13:00,Houston,TX,0
TXN-001737,4750001736,Merchant_entertainment_45,entertainment,269.94,2024-10-03 19:37:00,Charlotte,NC,0
TXN-001738,5283001737,Merchant_gas_transport_37,gas_transport,155.36,2024-10-04 11:20:00,Columbus,OH,0
TXN-001739,8638001738,Merchant_misc_pos_49,misc_pos,40.29,2024-10-05 17:09:00,New York,NY,0
TXN-001740,9941001739,Merchant_kids_pets_32,kids_pets,108.67,2024-10-06 09:57:00,Los Angeles,CA,0
TXN-001741,6745001740,Merchant_shopping_net_4,shopping_net,44.95,2024-10-07 10:19:00,Houston,TX,0
TXN-001742,1033001741,Merchant_misc_net_33,misc_net,41.27,2024-10-08 13:21:00,Los Angeles,CA,0
TXN-001743,3077001742,Merchant_misc_net_41,misc_net,211.48,2024-10-09 09:12:00,Miami,FL,0
TXN-001744,2303001743,Merchant_kids_pets_45,kids_pets,343.72,2024-10-10 18:27:00,Charlotte,NC,0
TXN-001745,3579001744,Merchant_food_dining_30,food_dining,62.9,2024-10-11 12:52:00,Chicago,IL,0
TXN-001746,4108001745,Merchant_health_fitness_33,health_fitness,315.81,2024-10-12 11:29:00,Los Angeles,CA,0
TXN-001747,8399001746,Merchant_travel_10,travel,271.19,2024-10-13 14:01:00,Chicago,IL,0
TXN-001748,9805001747,Merchant_health_fitness_8,health_fitness,87.64,2024-10-14 11:55:00,Houston,TX,0
TXN-001749,7099001748,Merchant_grocery_pos_2,grocery_pos,270.07,2024-10-15 12:35:00,Philadelphia,PA,0
TXN-001750,2272001749,Merchant_grocery_pos_2,grocery_pos,95.24,2024-10-16 14:45:00,Los Angeles,CA,0
TXN-001751,7959001750,Merchant_home_19,home,206.82,2024-10-17 14:09:00,Columbus,OH,0
TXN-001752,9736001751,Merchant_gas_transport_19,gas_transport,365.26,2024-10-18 17:16:00,Chicago,IL,0
TXN-001753,4645001752,Merchant_health_fitness_10,health_fitness,35.22,2024-10-19 17:05:00,Los Angeles,CA,0
TXN-001754,2632001753,Merchant_misc_net_18,misc_net,238.13,2024-10-20 15:12:00,Atlanta,GA,0
TXN-001755,4050001754,Merchant_gas_transport_20,gas_transport,143.12,2024-10-21 15:20:00,Chicago,IL,0
TXN-001756,5746001755,Merchant_shopping_pos_47,shopping_pos,171.66,2024-10-22 18:44:00,Columbus,OH,0
TXN-001757,2917001756,Merchant_misc_net_10,misc_net,227.38,2024-10-23 15:45:00,Atlanta,GA,0
TXN-001758,6894001757,Merchant_misc_net_33,misc_net,137.18,2024-10-24 15:29:00,Columbus,OH,0
TXN-001759,4754001758,Merchant_shopping_pos_3,shopping_pos,11694.63,2024-10-25 01:01:00,Chicago,IL,1
TXN-001760,7490001759,Merchant_entertainment_38,entertainment,158.18,2024-10-26 11:09:00,Los Angeles,CA,0
TXN-001761,9000001760,Merchant_home_16,home,282.33,2024-10-27 16:37:00,New York,NY,0
TXN-001762,4973001761,Merchant_home_9,home,269.46,2024-10-28 13:28:00,Chicago,IL,0
TXN-001763,7989001762,Merchant_food_dining_24,food_dining,192.56,2024-10-29 16:24:00,Miami,FL,0
TXN-001764,3667001763,Merchant_health_fitness_9,health_fitness,90.21,2024-10-30 08:22:00,Columbus,OH,0
TXN-001765,4278001764,Merchant_kids_pets_46,kids_pets,205.28,2024-10-31 20:48:00,Chicago,IL,0
TXN-001766,8809001765,Merchant_food_dining_43,food_dining,183.47,2024-11-01 13:00:00,Philadelphia,PA,0
TXN-001767,8574001766,Merchant_personal_care_48,personal_care,338.45,2024-11-02 20:20:00,New York,NY,0
TXN-001768,6363001767,Merchant_health_fitness_21,health_fitness,111.13,2024-11-03 10:17:00,Miami,FL,0
TXN-001769,7715001768,Merchant_personal_care_9,personal_care,85.07,2024-11-04 16:02:00,Columbus,OH,0
TXN-001770,3760001769,Merchant_grocery_pos_26,grocery_pos,108.89,2024-11-05 10:11:00,New York,NY,0
TXN-001771,5775001770,Merchant_misc_pos_21,misc_pos,294.17,2024-11-06 18:53:00,Miami,FL,0
TXN-001772,4508001771,Merchant_misc_net_32,misc_net,326.11,2024-11-07 18:58:00,Columbus,OH,0
TXN-001773,2064001772,Merchant_shopping_net_36,shopping_net,427.42,2024-11-08 04:02:00,Seattle,WA,1
TXN-001774,1719001773,Merchant_personal_care_18,personal_care,210.54,2024-11-09 13:35:00,Columbus,OH,0
TXN-001775,6526001774,Merchant_home_45,home,262.41,2024-11-10 14:05:00,Seattle,WA,0
TXN-001776,4161001775,Merchant_shopping_pos_36,shopping_pos,42.66,2024-11-11 08:36:00,Philadelphia,PA,0
TXN-001777,7469001776,Merchant_grocery_pos_9,grocery_pos,4989.39,2024-11-12 04:27:00,Philadelphia,PA,1
TXN-001778,1851001777,Merchant_shopping_net_2,shopping_net,393.45,2024-11-13 15:02:00,Charlotte,NC,0
TXN-001779,3768001778,Merchant_shopping_pos_21,shopping_pos,239.05,2024-11-14 15:14:00,New York,NY,0
TXN-001780,5082001779,Merchant_misc_pos_49,misc_pos,25.58,2024-11-15 08:39:00,Seattle,WA,0
TXN-001781,2628001780,Merchant_health_fitness_25,health_fitness,281.57,2024-11-16 17:06:00,New York,NY,0
TXN-001782,9678001781,Merchant_grocery_pos_28,grocery_pos,153.98,2024-11-17 19:16:00,Houston,TX,0
TXN-001783,9174001782,Merchant_health_fitness_1,health_fitness,335.4,2024-11-18 09:52:00,Miami,FL,0
TXN-001784,4251001783,Merchant_misc_pos_10,misc_pos,324.49,2024-11-19 18:52:00,Atlanta,GA,0
TXN-001785,4819001784,Merchant_grocery_pos_41,grocery_pos,233.84,2024-11-20 17:19:00,Chicago,IL,0
TXN-001786,4717001785,Merchant_home_10,home,119.73,2024-11-21 20:49:00,Philadelphia,PA,0
TXN-001787,2373001786,Merchant_food_dining_30,food_dining,119.16,2024-11-22 19:09:00,Houston,TX,0
TXN-001788,2029001787,Merchant_shopping_net_36,shopping_net,12967.88,2024-11-23 02:01:00,Atlanta,GA,1
TXN-001789,7018001788,Merchant_misc_net_38,misc_net,229.08,2024-11-24 16:24:00,Columbus,OH,0
TXN-001790,4118001789,Merchant_misc_net_14,misc_net,383.99,2024-11-25 16:17:00,Charlotte,NC,0
TXN-001791,4864001790,Merchant_misc_net_46,misc_net,234.58,2024-11-26 11:42:00,Houston,TX,0
TXN-001792,2334001791,Merchant_home_9,home,32.36,2024-11-27 14:53:00,Columbus,OH,0
TXN-001793,7790001792,Merchant_shopping_pos_33,shopping_pos,492.61,2024-11-28 05:00:00,Los Angeles,CA,1
TXN-001794,5560001793,Merchant_grocery_pos_22,grocery_pos,332.8,2024-11-29 00:11:00,Seattle,WA,1
TXN-001795,3037001794,Merchant_shopping_pos_28,shopping_pos,261.35,2024-11-30 12:28:00,Chicago,IL,0
TXN-001796,4254001795,Merchant_shopping_pos_2,shopping_pos,309.13,2024-12-01 00:42:00,Charlotte,NC,1
TXN-001797,5770001796,Merchant_travel_47,travel,22.69,2024-12-02 20:01:00,Columbus,OH,0
TXN-001798,6747001797,Merchant_misc_net_18,misc_net,281.21,2024-12-03 15:25:00,Charlotte,NC,0
TXN-001799,3901001798,Merchant_kids_pets_5,kids_pets,254.58,2024-12-04 08:37:00,Philadelphia,PA,0
TXN-001800,7445001799,Merchant_entertainment_49,entertainment,79.4,2024-12-05 18:26:00,Chicago,IL,0
TXN-001801,2583001800,Merchant_travel_3,travel,262.65,2024-12-06 16:50:00,Columbus,OH,0
TXN-001802,5404001801,Merchant_personal_care_6,personal_care,296.11,2024-12-07 16:20:00,Los Angeles,CA,0
TXN-001803,3609001802,Merchant_shopping_pos_25,shopping_pos,70.79,2024-12-08 12:28:00,Seattle,WA,0
TXN-001804,7660001803,Merchant_misc_net_27,misc_net,10689.34,2024-12-09 04:54:00,Los Angeles,CA,1
TXN-001805,6496001804,Merchant_shopping_pos_6,shopping_pos,271.05,2024-12-10 16:41:00,Columbus,OH,0
TXN-001806,9677001805,Merchant_misc_net_43,misc_net,682.1,2024-12-11 22:31:00,Charlotte,NC,1
TXN-001807,9980001806,Merchant_shopping_pos_1,shopping_pos,373.63,2024-12-12 14:06:00,Atlanta,GA,0
TXN-001808,6793001807,Merchant_shopping_pos_11,shopping_pos,291.12,2024-12-13 14:15:00,Philadelphia,PA,0
TXN-001809,5079001808,Merchant_grocery_pos_4,grocery_pos,23.6,2024-12-14 11:56:00,Houston,TX,0
TXN-001810,8059001809,Merchant_shopping_net_20,shopping_net,133.43,2024-12-15 18:14:00,Charlotte,NC,0
TXN-001811,3571001810,Merchant_misc_pos_44,misc_pos,279.74,2024-12-16 16:41:00,Seattle,WA,0
TXN-001812,3218001811,Merchant_food_dining_31,food_dining,76.77,2024-12-17 14:55:00,Atlanta,GA,0
TXN-001813,2894001812,Merchant_home_44,home,55.08,2024-12-18 09:55:00,Columbus,OH,0
TXN-001814,3402001813,Merchant_misc_pos_30,misc_pos,179.28,2024-12-19 15:28:00,Atlanta,GA,0
TXN-001815,9307001814,Merchant_misc_net_5,misc_net,212.43,2024-12-20 19:52:00,Miami,FL,0
TXN-001816,9220001815,Merchant_home_14,home,11.24,2024-12-21 16:35:00,Atlanta,GA,0
TXN-001817,5812001816,Merchant_kids_pets_21,kids_pets,255.93,2024-12-22 19:37:00,Atlanta,GA,0
TXN-001818,7922001817,Merchant_personal_care_18,personal_care,195.46,2024-12-23 13:48:00,Philadelphia,PA,0
TXN-001819,1523001818,Merchant_home_42,home,74.53,2024-12-24 14:21:00,Chicago,IL,0
TXN-001820,9030001819,Merchant_misc_net_10,misc_net,325.8,2024-12-25 01:42:00,Seattle,WA,1
TXN-001821,3006001820,Merchant_shopping_net_20,shopping_net,131.24,2024-12-26 11:47:00,Seattle,WA,0
TXN-001822,5788001821,Merchant_grocery_pos_23,grocery_pos,248.75,2024-12-27 15:47:00,New York,NY,0
TXN-001823,8535001822,Merchant_misc_net_45,misc_net,398.17,2024-12-28 20:00:00,Los Angeles,CA,0
TXN-001824,6217001823,Merchant_travel_41,travel,149.59,2024-12-29 18:42:00,Los Angeles,CA,0
TXN-001825,2546001824,Merchant_personal_care_43,personal_care,314.82,2024-12-30 12:49:00,Atlanta,GA,0
TXN-001826,6479001825,Merchant_home_27,home,20.28,2024-01-01 10:13:00,Chicago,IL,0
TXN-001827,5596001826,Merchant_travel_25,travel,6.33,2024-01-02 16:36:00,Philadelphia,PA,0
TXN-001828,1349001827,Merchant_misc_net_9,misc_net,317.99,2024-01-03 12:10:00,Columbus,OH,0
TXN-001829,6324001828,Merchant_misc_net_40,misc_net,249.98,2024-01-04 08:27:00,New York,NY,0
TXN-001830,9543001829,Merchant_home_38,home,238.95,2024-01-05 18:34:00,New York,NY,0
TXN-001831,9798001830,Merchant_kids_pets_40,kids_pets,162.18,2024-01-06 12:44:00,Miami,FL,0
TXN-001832,1104001831,Merchant_entertainment_13,entertainment,319.38,2024-01-07 09:07:00,Charlotte,NC,0
TXN-001833,6389001832,Merchant_kids_pets_27,kids_pets,65.59,2024-01-08 14:19:00,Los Angeles,CA,0
TXN-001834,2473001833,Merchant_shopping_pos_18,shopping_pos,18.05,2024-01-09 18:40:00,New York,NY,0
TXN-001835,4448001834,Merchant_kids_pets_40,kids_pets,106.04,2024-01-10 12:52:00,Los Angeles,CA,0
TXN-001836,4809001835,Merchant_shopping_net_17,shopping_net,44.98,2024-01-11 20:41:00,Chicago,IL,0
TXN-001837,3506001836,Merchant_misc_net_23,misc_net,115.74,2024-01-12 13:58:00,Charlotte,NC,0
TXN-001838,8314001837,Merchant_food_dining_2,food_dining,249.05,2024-01-13 17:52:00,Atlanta,GA,0
TXN-001839,9041001838,Merchant_shopping_net_9,shopping_net,244.65,2024-01-14 13:19:00,Chicago,IL,0
TXN-001840,3420001839,Merchant_kids_pets_18,kids_pets,368.41,2024-01-15 19:11:00,New York,NY,0
TXN-001841,8152001840,Merchant_kids_pets_31,kids_pets,327.47,2024-01-16 20:32:00,Miami,FL,0
TXN-001842,4973001841,Merchant_entertainment_33,entertainment,393.39,2024-01-17 16:33:00,Seattle,WA,0
TXN-001843,7762001842,Merchant_shopping_net_44,shopping_net,11115.29,2024-01-18 23:56:00,Houston,TX,1
TXN-001844,4529001843,Merchant_grocery_pos_23,grocery_pos,142.88,2024-01-19 10:47:00,Columbus,OH,0
TXN-001845,8499001844,Merchant_personal_care_21,personal_care,287.92,2024-01-20 17:04:00,Charlotte,NC,0
TXN-001846,6718001845,Merchant_misc_net_41,misc_net,2529.25,2024-01-21 04:27:00,Houston,TX,1
TXN-001847,9059001846,Merchant_health_fitness_43,health_fitness,259.05,2024-01-22 19:10:00,Houston,TX,0
TXN-001848,7508001847,Merchant_entertainment_11,entertainment,146.88,2024-01-23 20:44:00,New York,NY,0
TXN-001849,3158001848,Merchant_grocery_pos_21,grocery_pos,184.71,2024-01-24 15:21:00,Columbus,OH,0
TXN-001850,6682001849,Merchant_grocery_pos_19,grocery_pos,78.06,2024-01-25 11:22:00,Chicago,IL,0
TXN-001851,5709001850,Merchant_travel_25,travel,175.4,2024-01-26 09:34:00,Houston,TX,0
TXN-001852,4988001851,Merchant_misc_net_17,misc_net,342.7,2024-01-27 13:53:00,Houston,TX,0
TXN-001853,8604001852,Merchant_misc_pos_38,misc_pos,396.92,2024-01-28 09:15:00,Los Angeles,CA,0
TXN-001854,7892001853,Merchant_misc_net_22,misc_net,2358.77,2024-01-29 23:11:00,Chicago,IL,1
TXN-001855,2601001854,Merchant_health_fitness_2,health_fitness,198.15,2024-01-30 10:23:00,Atlanta,GA,0
TXN-001856,3278001855,Merchant_misc_pos_21,misc_pos,102.14,2024-01-31 17:29:00,Houston,TX,0
TXN-001857,3662001856,Merchant_home_43,home,289.64,2024-02-01 09:53:00,Los Angeles,CA,0
TXN-001858,7971001857,Merchant_shopping_net_36,shopping_net,136.24,2024-02-02 14:47:00,Chicago,IL,0
TXN-001859,3891001858,Merchant_kids_pets_4,kids_pets,376.63,2024-02-03 10:02:00,Atlanta,GA,0
TXN-001860,1665001859,Merchant_misc_net_49,misc_net,99.92,2024-02-04 09:10:00,Miami,FL,0
TXN-001861,8973001860,Merchant_food_dining_33,food_dining,103.85,2024-02-05 14:37:00,Houston,TX,0
TXN-001862,5060001861,Merchant_misc_pos_3,misc_pos,97.18,2024-02-06 14:35:00,New York,NY,0
TXN-001863,3705001862,Merchant_health_fitness_15,health_fitness,75.6,2024-02-07 10:32:00,Columbus,OH,0
TXN-001864,9441001863,Merchant_shopping_net_45,shopping_net,79.52,2024-02-08 09:37:00,Philadelphia,PA,0
TXN-001865,8712001864,Merchant_shopping_pos_33,shopping_pos,4224.28,2024-02-09 23:29:00,Columbus,OH,1
TXN-001866,8241001865,Merchant_misc_net_28,misc_net,61.96,2024-02-10 12:22:00,Seattle,WA,0
TXN-001867,6554001866,Merchant_misc_net_46,misc_net,12380.06,2024-02-11 00:22:00,Columbus,OH,1
TXN-001868,1675001867,Merchant_personal_care_14,personal_care,144.69,2024-02-12 14:52:00,Miami,FL,0
TXN-001869,3297001868,Merchant_shopping_pos_26,shopping_pos,74.04,2024-02-13 20:24:00,Los Angeles,CA,0
TXN-001870,7872001869,Merchant_home_4,home,363.64,2024-02-14 11:04:00,Miami,FL,0
TXN-001871,9042001870,Merchant_shopping_pos_28,shopping_pos,1265.36,2024-02-15 03:44:00,Columbus,OH,1
TXN-001872,1485001871,Merchant_misc_pos_16,misc_pos,159.5,2024-02-16 08:26:00,Atlanta,GA,0
TXN-001873,6262001872,Merchant_shopping_pos_46,shopping_pos,366.18,2024-02-17 20:30:00,Charlotte,NC,0
TXN-001874,3904001873,Merchant_shopping_pos_39,shopping_pos,387.16,2024-02-18 01:35:00,Charlotte,NC,1
TXN-001875,6520001874,Merchant_food_dining_37,food_dining,264.22,2024-02-19 08:31:00,Houston,TX,0
TXN-001876,4102001875,Merchant_personal_care_48,personal_care,193.36,2024-02-20 19:33:00,Los Angeles,CA,0
TXN-001877,6629001876,Merchant_food_dining_21,food_dining,81.9,2024-02-21 14:24:00,Houston,TX,0
TXN-001878,3865001877,Merchant_food_dining_40,food_dining,65.62,2024-02-22 18:20:00,Philadelphia,PA,0
TXN-001879,5785001878,Merchant_entertainment_35,entertainment,204.69,2024-02-23 19:17:00,Philadelphia,PA,0
TXN-001880,1626001879,Merchant_kids_pets_34,kids_pets,233.27,2024-02-24 17:20:00,Los Angeles,CA,0
TXN-001881,1479001880,Merchant_home_32,home,369.52,2024-02-25 18:18:00,New York,NY,0
TXN-001882,6439001881,Merchant_travel_37,travel,282.28,2024-02-26 09:25:00,Seattle,WA,0
TXN-001883,7329001882,Merchant_travel_19,travel,218.0,2024-02-27 12:34:00,Atlanta,GA,0
TXN-001884,1804001883,Merchant_misc_pos_10,misc_pos,60.37,2024-02-28 14:12:00,Charlotte,NC,0
TXN-001885,6019001884,Merchant_kids_pets_10,kids_pets,369.54,2024-02-29 13:45:00,Columbus,OH,0
TXN-001886,4497001885,Merchant_travel_24,travel,363.94,2024-03-01 12:56:00,Houston,TX,0
TXN-001887,7635001886,Merchant_shopping_pos_11,shopping_pos,51.02,2024-03-02 14:02:00,Los Angeles,CA,0
TXN-001888,3926001887,Merchant_travel_11,travel,318.73,2024-03-03 17:06:00,Atlanta,GA,0
TXN-001889,9679001888,Merchant_health_fitness_3,health_fitness,71.49,2024-03-04 13:39:00,Seattle,WA,0
TXN-001890,2419001889,Merchant_misc_net_26,misc_net,10726.23,2024-03-05 00:42:00,Charlotte,NC,1
TXN-001891,9953001890,Merchant_grocery_pos_30,grocery_pos,467.46,2024-03-06 02:57:00,Seattle,WA,1
TXN-001892,2135001891,Merchant_shopping_pos_25,shopping_pos,396.05,2024-03-07 13:10:00,Seattle,WA,0
TXN-001893,3912001892,Merchant_shopping_net_1,shopping_net,13212.08,2024-03-08 03:12:00,Miami,FL,1
TXN-001894,6655001893,Merchant_grocery_pos_35,grocery_pos,11619.72,2024-03-09 23:08:00,Los Angeles,CA,1
TXN-001895,6530001894,Merchant_misc_net_6,misc_net,33.84,2024-03-10 09:41:00,Philadelphia,PA,0
TXN-001896,3634001895,Merchant_gas_transport_13,gas_transport,99.02,2024-03-11 14:35:00,Philadelphia,PA,0
TXN-001897,4485001896,Merchant_shopping_pos_33,shopping_pos,6158.76,2024-03-12 03:36:00,New York,NY,1
TXN-001898,2314001897,Merchant_shopping_net_48,shopping_net,9332.73,2024-03-13 00:43:00,Columbus,OH,1
TXN-001899,6404001898,Merchant_misc_pos_10,misc_pos,169.6,2024-03-14 13:23:00,Miami,FL,0
TXN-001900,7280001899,Merchant_shopping_net_2,shopping_net,259.86,2024-03-15 15:04:00,Chicago,IL,0
TXN-001901,1156001900,Merchant_health_fitness_39,health_fitness,125.44,2024-03-16 09:00:00,Philadelphia,PA,0
TXN-001902,7608001901,Merchant_travel_15,travel,174.62,2024-03-17 13:40:00,Philadelphia,PA,0
TXN-001903,3759001902,Merchant_kids_pets_6,kids_pets,254.44,2024-03-18 10:57:00,New York,NY,0
TXN-001904,1643001903,Merchant_misc_net_29,misc_net,289.12,2024-03-19 12:42:00,Miami,FL,0
TXN-001905,7441001904,Merchant_misc_pos_15,misc_pos,159.57,2024-03-20 12:31:00,Philadelphia,PA,0
TXN-001906,9978001905,Merchant_home_10,home,379.23,2024-03-21 10:26:00,Charlotte,NC,0
TXN-001907,6974001906,Merchant_gas_transport_43,gas_transport,123.39,2024-03-22 18:08:00,Los Angeles,CA,0
TXN-001908,5643001907,Merchant_gas_transport_4,gas_transport,349.16,2024-03-23 09:01:00,Philadelphia,PA,0
TXN-001909,8205001908,Merchant_personal_care_10,personal_care,134.33,2024-03-24 10:05:00,Chicago,IL,0
TXN-001910,5322001909,Merchant_personal_care_21,personal_care,210.29,2024-03-25 19:42:00,Seattle,WA,0
TXN-001911,7882001910,Merchant_food_dining_21,food_dining,331.34,2024-03-26 17:40:00,Los Angeles,CA,0
TXN-001912,8715001911,Merchant_shopping_net_3,shopping_net,258.56,2024-03-27 12:54:00,Atlanta,GA,0
TXN-001913,1509001912,Merchant_misc_pos_6,misc_pos,158.31,2024-03-28 09:34:00,Atlanta,GA,0
TXN-001914,5876001913,Merchant_grocery_pos_27,grocery_pos,3356.91,2024-03-29 03:11:00,Atlanta,GA,1
TXN-001915,8379001914,Merchant_grocery_pos_22,grocery_pos,359.57,2024-03-30 08:09:00,Columbus,OH,0
TXN-001916,8606001915,Merchant_misc_net_2,misc_net,2006.78,2024-03-31 22:17:00,Charlotte,NC,1
TXN-001917,9825001916,Merchant_home_2,home,52.39,2024-04-01 17:07:00,Philadelphia,PA,0
TXN-001918,7472001917,Merchant_shopping_net_12,shopping_net,2990.45,2024-04-02 00:46:00,Columbus,OH,1
TXN-001919,5196001918,Merchant_kids_pets_40,kids_pets,37.03,2024-04-03 08:06:00,Charlotte,NC,0
TXN-001920,6512001919,Merchant_grocery_pos_9,grocery_pos,114.22,2024-04-04 20:19:00,Atlanta,GA,0
TXN-001921,3597001920,Merchant_shopping_pos_13,shopping_pos,337.64,2024-04-05 14:03:00,Atlanta,GA,0
TXN-001922,4954001921,Merchant_shopping_pos_3,shopping_pos,5322.49,2024-04-06 22:24:00,Seattle,WA,1
TXN-001923,4425001922,Merchant_travel_12,travel,136.34,2024-04-07 19:32:00,Columbus,OH,0
TXN-001924,6679001923,Merchant_misc_net_28,misc_net,13990.61,2024-04-08 02:00:00,Los Angeles,CA,1
TXN-001925,1112001924,Merchant_gas_transport_25,gas_transport,159.05,2024-04-09 16:08:00,Seattle,WA,0
TXN-001926,2042001925,Merchant_entertainment_24,entertainment,63.24,2024-04-10 10:16:00,Chicago,IL,0
TXN-001927,1770001926,Merchant_misc_pos_37,misc_pos,58.86,2024-04-11 16:33:00,Charlotte,NC,0
TXN-001928,2312001927,Merchant_food_dining_28,food_dining,103.36,2024-04-12 12:16:00,Los Angeles,CA,0
TXN-001929,7822001928,Merchant_shopping_net_28,shopping_net,452.64,2024-04-13 01:37:00,Atlanta,GA,1
TXN-001930,6653001929,Merchant_travel_25,travel,301.81,2024-04-14 19:20:00,New York,NY,0
TXN-001931,6699001930,Merchant_shopping_pos_2,shopping_pos,210.3,2024-04-15 19:09:00,Philadelphia,PA,0
TXN-001932,3985001931,Merchant_shopping_pos_19,shopping_pos,134.32,2024-04-16 13:28:00,Philadelphia,PA,0
TXN-001933,1498001932,Merchant_travel_4,travel,319.66,2024-04-17 09:26:00,Houston,TX,0
TXN-001934,5476001933,Merchant_misc_net_8,misc_net,346.46,2024-04-18 16:23:00,Philadelphia,PA,0
TXN-001935,4088001934,Merchant_gas_transport_16,gas_transport,174.22,2024-04-19 08:29:00,Chicago,IL,0
TXN-001936,7491001935,Merchant_shopping_pos_17,shopping_pos,278.05,2024-04-20 20:22:00,Charlotte,NC,0
TXN-001937,7502001936,Merchant_entertainment_30,entertainment,285.22,2024-04-21 14:03:00,Columbus,OH,0
TXN-001938,1116001937,Merchant_shopping_pos_36,shopping_pos,92.93,2024-04-22 08:28:00,Los Angeles,CA,0
TXN-001939,6485001938,Merchant_personal_care_8,personal_care,350.94,2024-04-23 14:38:00,Houston,TX,0
TXN-001940,1671001939,Merchant_shopping_net_16,shopping_net,2997.17,2024-04-24 22:40:00,Chicago,IL,1
TXN-001941,7146001940,Merchant_travel_35,travel,361.6,2024-04-25 19:20:00,Houston,TX,0
TXN-001942,7887001941,Merchant_misc_pos_22,misc_pos,388.06,2024-04-26 11:06:00,New York,NY,0
TXN-001943,5617001942,Merchant_shopping_net_42,shopping_net,93.05,2024-04-27 16:05:00,Charlotte,NC,0
TXN-001944,6052001943,Merchant_home_16,home,344.8,2024-04-28 18:21:00,Philadelphia,PA,0
TXN-001945,5753001944,Merchant_misc_net_32,misc_net,280.59,2024-04-29 14:27:00,Chicago,IL,0
TXN-001946,2134001945,Merchant_kids_pets_43,kids_pets,38.74,2024-04-30 13:51:00,Houston,TX,0
TXN-001947,1470001946,Merchant_health_fitness_21,health_fitness,14.74,2024-05-01 17:12:00,New York,NY,0
TXN-001948,1037001947,Merchant_gas_transport_39,gas_transport,283.08,2024-05-02 19:50:00,Charlotte,NC,0
TXN-001949,4757001948,Merchant_entertainment_30,entertainment,306.51,2024-05-03 12:40:00,Miami,FL,0
TXN-001950,7491001949,Merchant_misc_net_43,misc_net,3430.95,2024-05-04 03:22:00,Los Angeles,CA,1
TXN-001951,2529001950,Merchant_food_dining_16,food_dining,205.36,2024-05-05 09:41:00,Miami,FL,0
TXN-001952,8823001951,Merchant_food_dining_25,food_dining,61.58,2024-05-06 08:43:00,Chicago,IL,0
TXN-001953,2242001952,Merchant_shopping_net_18,shopping_net,114.96,2024-05-07 10:09:00,Atlanta,GA,0
TXN-001954,6978001953,Merchant_shopping_pos_22,shopping_pos,14182.71,2024-05-08 23:40:00,Miami,FL,1
TXN-001955,1363001954,Merchant_gas_transport_43,gas_transport,264.37,2024-05-09 14:48:00,Charlotte,NC,0
TXN-001956,3484001955,Merchant_travel_30,travel,382.79,2024-05-10 20:33:00,Atlanta,GA,0
TXN-001957,5926001956,Merchant_kids_pets_8,kids_pets,84.76,2024-05-11 16:17:00,Charlotte,NC,0
TXN-001958,4052001957,Merchant_health_fitness_19,health_fitness,376.23,2024-05-12 18:39:00,Miami,FL,0
TXN-001959,6660001958,Merchant_shopping_pos_9,shopping_pos,3706.66,2024-05-13 23:52:00,Atlanta,GA,1
TXN-001960,9998001959,Merchant_travel_46,travel,306.81,2024-05-14 16:29:00,Miami,FL,0
TXN-001961,2305001960,Merchant_home_27,home,84.91,2024-05-15 08:26:00,Atlanta,GA,0
TXN-001962,8905001961,Merchant_home_30,home,184.43,2024-05-16 10:58:00,Columbus,OH,0
TXN-001963,4388001962,Merchant_misc_pos_49,misc_pos,269.05,2024-05-17 13:08:00,Miami,FL,0
TXN-001964,6899001963,Merchant_kids_pets_32,kids_pets,334.52,2024-05-18 12:55:00,Charlotte,NC,0
TXN-001965,5486001964,Merchant_shopping_net_16,shopping_net,366.09,2024-05-19 12:50:00,Philadelphia,PA,0
TXN-001966,7071001965,Merchant_gas_transport_40,gas_transport,195.87,2024-05-20 10:32:00,Philadelphia,PA,0
TXN-001967,5797001966,Merchant_health_fitness_2,health_fitness,338.29,2024-05-21 12:44:00,Houston,TX,0
TXN-001968,5165001967,Merchant_entertainment_19,entertainment,344.19,2024-05-22 14:29:00,Columbus,OH,0
TXN-001969,4262001968,Merchant_shopping_pos_42,shopping_pos,45.97,2024-05-23 13:44:00,New York,NY,0
TXN-001970,6289001969,Merchant_food_dining_40,food_dining,76.35,2024-05-24 13:11:00,New York,NY,0
TXN-001971,6049001970,Merchant_kids_pets_33,kids_pets,93.36,2024-05-25 09:43:00,Charlotte,NC,0
TXN-001972,7213001971,Merchant_misc_net_8,misc_net,257.67,2024-05-26 11:20:00,New York,NY,0
TXN-001973,5404001972,Merchant_health_fitness_8,health_fitness,39.52,2024-05-27 11:15:00,Philadelphia,PA,0
TXN-001974,7535001973,Merchant_health_fitness_5,health_fitness,208.52,2024-05-28 09:42:00,Chicago,IL,0
TXN-001975,9511001974,Merchant_kids_pets_27,kids_pets,182.07,2024-05-29 16:50:00,Miami,FL,0
TXN-001976,4777001975,Merchant_shopping_pos_47,shopping_pos,12101.87,2024-05-30 00:31:00,Los Angeles,CA,1
TXN-001977,9295001976,Merchant_misc_net_49,misc_net,66.57,2024-05-31 09:38:00,Atlanta,GA,0
TXN-001978,5529001977,Merchant_entertainment_9,entertainment,350.28,2024-06-01 11:49:00,Columbus,OH,0
TXN-001979,2935001978,Merchant_food_dining_32,food_dining,249.71,2024-06-02 14:22:00,Chicago,IL,0
TXN-001980,9293001979,Merchant_shopping_net_15,shopping_net,3954.73,2024-06-03 03:54:00,Philadelphia,PA,1
TXN-001981,5781001980,Merchant_travel_1,travel,25.5,2024-06-04 20:18:00,Miami,FL,0
TXN-001982,9904001981,Merchant_travel_12,travel,250.58,2024-06-05 10:35:00,Seattle,WA,0
TXN-001983,2919001982,Merchant_shopping_pos_11,shopping_pos,370.32,2024-06-06 19:46:00,Houston,TX,0
TXN-001984,9093001983,Merchant_travel_37,travel,97.76,2024-06-07 15:15:00,Seattle,WA,0
TXN-001985,1109001984,Merchant_misc_net_32,misc_net,65.81,2024-06-08 10:26:00,New York,NY,0
TXN-001986,1697001985,Merchant_home_28,home,79.96,2024-06-09 10:10:00,Chicago,IL,0
TXN-001987,3290001986,Merchant_shopping_net_4,shopping_net,313.1,2024-06-10 19:32:00,Seattle,WA,0
TXN-001988,7978001987,Merchant_gas_transport_49,gas_transport,171.75,2024-06-11 18:02:00,Seattle,WA,0
TXN-001989,4434001988,Merchant_misc_pos_18,misc_pos,228.04,2024-06-12 12:29:00,Chicago,IL,0
TXN-001990,7756001989,Merchant_home_26,home,236.32,2024-06-13 10:43:00,Atlanta,GA,0
TXN-001991,5667001990,Merchant_health_fitness_16,health_fitness,145.73,2024-06-14 17:20:00,Seattle,WA,0
TXN-001992,1646001991,Merchant_grocery_pos_10,grocery_pos,26.53,2024-06-15 17:28:00,Houston,TX,0
TXN-001993,4371001992,Merchant_personal_care_44,personal_care,93.27,2024-06-16 12:32:00,Houston,TX,0
TXN-001994,7044001993,Merchant_gas_transport_3,gas_transport,238.84,2024-06-17 09:38:00,Atlanta,GA,0
TXN-001995,4567001994,Merchant_health_fitness_35,health_fitness,261.96,2024-06-18 18:17:00,Charlotte,NC,0
TXN-001996,5748001995,Merchant_misc_pos_48,misc_pos,291.9,2024-06-19 20:31:00,Columbus,OH,0
TXN-001997,7149001996,Merchant_misc_net_5,misc_net,9079.95,2024-06-20 01:47:00,Atlanta,GA,1
TXN-001998,6671001997,Merchant_shopping_net_46,shopping_net,14261.32,2024-06-21 04:02:00,Charlotte,NC,1
TXN-001999,1023001998,Merchant_food_dining_44,food_dining,365.01,2024-06-22 20:51:00,Philadelphia,PA,0
TXN-002000,3656001999,Merchant_grocery_pos_21,grocery_pos,75.5,2024-06-23 16:54:00,Seattle,WA,0
TXN-002001,3121002000,Merchant_shopping_net_38,shopping_net,657.56,2024-06-24 02:57:00,New York,NY,1
TXN-002002,9979002001,Merchant_misc_net_30,misc_net,13394.67,2024-06-25 00:17:00,Atlanta,GA,1
TXN-002003,2018002002,Merchant_grocery_pos_7,grocery_pos,689.83,2024-06-26 03:05:00,Atlanta,GA,1
TXN-002004,1869002003,Merchant_misc_net_39,misc_net,7807.05,2024-06-27 05:55:00,Houston,TX,1
TXN-002005,4724002004,Merchant_misc_net_39,misc_net,220.09,2024-06-28 08:52:00,Philadelphia,PA,0
TXN-002006,3033002005,Merchant_shopping_pos_6,shopping_pos,6762.5,2024-06-29 04:47:00,Philadelphia,PA,1
TXN-002007,7002002006,Merchant_kids_pets_24,kids_pets,69.38,2024-06-30 14:20:00,Miami,FL,0
TXN-002008,3507002007,Merchant_shopping_net_22,shopping_net,7018.17,2024-07-01 22:25:00,Chicago,IL,1
TXN-002009,5752002008,Merchant_misc_net_46,misc_net,10747.28,2024-07-02 04:42:00,New York,NY,1
TXN-002010,4614002009,Merchant_shopping_net_16,shopping_net,94.97,2024-07-03 19:56:00,New York,NY,0
TXN-002011,8272002010,Merchant_gas_transport_38,gas_transport,57.52,2024-07-04 18:05:00,Houston,TX,0
TXN-002012,1712002011,Merchant_misc_pos_32,misc_pos,54.57,2024-07-05 12:51:00,Miami,FL,0
TXN-002013,3592002012,Merchant_entertainment_14,entertainment,312.55,2024-07-06 18:20:00,Houston,TX,0
TXN-002014,2916002013,Merchant_grocery_pos_9,grocery_pos,102.66,2024-07-07 09:44:00,New York,NY,0
TXN-002015,2944002014,Merchant_grocery_pos_39,grocery_pos,90.15,2024-07-08 17:41:00,Chicago,IL,0
TXN-002016,7200002015,Merchant_shopping_pos_19,shopping_pos,240.76,2024-07-09 08:21:00,Atlanta,GA,0
TXN-002017,9693002016,Merchant_misc_pos_18,misc_pos,229.6,2024-07-10 16:44:00,Miami,FL,0
TXN-002018,6813002017,Merchant_misc_net_41,misc_net,344.75,2024-07-11 14:56:00,Seattle,WA,0
TXN-002019,6258002018,Merchant_kids_pets_45,kids_pets,324.98,2024-07-12 09:42:00,Houston,TX,0
TXN-002020,8924002019,Merchant_shopping_pos_42,shopping_pos,378.12,2024-07-13 23:51:00,Columbus,OH,1
TXN-002021,3317002020,Merchant_kids_pets_31,kids_pets,5.05,2024-07-14 10:57:00,Atlanta,GA,0
TXN-002022,6788002021,Merchant_travel_6,travel,329.4,2024-07-15 14:45:00,Charlotte,NC,0
TXN-002023,3082002022,Merchant_grocery_pos_29,grocery_pos,6166.82,2024-07-16 05:57:00,Los Angeles,CA,1
TXN-002024,1723002023,Merchant_travel_8,travel,295.76,2024-07-17 10:24:00,Philadelphia,PA,0
TXN-002025,6191002024,Merchant_misc_net_18,misc_net,354.93,2024-07-18 11:07:00,Miami,FL,0
TXN-002026,5559002025,Merchant_shopping_pos_16,shopping_pos,283.18,2024-07-19 08:56:00,Los Angeles,CA,0
TXN-002027,1040002026,Merchant_misc_net_46,misc_net,274.56,2024-07-20 19:55:00,Atlanta,GA,0
TXN-002028,7319002027,Merchant_grocery_pos_24,grocery_pos,106.9,2024-07-21 10:08:00,New York,NY,0
TXN-002029,3946002028,Merchant_misc_net_25,misc_net,7936.57,2024-07-22 22:09:00,New York,NY,1
TXN-002030,4606002029,Merchant_misc_net_44,misc_net,85.04,2024-07-23 09:57:00,Charlotte,NC,0
TXN-002031,3157002030,Merchant_grocery_pos_14,grocery_pos,375.76,2024-07-24 15:40:00,Houston,TX,0
TXN-002032,1102002031,Merchant_grocery_pos_37,grocery_pos,585.31,2024-07-25 23:26:00,Seattle,WA,1
TXN-002033,6029002032,Merchant_shopping_pos_11,shopping_pos,185.24,2024-07-26 23:33:00,Houston,TX,1
TXN-002034,3779002033,Merchant_shopping_net_27,shopping_net,191.17,2024-07-27 12:39:00,New York,NY,0
TXN-002035,5877002034,Merchant_misc_pos_10,misc_pos,119.81,2024-07-28 20:07:00,Los Angeles,CA,0
TXN-002036,3904002035,Merchant_grocery_pos_9,grocery_pos,267.35,2024-07-29 19:11:00,Los Angeles,CA,0
TXN-002037,5910002036,Merchant_shopping_net_17,shopping_net,37.78,2024-07-30 15:29:00,Chicago,IL,0
TXN-002038,2796002037,Merchant_shopping_net_20,shopping_net,12794.59,2024-07-31 03:12:00,Chicago,IL,1
TXN-002039,4390002038,Merchant_shopping_pos_48,shopping_pos,8245.18,2024-08-01 00:04:00,Los Angeles,CA,1
TXN-002040,9428002039,Merchant_food_dining_46,food_dining,204.73,2024-08-02 16:27:00,Miami,FL,0
TXN-002041,6452002040,Merchant_shopping_pos_24,shopping_pos,276.45,2024-08-03 03:41:00,Houston,TX,1
TXN-002042,4055002041,Merchant_health_fitness_44,health_fitness,111.25,2024-08-04 11:29:00,Seattle,WA,0
TXN-002043,4153002042,Merchant_entertainment_26,entertainment,376.35,2024-08-05 17:38:00,Charlotte,NC,0
TXN-002044,4166002043,Merchant_grocery_pos_19,grocery_pos,171.15,2024-08-06 10:46:00,Atlanta,GA,0
TXN-002045,9223002044,Merchant_shopping_pos_47,shopping_pos,10349.61,2024-08-07 05:42:00,Charlotte,NC,1
TXN-002046,6466002045,Merchant_shopping_net_22,shopping_net,103.5,2024-08-08 16:42:00,New York,NY,0
TXN-002047,9812002046,Merchant_personal_care_18,personal_care,171.83,2024-08-09 13:09:00,Houston,TX,0
TXN-002048,2438002047,Merchant_home_12,home,190.23,2024-08-10 11:58:00,Columbus,OH,0
TXN-002049,7758002048,Merchant_kids_pets_20,kids_pets,243.38,2024-08-11 10:17:00,Miami,FL,0
TXN-002050,1536002049,Merchant_shopping_pos_21,shopping_pos,135.07,2024-08-12 16:24:00,Philadelphia,PA,0
TXN-002051,7935002050,Merchant_personal_care_1,personal_care,204.19,2024-08-13 14:47:00,Chicago,IL,0
TXN-002052,8046002051,Merchant_home_40,home,349.15,2024-08-14 16:19:00,Houston,TX,0
TXN-002053,7724002052,Merchant_food_dining_39,food_dining,254.73,2024-08-15 12:44:00,Philadelphia,PA,0
TXN-002054,6833002053,Merchant_misc_pos_42,misc_pos,171.83,2024-08-16 20:33:00,Seattle,WA,0
TXN-002055,9207002054,Merchant_health_fitness_8,health_fitness,296.44,2024-08-17 13:56:00,Philadelphia,PA,0
TXN-002056,7793002055,Merchant_grocery_pos_29,grocery_pos,203.07,2024-08-18 05:54:00,Chicago,IL,1
TXN-002057,3823002056,Merchant_home_10,home,362.52,2024-08-19 16:09:00,New York,NY,0
TXN-002058,2138002057,Merchant_misc_net_37,misc_net,3334.12,2024-08-20 04:56:00,Atlanta,GA,1
TXN-002059,8148002058,Merchant_gas_transport_6,gas_transport,67.59,2024-08-21 17:56:00,New York,NY,0
TXN-002060,9853002059,Merchant_grocery_pos_30,grocery_pos,4495.17,2024-08-22 22:30:00,Atlanta,GA,1
TXN-002061,6255002060,Merchant_grocery_pos_15,grocery_pos,11646.31,2024-08-23 23:19:00,Chicago,IL,1
TXN-002062,5679002061,Merchant_shopping_net_39,shopping_net,235.61,2024-08-24 20:26:00,Columbus,OH,0
TXN-002063,7631002062,Merchant_misc_net_35,misc_net,116.29,2024-08-25 11:08:00,Philadelphia,PA,0
TXN-002064,9573002063,Merchant_home_42,home,292.84,2024-08-26 12:46:00,Chicago,IL,0
TXN-002065,6998002064,Merchant_travel_34,travel,43.44,2024-08-27 13:33:00,Philadelphia,PA,0
TXN-002066,5730002065,Merchant_travel_1,travel,315.87,2024-08-28 08:42:00,New York,NY,0
TXN-002067,5647002066,Merchant_shopping_pos_28,shopping_pos,229.93,2024-08-29 14:33:00,New York,NY,0
TXN-002068,4737002067,Merchant_home_35,home,116.2,2024-08-30 12:28:00,Charlotte,NC,0
TXN-002069,3922002068,Merchant_grocery_pos_3,grocery_pos,58.47,2024-08-31 19:39:00,Seattle,WA,0
TXN-002070,2201002069,Merchant_health_fitness_32,health_fitness,173.72,2024-09-01 10:11:00,Chicago,IL,0
TXN-002071,6986002070,Merchant_shopping_pos_6,shopping_pos,45.87,2024-09-02 17:20:00,New York,NY,0
TXN-002072,2799002071,Merchant_travel_6,travel,191.52,2024-09-03 11:10:00,Houston,TX,0
TXN-002073,2995002072,Merchant_travel_11,travel,379.57,2024-09-04 17:23:00,Atlanta,GA,0
TXN-002074,6020002073,Merchant_personal_care_6,personal_care,133.48,2024-09-05 20:38:00,Philadelphia,PA,0
TXN-002075,5002002074,Merchant_gas_transport_11,gas_transport,83.71,2024-09-06 17:42:00,Charlotte,NC,0
TXN-002076,9023002075,Merchant_shopping_pos_39,shopping_pos,6540.93,2024-09-07 00:20:00,Chicago,IL,1
TXN-002077,2269002076,Merchant_personal_care_15,personal_care,369.82,2024-09-08 11:20:00,Chicago,IL,0
TXN-002078,2635002077,Merchant_personal_care_21,personal_care,126.58,2024-09-09 15:03:00,New York,NY,0
TXN-002079,3098002078,Merchant_kids_pets_26,kids_pets,263.98,2024-09-10 09:48:00,Los Angeles,CA,0
TXN-002080,3843002079,Merchant_kids_pets_48,kids_pets,391.87,2024-09-11 15:52:00,Chicago,IL,0
TXN-002081,2073002080,Merchant_grocery_pos_6,grocery_pos,61.41,2024-09-12 08:06:00,Seattle,WA,0
TXN-002082,3667002081,Merchant_kids_pets_7,kids_pets,299.14,2024-09-13 14:00:00,New York,NY,0
TXN-002083,3710002082,Merchant_health_fitness_46,health_fitness,258.1,2024-09-14 09:12:00,Chicago,IL,0
TXN-002084,3621002083,Merchant_misc_net_34,misc_net,373.85,2024-09-15 15:11:00,Atlanta,GA,0
TXN-002085,7224002084,Merchant_shopping_pos_17,shopping_pos,323.69,2024-09-16 14:13:00,Philadelphia,PA,0
TXN-002086,5824002085,Merchant_misc_net_23,misc_net,8328.78,2024-09-17 04:03:00,Charlotte,NC,1
TXN-002087,7029002086,Merchant_misc_net_21,misc_net,280.57,2024-09-18 17:26:00,Miami,FL,0
TXN-002088,3125002087,Merchant_home_21,home,332.27,2024-09-19 12:04:00,Miami,FL,0
TXN-002089,3284002088,Merchant_personal_care_10,personal_care,141.34,2024-09-20 10:14:00,Philadelphia,PA,0
TXN-002090,6907002089,Merchant_personal_care_20,personal_care,96.25,2024-09-21 16:51:00,Atlanta,GA,0
TXN-002091,3325002090,Merchant_kids_pets_2,kids_pets,65.22,2024-09-22 14:47:00,Houston,TX,0
TXN-002092,4583002091,Merchant_grocery_pos_30,grocery_pos,294.58,2024-09-23 14:18:00,Atlanta,GA,0
TXN-002093,1855002092,Merchant_shopping_pos_34,shopping_pos,121.56,2024-09-24 11:12:00,New York,NY,0
TXN-002094,1867002093,Merchant_misc_pos_46,misc_pos,389.39,2024-09-25 08:06:00,Chicago,IL,0
TXN-002095,6970002094,Merchant_entertainment_19,entertainment,349.03,2024-09-26 09:08:00,Miami,FL,0
TXN-002096,9413002095,Merchant_shopping_pos_29,shopping_pos,261.36,2024-09-27 13:18:00,Charlotte,NC,0
TXN-002097,8741002096,Merchant_shopping_pos_2,shopping_pos,101.27,2024-09-28 09:37:00,Los Angeles,CA,0
TXN-002098,3824002097,Merchant_gas_transport_8,gas_transport,397.73,2024-09-29 18:39:00,Philadelphia,PA,0
TXN-002099,7435002098,Merchant_entertainment_40,entertainment,140.76,2024-09-30 20:43:00,Houston,TX,0
TXN-002100,2850002099,Merchant_shopping_pos_31,shopping_pos,72.46,2024-10-01 19:10:00,Los Angeles,CA,0
TXN-002101,1710002100,Merchant_personal_care_35,personal_care,338.31,2024-10-02 15:47:00,Atlanta,GA,0
TXN-002102,4655002101,Merchant_home_8,home,140.53,2024-10-03 19:45:00,Atlanta,GA,0
TXN-002103,2177002102,Merchant_entertainment_29,entertainment,365.03,2024-10-04 12:10:00,New York,NY,0
TXN-002104,9356002103,Merchant_misc_net_5,misc_net,63.5,2024-10-05 15:29:00,Los Angeles,CA,0
TXN-002105,3679002104,Merchant_personal_care_26,personal_care,97.36,2024-10-06 18:52:00,New York,NY,0
TXN-002106,8355002105,Merchant_misc_pos_28,misc_pos,165.14,2024-10-07 12:26:00,Chicago,IL,0
TXN-002107,7474002106,Merchant_grocery_pos_44,grocery_pos,174.04,2024-10-08 15:48:00,New York,NY,0
TXN-002108,1967002107,Merchant_gas_transport_32,gas_transport,55.65,2024-10-09 13:06:00,Columbus,OH,0
TXN-002109,2213002108,Merchant_health_fitness_28,health_fitness,243.13,2024-10-10 12:23:00,Los Angeles,CA,0
TXN-002110,1254002109,Merchant_misc_net_14,misc_net,571.56,2024-10-11 22:14:00,Columbus,OH,1
TXN-002111,3974002110,Merchant_personal_care_17,personal_care,25.64,2024-10-12 14:51:00,Philadelphia,PA,0
TXN-002112,7902002111,Merchant_entertainment_26,entertainment,190.29,2024-10-13 08:36:00,Columbus,OH,0
TXN-002113,5540002112,Merchant_shopping_net_49,shopping_net,8970.83,2024-10-14 00:29:00,Charlotte,NC,1
TXN-002114,7392002113,Merchant_entertainment_43,entertainment,137.68,2024-10-15 15:28:00,Charlotte,NC,0
TXN-002115,6884002114,Merchant_shopping_pos_37,shopping_pos,4407.17,2024-10-16 04:14:00,Los Angeles,CA,1
TXN-002116,1023002115,Merchant_health_fitness_44,health_fitness,200.69,2024-10-17 09:57:00,Miami,FL,0
TXN-002117,8868002116,Merchant_home_1,home,254.53,2024-10-18 10:42:00,Columbus,OH,0
TXN-002118,6730002117,Merchant_shopping_net_13,shopping_net,225.63,2024-10-19 08:15:00,Miami,FL,0
TXN-002119,2320002118,Merchant_misc_net_27,misc_net,1993.97,2024-10-20 05:35:00,Columbus,OH,1
TXN-002120,9353002119,Merchant_home_11,home,90.17,2024-10-21 16:17:00,Columbus,OH,0
TXN-002121,3636002120,Merchant_grocery_pos_28,grocery_pos,379.72,2024-10-22 19:49:00,Charlotte,NC,0
TXN-002122,1320002121,Merchant_misc_pos_43,misc_pos,266.89,2024-10-23 17:27:00,Miami,FL,0
TXN-002123,4336002122,Merchant_misc_net_44,misc_net,86.67,2024-10-24 11:31:00,Miami,FL,0
TXN-002124,3640002123,Merchant_gas_transport_46,gas_transport,339.01,2024-10-25 20:45:00,Los Angeles,CA,0
TXN-002125,3496002124,Merchant_home_32,home,80.95,2024-10-26 14:41:00,Houston,TX,0
TXN-002126,6911002125,Merchant_travel_49,travel,258.83,2024-10-27 08:30:00,Houston,TX,0
TXN-002127,2440002126,Merchant_health_fitness_18,health_fitness,349.26,2024-10-28 18:56:00,Chicago,IL,0
TXN-002128,4363002127,Merchant_travel_37,travel,58.21,2024-10-29 17:27:00,Chicago,IL,0
TXN-002129,2410002128,Merchant_shopping_pos_43,shopping_pos,24.54,2024-10-30 14:16:00,Philadelphia,PA,0
TXN-002130,9405002129,Merchant_travel_32,travel,55.38,2024-10-31 11:26:00,Columbus,OH,0
TXN-002131,9967002130,Merchant_travel_46,travel,202.96,2024-11-01 11:13:00,Columbus,OH,0
TXN-002132,9367002131,Merchant_food_dining_36,food_dining,167.54,2024-11-02 15:30:00,Los Angeles,CA,0
TXN-002133,5817002132,Merchant_entertainment_25,entertainment,75.9,2024-11-03 10:27:00,Chicago,IL,0
TXN-002134,1378002133,Merchant_shopping_net_37,shopping_net,319.81,2024-11-04 13:29:00,Columbus,OH,0
TXN-002135,9746002134,Merchant_health_fitness_49,health_fitness,285.72,2024-11-05 16:10:00,Houston,TX,0
TXN-002136,9391002135,Merchant_misc_pos_13,misc_pos,102.27,2024-11-06 09:57:00,Chicago,IL,0
TXN-002137,1696002136,Merchant_food_dining_42,food_dining,20.03,2024-11-07 16:13:00,Columbus,OH,0
TXN-002138,8917002137,Merchant_shopping_pos_41,shopping_pos,8698.52,2024-11-08 04:52:00,Columbus,OH,1
TXN-002139,6523002138,Merchant_food_dining_33,food_dining,68.37,2024-11-09 11:07:00,Philadelphia,PA,0
TXN-002140,7130002139,Merchant_grocery_pos_21,grocery_pos,109.77,2024-11-10 19:42:00,Chicago,IL,0
TXN-002141,9112002140,Merchant_personal_care_10,personal_care,72.9,2024-11-11 09:31:00,Miami,FL,0
TXN-002142,7973002141,Merchant_health_fitness_20,health_fitness,14.62,2024-11-12 09:58:00,Miami,FL,0
TXN-002143,2619002142,Merchant_shopping_net_27,shopping_net,12097.93,2024-11-13 02:12:00,Atlanta,GA,1
TXN-002144,1938002143,Merchant_misc_pos_23,misc_pos,128.84,2024-11-14 16:28:00,Chicago,IL,0
TXN-002145,8798002144,Merchant_food_dining_30,food_dining,130.87,2024-11-15 16:27:00,Chicago,IL,0
TXN-002146,3900002145,Merchant_misc_pos_21,misc_pos,340.38,2024-11-16 19:02:00,New York,NY,0
TXN-002147,5076002146,Merchant_food_dining_38,food_dining,357.66,2024-11-17 11:33:00,Chicago,IL,0
TXN-002148,3498002147,Merchant_personal_care_1,personal_care,331.73,2024-11-18 17:11:00,Houston,TX,0
TXN-002149,6311002148,Merchant_entertainment_22,entertainment,251.81,2024-11-19 09:50:00,Seattle,WA,0
TXN-002150,4149002149,Merchant_misc_net_2,misc_net,11960.18,2024-11-20 02:24:00,Philadelphia,PA,1
TXN-002151,8072002150,Merchant_health_fitness_28,health_fitness,291.38,2024-11-21 11:28:00,Columbus,OH,0
TXN-002152,9002002151,Merchant_grocery_pos_14,grocery_pos,63.3,2024-11-22 20:06:00,Chicago,IL,0
TXN-002153,3817002152,Merchant_shopping_net_28,shopping_net,282.25,2024-11-23 17:15:00,Charlotte,NC,0
TXN-002154,3571002153,Merchant_home_49,home,205.48,2024-11-24 08:12:00,Charlotte,NC,0
TXN-002155,2376002154,Merchant_food_dining_11,food_dining,371.22,2024-11-25 11:39:00,Chicago,IL,0
TXN-002156,8543002155,Merchant_personal_care_44,personal_care,204.0,2024-11-26 20:35:00,Columbus,OH,0
TXN-002157,6008002156,Merchant_food_dining_6,food_dining,255.4,2024-11-27 11:56:00,Miami,FL,0
TXN-002158,2840002157,Merchant_food_dining_36,food_dining,75.82,2024-11-28 20:11:00,Philadelphia,PA,0
TXN-002159,1545002158,Merchant_misc_net_48,misc_net,526.01,2024-11-29 05:33:00,Miami,FL,1
TXN-002160,5961002159,Merchant_gas_transport_20,gas_transport,240.87,2024-11-30 09:30:00,Houston,TX,0
TXN-002161,7680002160,Merchant_food_dining_8,food_dining,192.09,2024-12-01 15:40:00,New York,NY,0
TXN-002162,3910002161,Merchant_entertainment_18,entertainment,113.93,2024-12-02 20:20:00,Philadelphia,PA,0
TXN-002163,4131002162,Merchant_food_dining_13,food_dining,306.49,2024-12-03 12:48:00,Houston,TX,0
TXN-002164,6469002163,Merchant_misc_pos_4,misc_pos,181.13,2024-12-04 16:12:00,Philadelphia,PA,0
TXN-002165,5276002164,Merchant_misc_pos_22,misc_pos,208.05,2024-12-05 18:33:00,Los Angeles,CA,0
TXN-002166,3361002165,Merchant_food_dining_22,food_dining,208.78,2024-12-06 11:12:00,Seattle,WA,0
TXN-002167,2161002166,Merchant_home_27,home,158.6,2024-12-07 18:23:00,Chicago,IL,0
TXN-002168,3704002167,Merchant_misc_net_6,misc_net,13786.17,2024-12-08 01:48:00,Chicago,IL,1
TXN-002169,9708002168,Merchant_misc_net_37,misc_net,165.59,2024-12-09 11:48:00,New York,NY,0
TXN-002170,6523002169,Merchant_home_12,home,64.12,2024-12-10 18:53:00,Los Angeles,CA,0
TXN-002171,5399002170,Merchant_misc_net_33,misc_net,308.36,2024-12-11 18:52:00,Miami,FL,0
TXN-002172,2812002171,Merchant_grocery_pos_18,grocery_pos,235.52,2024-12-12 17:17:00,Chicago,IL,0
TXN-002173,1557002172,Merchant_grocery_pos_16,grocery_pos,150.95,2024-12-13 08:41:00,Columbus,OH,0
TXN-002174,8597002173,Merchant_entertainment_40,entertainment,332.41,2024-12-14 13:35:00,Chicago,IL,0
TXN-002175,7028002174,Merchant_shopping_net_41,shopping_net,32.47,2024-12-15 08:51:00,Houston,TX,0
TXN-002176,8248002175,Merchant_personal_care_27,personal_care,64.0,2024-12-16 14:07:00,Houston,TX,0
TXN-002177,7744002176,Merchant_home_44,home,35.87,2024-12-17 10:15:00,Atlanta,GA,0
TXN-002178,7233002177,Merchant_gas_transport_7,gas_transport,160.8,2024-12-18 15:19:00,Chicago,IL,0
TXN-002179,6648002178,Merchant_travel_37,travel,18.5,2024-12-19 19:11:00,Charlotte,NC,0
TXN-002180,4815002179,Merchant_entertainment_23,entertainment,192.28,2024-12-20 10:39:00,Chicago,IL,0
TXN-002181,8223002180,Merchant_health_fitness_21,health_fitness,80.19,2024-12-21 13:09:00,Seattle,WA,0
TXN-002182,8556002181,Merchant_shopping_net_33,shopping_net,5642.69,2024-12-22 03:24:00,Los Angeles,CA,1
TXN-002183,8079002182,Merchant_grocery_pos_16,grocery_pos,10708.47,2024-12-23 22:54:00,New York,NY,1
TXN-002184,6196002183,Merchant_misc_net_25,misc_net,173.04,2024-12-24 14:49:00,Philadelphia,PA,0
TXN-002185,7818002184,Merchant_entertainment_31,entertainment,173.06,2024-12-25 15:17:00,Miami,FL,0
TXN-002186,6447002185,Merchant_misc_pos_44,misc_pos,183.93,2024-12-26 13:56:00,Chicago,IL,0
TXN-002187,3087002186,Merchant_misc_net_37,misc_net,107.97,2024-12-27 20:49:00,Seattle,WA,0
TXN-002188,5041002187,Merchant_grocery_pos_32,grocery_pos,277.33,2024-12-28 10:30:00,Los Angeles,CA,0
TXN-002189,9019002188,Merchant_misc_pos_37,misc_pos,85.62,2024-12-29 13:09:00,Seattle,WA,0
TXN-002190,1971002189,Merchant_grocery_pos_34,grocery_pos,2131.68,2024-12-30 03:31:00,Miami,FL,1
TXN-002191,5255002190,Merchant_misc_net_10,misc_net,150.1,2024-01-01 08:07:00,New York,NY,0
TXN-002192,1056002191,Merchant_home_15,home,143.12,2024-01-02 11:23:00,Chicago,IL,0
TXN-002193,1040002192,Merchant_misc_net_41,misc_net,146.29,2024-01-03 02:38:00,Chicago,IL,1
TXN-002194,6593002193,Merchant_misc_net_42,misc_net,372.86,2024-01-04 17:49:00,New York,NY,0
TXN-002195,9779002194,Merchant_gas_transport_25,gas_transport,395.91,2024-01-05 09:22:00,Seattle,WA,0
TXN-002196,7485002195,Merchant_home_20,home,47.61,2024-01-06 14:51:00,Columbus,OH,0
TXN-002197,6617002196,Merchant_personal_care_2,personal_care,312.59,2024-01-07 20:26:00,Houston,TX,0
TXN-002198,1658002197,Merchant_gas_transport_4,gas_transport,391.28,2024-01-08 15:20:00,Charlotte,NC,0
TXN-002199,4449002198,Merchant_shopping_net_30,shopping_net,2604.14,2024-01-09 01:01:00,Atlanta,GA,1
TXN-002200,1231002199,Merchant_shopping_pos_10,shopping_pos,101.16,2024-01-10 11:47:00,Columbus,OH,0
TXN-002201,5963002200,Merchant_health_fitness_14,health_fitness,163.49,2024-01-11 15:04:00,Los Angeles,CA,0
TXN-002202,6321002201,Merchant_grocery_pos_27,grocery_pos,376.88,2024-01-12 11:15:00,Columbus,OH,0
TXN-002203,1020002202,Merchant_misc_net_1,misc_net,143.25,2024-01-13 20:01:00,Miami,FL,0
TXN-002204,1528002203,Merchant_shopping_pos_9,shopping_pos,331.81,2024-01-14 18:08:00,Columbus,OH,0
TXN-002205,5972002204,Merchant_grocery_pos_47,grocery_pos,2613.14,2024-01-15 23:43:00,Philadelphia,PA,1
TXN-002206,5424002205,Merchant_misc_net_36,misc_net,700.18,2024-01-16 01:01:00,Houston,TX,1
TXN-002207,4941002206,Merchant_shopping_net_20,shopping_net,14908.73,2024-01-17 04:54:00,Houston,TX,1
TXN-002208,5374002207,Merchant_shopping_pos_10,shopping_pos,518.86,2024-01-18 03:03:00,Los Angeles,CA,1
TXN-002209,2177002208,Merchant_health_fitness_38,health_fitness,145.82,2024-01-19 17:03:00,Atlanta,GA,0
TXN-002210,4158002209,Merchant_food_dining_23,food_dining,332.08,2024-01-20 19:32:00,Columbus,OH,0
TXN-002211,4510002210,Merchant_misc_net_23,misc_net,11534.1,2024-01-21 23:30:00,Chicago,IL,1
TXN-002212,2574002211,Merchant_gas_transport_27,gas_transport,27.84,2024-01-22 14:39:00,New York,NY,0
TXN-002213,1315002212,Merchant_misc_pos_38,misc_pos,155.72,2024-01-23 18:57:00,Miami,FL,0
TXN-002214,7460002213,Merchant_travel_8,travel,167.58,2024-01-24 10:00:00,Chicago,IL,0
TXN-002215,8721002214,Merchant_misc_net_24,misc_net,299.35,2024-01-25 12:24:00,Charlotte,NC,0
TXN-002216,2141002215,Merchant_health_fitness_37,health_fitness,321.15,2024-01-26 12:39:00,New York,NY,0
TXN-002217,1472002216,Merchant_shopping_pos_49,shopping_pos,43.54,2024-01-27 13:58:00,Miami,FL,0
TXN-002218,8520002217,Merchant_gas_transport_29,gas_transport,46.38,2024-01-28 08:29:00,Atlanta,GA,0
TXN-002219,5841002218,Merchant_shopping_pos_44,shopping_pos,379.22,2024-01-29 15:22:00,Houston,TX,0
TXN-002220,4467002219,Merchant_shopping_net_41,shopping_net,455.44,2024-01-30 23:10:00,Philadelphia,PA,1
TXN-002221,2786002220,Merchant_shopping_pos_42,shopping_pos,373.9,2024-01-31 20:58:00,Charlotte,NC,0
TXN-002222,6062002221,Merchant_personal_care_38,personal_care,257.08,2024-02-01 16:07:00,Miami,FL,0
TXN-002223,8190002222,Merchant_entertainment_7,entertainment,263.34,2024-02-02 09:27:00,Columbus,OH,0
TXN-002224,9375002223,Merchant_shopping_net_3,shopping_net,2186.76,2024-02-03 02:34:00,Columbus,OH,1
TXN-002225,8431002224,Merchant_shopping_pos_16,shopping_pos,273.86,2024-02-04 00:37:00,Atlanta,GA,1
TXN-002226,2651002225,Merchant_shopping_net_34,shopping_net,7.77,2024-02-05 17:50:00,New York,NY,0
TXN-002227,9674002226,Merchant_grocery_pos_8,grocery_pos,880.1,2024-02-06 04:26:00,Los Angeles,CA,1
TXN-002228,3234002227,Merchant_grocery_pos_9,grocery_pos,206.63,2024-02-07 09:26:00,Miami,FL,0
TXN-002229,4574002228,Merchant_food_dining_12,food_dining,311.81,2024-02-08 17:26:00,New York,NY,0
TXN-002230,8332002229,Merchant_gas_transport_24,gas_transport,364.08,2024-02-09 16:24:00,Houston,TX,0
TXN-002231,8981002230,Merchant_personal_care_35,personal_care,179.38,2024-02-10 13:28:00,Atlanta,GA,0
TXN-002232,2851002231,Merchant_health_fitness_19,health_fitness,14.01,2024-02-11 08:40:00,Seattle,WA,0
TXN-002233,3567002232,Merchant_kids_pets_5,kids_pets,65.52,2024-02-12 18:04:00,Houston,TX,0
TXN-002234,3727002233,Merchant_home_4,home,77.78,2024-02-13 16:30:00,Los Angeles,CA,0
TXN-002235,9930002234,Merchant_misc_pos_3,misc_pos,95.1,2024-02-14 14:46:00,Houston,TX,0
TXN-002236,5230002235,Merchant_gas_transport_27,gas_transport,340.73,2024-02-15 10:08:00,Chicago,IL,0
TXN-002237,5502002236,Merchant_misc_net_46,misc_net,51.8,2024-02-16 09:03:00,Columbus,OH,0
TXN-002238,9629002237,Merchant_gas_transport_32,gas_transport,97.67,2024-02-17 12:57:00,Miami,FL,0
TXN-002239,2475002238,Merchant_food_dining_34,food_dining,371.88,2024-02-18 14:00:00,Houston,TX,0
TXN-002240,3428002239,Merchant_personal_care_32,personal_care,240.43,2024-02-19 10:01:00,Seattle,WA,0
TXN-002241,1686002240,Merchant_travel_36,travel,42.4,2024-02-20 10:36:00,Los Angeles,CA,0
TXN-002242,9804002241,Merchant_misc_net_36,misc_net,116.45,2024-02-21 17:13:00,Houston,TX,0
TXN-002243,4373002242,Merchant_shopping_pos_40,shopping_pos,145.01,2024-02-22 10:39:00,Los Angeles,CA,0
TXN-002244,1089002243,Merchant_shopping_pos_16,shopping_pos,12604.17,2024-02-23 22:26:00,Seattle,WA,1
TXN-002245,1001002244,Merchant_home_26,home,332.04,2024-02-24 13:08:00,Chicago,IL,0
TXN-002246,4714002245,Merchant_shopping_pos_17,shopping_pos,107.49,2024-02-25 14:47:00,Seattle,WA,0
TXN-002247,9026002246,Merchant_misc_pos_1,misc_pos,159.74,2024-02-26 13:33:00,Atlanta,GA,0
TXN-002248,7539002247,Merchant_home_40,home,361.98,2024-02-27 14:03:00,Miami,FL,0
TXN-002249,4508002248,Merchant_misc_pos_9,misc_pos,199.96,2024-02-28 12:38:00,Philadelphia,PA,0
TXN-002250,9426002249,Merchant_kids_pets_30,kids_pets,79.1,2024-02-29 18:52:00,Charlotte,NC,0
TXN-002251,5989002250,Merchant_grocery_pos_44,grocery_pos,7993.62,2024-03-01 22:38:00,New York,NY,1
TXN-002252,2927002251,Merchant_entertainment_41,entertainment,263.74,2024-03-02 16:13:00,Charlotte,NC,0
TXN-002253,6732002252,Merchant_travel_43,travel,145.08,2024-03-03 15:58:00,New York,NY,0
TXN-002254,7611002253,Merchant_misc_pos_38,misc_pos,75.97,2024-03-04 15:05:00,Houston,TX,0
TXN-002255,7053002254,Merchant_shopping_pos_23,shopping_pos,222.82,2024-03-05 13:43:00,Seattle,WA,0
TXN-002256,1993002255,Merchant_grocery_pos_19,grocery_pos,3497.9,2024-03-06 23:39:00,Los Angeles,CA,1
TXN-002257,2031002256,Merchant_gas_transport_31,gas_transport,98.21,2024-03-07 16:22:00,Miami,FL,0
TXN-002258,9925002257,Merchant_personal_care_4,personal_care,128.56,2024-03-08 09:57:00,New York,NY,0
TXN-002259,9285002258,Merchant_entertainment_8,entertainment,122.92,2024-03-09 10:38:00,Chicago,IL,0
TXN-002260,8923002259,Merchant_grocery_pos_28,grocery_pos,95.39,2024-03-10 20:29:00,Philadelphia,PA,0
TXN-002261,1117002260,Merchant_entertainment_25,entertainment,305.81,2024-03-11 09:33:00,Charlotte,NC,0
TXN-002262,7335002261,Merchant_misc_net_4,misc_net,102.7,2024-03-12 13:55:00,Houston,TX,0
TXN-002263,7269002262,Merchant_food_dining_9,food_dining,188.64,2024-03-13 08:26:00,Seattle,WA,0
TXN-002264,4250002263,Merchant_entertainment_31,entertainment,359.47,2024-03-14 08:09:00,Chicago,IL,0
TXN-002265,4049002264,Merchant_personal_care_33,personal_care,94.06,2024-03-15 10:31:00,Chicago,IL,0
TXN-002266,6695002265,Merchant_home_38,home,206.68,2024-03-16 10:51:00,Atlanta,GA,0
TXN-002267,8034002266,Merchant_home_35,home,173.68,2024-03-17 13:58:00,Charlotte,NC,0
TXN-002268,2993002267,Merchant_grocery_pos_11,grocery_pos,13447.36,2024-03-18 02:40:00,Chicago,IL,1
TXN-002269,5767002268,Merchant_health_fitness_40,health_fitness,379.45,2024-03-19 16:35:00,Los Angeles,CA,0
TXN-002270,6078002269,Merchant_travel_15,travel,127.47,2024-03-20 20:19:00,Charlotte,NC,0
TXN-002271,9974002270,Merchant_gas_transport_15,gas_transport,6.47,2024-03-21 12:26:00,Charlotte,NC,0
TXN-002272,6876002271,Merchant_home_10,home,389.38,2024-03-22 11:39:00,Miami,FL,0
TXN-002273,6109002272,Merchant_gas_transport_43,gas_transport,387.05,2024-03-23 19:56:00,Seattle,WA,0
TXN-002274,5713002273,Merchant_food_dining_17,food_dining,308.1,2024-03-24 20:34:00,Philadelphia,PA,0
TXN-002275,1099002274,Merchant_grocery_pos_46,grocery_pos,81.74,2024-03-25 16:16:00,Seattle,WA,0
TXN-002276,3052002275,Merchant_home_41,home,176.81,2024-03-26 11:20:00,Chicago,IL,0
TXN-002277,6901002276,Merchant_misc_net_23,misc_net,264.89,2024-03-27 14:47:00,Charlotte,NC,0
TXN-002278,9015002277,Merchant_food_dining_10,food_dining,386.7,2024-03-28 19:05:00,Philadelphia,PA,0
TXN-002279,9490002278,Merchant_kids_pets_44,kids_pets,86.28,2024-03-29 16:00:00,Seattle,WA,0
TXN-002280,3857002279,Merchant_misc_pos_37,misc_pos,64.81,2024-03-30 10:33:00,New York,NY,0
TXN-002281,1119002280,Merchant_home_30,home,274.18,2024-03-31 15:28:00,Chicago,IL,0
TXN-002282,3668002281,Merchant_shopping_net_38,shopping_net,74.13,2024-04-01 18:00:00,Atlanta,GA,0
TXN-002283,7842002282,Merchant_misc_net_31,misc_net,136.32,2024-04-02 12:25:00,Houston,TX,0
TXN-002284,1200002283,Merchant_grocery_pos_4,grocery_pos,82.62,2024-04-03 08:51:00,Seattle,WA,0
TXN-002285,6935002284,Merchant_health_fitness_7,health_fitness,393.57,2024-04-04 18:12:00,Atlanta,GA,0
TXN-002286,3294002285,Merchant_misc_pos_49,misc_pos,363.69,2024-04-05 15:24:00,Los Angeles,CA,0
TXN-002287,3342002286,Merchant_entertainment_44,entertainment,206.44,2024-04-06 08:40:00,Seattle,WA,0
TXN-002288,3869002287,Merchant_misc_net_7,misc_net,185.24,2024-04-07 13:17:00,Columbus,OH,0
TXN-002289,2017002288,Merchant_shopping_net_45,shopping_net,155.16,2024-04-08 14:58:00,Houston,TX,0
TXN-002290,1371002289,Merchant_misc_pos_43,misc_pos,282.0,2024-04-09 19:12:00,Seattle,WA,0
TXN-002291,1555002290,Merchant_gas_transport_42,gas_transport,43.12,2024-04-10 09:08:00,Columbus,OH,0
TXN-002292,8629002291,Merchant_grocery_pos_31,grocery_pos,67.06,2024-04-11 08:53:00,Los Angeles,CA,0
TXN-002293,6531002292,Merchant_misc_net_46,misc_net,314.34,2024-04-12 18:13:00,Atlanta,GA,0
TXN-002294,7590002293,Merchant_misc_net_39,misc_net,13395.04,2024-04-13 23:43:00,Houston,TX,1
TXN-002295,6006002294,Merchant_personal_care_17,personal_care,322.61,2024-04-14 17:10:00,Miami,FL,0
TXN-002296,4770002295,Merchant_kids_pets_20,kids_pets,38.39,2024-04-15 10:25:00,Atlanta,GA,0
TXN-002297,1214002296,Merchant_shopping_pos_3,shopping_pos,71.88,2024-04-16 09:50:00,Los Angeles,CA,0
TXN-002298,4410002297,Merchant_personal_care_42,personal_care,388.15,2024-04-17 11:30:00,Los Angeles,CA,0
TXN-002299,3711002298,Merchant_shopping_net_1,shopping_net,164.36,2024-04-18 11:18:00,Chicago,IL,0
TXN-002300,1246002299,Merchant_shopping_net_44,shopping_net,255.61,2024-04-19 16:38:00,Charlotte,NC,0
TXN-002301,7095002300,Merchant_shopping_net_19,shopping_net,19.3,2024-04-20 14:44:00,Los Angeles,CA,0
TXN-002302,2851002301,Merchant_misc_pos_49,misc_pos,363.46,2024-04-21 20:48:00,Columbus,OH,0
TXN-002303,8778002302,Merchant_entertainment_9,entertainment,318.26,2024-04-22 17:25:00,Los Angeles,CA,0
TXN-002304,2993002303,Merchant_travel_35,travel,183.08,2024-04-23 11:37:00,Chicago,IL,0
TXN-002305,4882002304,Merchant_shopping_net_30,shopping_net,265.31,2024-04-24 08:15:00,Chicago,IL,0
TXN-002306,5460002305,Merchant_shopping_net_17,shopping_net,339.61,2024-04-25 11:57:00,Chicago,IL,0
TXN-002307,8822002306,Merchant_kids_pets_26,kids_pets,318.38,2024-04-26 20:10:00,Los Angeles,CA,0
TXN-002308,1585002307,Merchant_grocery_pos_32,grocery_pos,46.84,2024-04-27 18:05:00,Columbus,OH,0
TXN-002309,4520002308,Merchant_misc_net_6,misc_net,59.59,2024-04-28 19:28:00,Houston,TX,0
TXN-002310,3027002309,Merchant_food_dining_10,food_dining,88.7,2024-04-29 15:00:00,Columbus,OH,0
TXN-002311,7088002310,Merchant_entertainment_23,entertainment,147.55,2024-04-30 14:07:00,Atlanta,GA,0
TXN-002312,6459002311,Merchant_shopping_net_24,shopping_net,3026.77,2024-05-01 00:19:00,Seattle,WA,1
TXN-002313,8234002312,Merchant_home_16,home,83.06,2024-05-02 09:54:00,Miami,FL,0
TXN-002314,3457002313,Merchant_personal_care_32,personal_care,296.14,2024-05-03 11:54:00,Atlanta,GA,0
TXN-002315,8927002314,Merchant_home_47,home,123.17,2024-05-04 11:05:00,Charlotte,NC,0
TXN-002316,5829002315,Merchant_gas_transport_30,gas_transport,101.29,2024-05-05 13:15:00,Charlotte,NC,0
TXN-002317,9913002316,Merchant_shopping_net_8,shopping_net,317.13,2024-05-06 13:07:00,Charlotte,NC,0
TXN-002318,4086002317,Merchant_home_2,home,183.44,2024-05-07 14:07:00,Houston,TX,0
TXN-002319,2601002318,Merchant_travel_20,travel,195.9,2024-05-08 20:12:00,Seattle,WA,0
TXN-002320,4921002319,Merchant_personal_care_45,personal_care,384.55,2024-05-09 20:48:00,Miami,FL,0
TXN-002321,8459002320,Merchant_kids_pets_8,kids_pets,273.77,2024-05-10 12:34:00,Charlotte,NC,0
TXN-002322,3712002321,Merchant_grocery_pos_15,grocery_pos,135.67,2024-05-11 14:51:00,Charlotte,NC,0
TXN-002323,8006002322,Merchant_shopping_net_11,shopping_net,51.62,2024-05-12 12:08:00,Philadelphia,PA,0
TXN-002324,8513002323,Merchant_entertainment_6,entertainment,162.33,2024-05-13 09:01:00,New York,NY,0
TXN-002325,2138002324,Merchant_grocery_pos_10,grocery_pos,761.19,2024-05-14 03:55:00,Miami,FL,1
TXN-002326,4721002325,Merchant_entertainment_28,entertainment,29.52,2024-05-15 19:08:00,Columbus,OH,0
TXN-002327,5810002326,Merchant_kids_pets_16,kids_pets,151.17,2024-05-16 16:15:00,Columbus,OH,0
TXN-002328,2210002327,Merchant_gas_transport_4,gas_transport,229.77,2024-05-17 10:27:00,Miami,FL,0
TXN-002329,1491002328,Merchant_grocery_pos_7,grocery_pos,7488.02,2024-05-18 04:16:00,New York,NY,1
TXN-002330,3390002329,Merchant_personal_care_15,personal_care,227.61,2024-05-19 14:40:00,New York,NY,0
TXN-002331,2877002330,Merchant_grocery_pos_6,grocery_pos,35.32,2024-05-20 16:50:00,Atlanta,GA,0
TXN-002332,6857002331,Merchant_shopping_net_41,shopping_net,234.16,2024-05-21 23:39:00,Chicago,IL,1
TXN-002333,2139002332,Merchant_misc_net_13,misc_net,25.34,2024-05-22 17:55:00,Chicago,IL,0
TXN-002334,6822002333,Merchant_grocery_pos_26,grocery_pos,7079.83,2024-05-23 03:20:00,Philadelphia,PA,1
TXN-002335,4148002334,Merchant_personal_care_27,personal_care,380.07,2024-05-24 17:23:00,Los Angeles,CA,0
TXN-002336,2333002335,Merchant_grocery_pos_43,grocery_pos,109.31,2024-05-25 10:54:00,Columbus,OH,0
TXN-002337,4123002336,Merchant_health_fitness_47,health_fitness,349.66,2024-05-26 13:07:00,Houston,TX,0
TXN-002338,9926002337,Merchant_misc_net_45,misc_net,211.44,2024-05-27 09:01:00,Charlotte,NC,0
TXN-002339,8409002338,Merchant_entertainment_48,entertainment,312.26,2024-05-28 10:30:00,Charlotte,NC,0
TXN-002340,4890002339,Merchant_misc_pos_15,misc_pos,249.72,2024-05-29 13:37:00,Seattle,WA,0
TXN-002341,1857002340,Merchant_misc_pos_44,misc_pos,173.32,2024-05-30 11:26:00,Miami,FL,0
TXN-002342,3766002341,Merchant_kids_pets_33,kids_pets,332.53,2024-05-31 17:36:00,Houston,TX,0
TXN-002343,2147002342,Merchant_food_dining_9,food_dining,96.7,2024-06-01 15:01:00,New York,NY,0
TXN-002344,8037002343,Merchant_entertainment_21,entertainment,57.97,2024-06-02 16:23:00,Charlotte,NC,0
TXN-002345,4316002344,Merchant_shopping_pos_38,shopping_pos,328.31,2024-06-03 11:25:00,New York,NY,0
TXN-002346,5591002345,Merchant_kids_pets_33,kids_pets,301.48,2024-06-04 12:19:00,Chicago,IL,0
TXN-002347,4061002346,Merchant_food_dining_29,food_dining,340.91,2024-06-05 10:17:00,Chicago,IL,0
TXN-002348,6488002347,Merchant_misc_net_43,misc_net,8822.45,2024-06-06 00:34:00,Atlanta,GA,1
TXN-002349,3013002348,Merchant_gas_transport_48,gas_transport,218.86,2024-06-07 18:32:00,Philadelphia,PA,0
TXN-002350,7622002349,Merchant_health_fitness_25,health_fitness,44.83,2024-06-08 11:35:00,Seattle,WA,0
TXN-002351,6371002350,Merchant_misc_net_5,misc_net,244.3,2024-06-09 09:50:00,Columbus,OH,0
TXN-002352,2825002351,Merchant_health_fitness_49,health_fitness,34.48,2024-06-10 18:21:00,Seattle,WA,0
TXN-002353,5118002352,Merchant_shopping_net_8,shopping_net,231.03,2024-06-11 19:00:00,Chicago,IL,0
TXN-002354,9112002353,Merchant_misc_net_5,misc_net,4313.64,2024-06-12 23:52:00,New York,NY,1
TXN-002355,3395002354,Merchant_shopping_net_34,shopping_net,2890.35,2024-06-13 00:09:00,Houston,TX,1
TXN-002356,9857002355,Merchant_food_dining_49,food_dining,322.45,2024-06-14 09:08:00,Chicago,IL,0
TXN-002357,3510002356,Merchant_health_fitness_46,health_fitness,133.62,2024-06-15 11:15:00,Los Angeles,CA,0
TXN-002358,1546002357,Merchant_gas_transport_15,gas_transport,316.04,2024-06-16 10:03:00,Miami,FL,0
TXN-002359,2065002358,Merchant_shopping_net_20,shopping_net,371.29,2024-06-17 20:50:00,Chicago,IL,0
TXN-002360,8672002359,Merchant_gas_transport_13,gas_transport,397.18,2024-06-18 14:35:00,Chicago,IL,0
TXN-002361,8145002360,Merchant_shopping_pos_25,shopping_pos,101.28,2024-06-19 23:16:00,Philadelphia,PA,1
TXN-002362,7651002361,Merchant_entertainment_18,entertainment,269.03,2024-06-20 12:56:00,Charlotte,NC,0
TXN-002363,4479002362,Merchant_personal_care_49,personal_care,61.64,2024-06-21 13:15:00,Columbus,OH,0
TXN-002364,1563002363,Merchant_shopping_pos_19,shopping_pos,135.78,2024-06-22 19:03:00,Los Angeles,CA,0
TXN-002365,8461002364,Merchant_shopping_pos_41,shopping_pos,8342.42,2024-06-23 05:51:00,Chicago,IL,1
TXN-002366,8717002365,Merchant_personal_care_24,personal_care,394.12,2024-06-24 13:58:00,Columbus,OH,0
TXN-002367,6933002366,Merchant_misc_net_11,misc_net,4498.27,2024-06-25 02:56:00,Seattle,WA,1
TXN-002368,9691002367,Merchant_food_dining_22,food_dining,211.39,2024-06-26 16:55:00,Chicago,IL,0
TXN-002369,6922002368,Merchant_travel_10,travel,314.57,2024-06-27 14:54:00,Chicago,IL,0
TXN-002370,6916002369,Merchant_misc_net_27,misc_net,21.63,2024-06-28 14:34:00,Chicago,IL,0
TXN-002371,8162002370,Merchant_health_fitness_41,health_fitness,54.33,2024-06-29 16:33:00,Seattle,WA,0
TXN-002372,8414002371,Merchant_shopping_net_22,shopping_net,133.04,2024-06-30 14:25:00,New York,NY,0
TXN-002373,6560002372,Merchant_grocery_pos_10,grocery_pos,250.63,2024-07-01 12:57:00,Seattle,WA,0
TXN-002374,2795002373,Merchant_shopping_pos_39,shopping_pos,3730.29,2024-07-02 00:06:00,Houston,TX,1
TXN-002375,9720002374,Merchant_food_dining_46,food_dining,9.51,2024-07-03 16:39:00,Atlanta,GA,0
TXN-002376,5379002375,Merchant_grocery_pos_12,grocery_pos,739.98,2024-07-04 03:13:00,Philadelphia,PA,1
TXN-002377,8841002376,Merchant_entertainment_9,entertainment,279.86,2024-07-05 15:57:00,Seattle,WA,0
TXN-002378,9942002377,Merchant_health_fitness_22,health_fitness,37.25,2024-07-06 09:23:00,Miami,FL,0
TXN-002379,6498002378,Merchant_shopping_pos_31,shopping_pos,284.74,2024-07-07 08:19:00,Charlotte,NC,0
TXN-002380,9931002379,Merchant_misc_net_48,misc_net,315.4,2024-07-08 15:15:00,Atlanta,GA,0
TXN-002381,7450002380,Merchant_shopping_net_29,shopping_net,247.74,2024-07-09 08:51:00,Chicago,IL,0
TXN-002382,5112002381,Merchant_kids_pets_49,kids_pets,357.68,2024-07-10 11:31:00,Los Angeles,CA,0
TXN-002383,9485002382,Merchant_misc_net_43,misc_net,342.49,2024-07-11 10:16:00,Los Angeles,CA,0
TXN-002384,2934002383,Merchant_entertainment_3,entertainment,301.91,2024-07-12 09:28:00,Houston,TX,0
TXN-002385,8693002384,Merchant_home_25,home,107.94,2024-07-13 08:17:00,Houston,TX,0
TXN-002386,7650002385,Merchant_misc_net_3,misc_net,56.61,2024-07-14 09:18:00,Columbus,OH,0
TXN-002387,8150002386,Merchant_shopping_pos_45,shopping_pos,222.5,2024-07-15 03:08:00,Seattle,WA,1
TXN-002388,1879002387,Merchant_grocery_pos_49,grocery_pos,305.57,2024-07-16 16:51:00,Charlotte,NC,0
TXN-002389,3391002388,Merchant_misc_net_1,misc_net,319.86,2024-07-17 13:29:00,Seattle,WA,0
TXN-002390,4000002389,Merchant_grocery_pos_30,grocery_pos,155.8,2024-07-18 10:45:00,Charlotte,NC,0
TXN-002391,5347002390,Merchant_travel_48,travel,381.81,2024-07-19 10:18:00,Seattle,WA,0
TXN-002392,6489002391,Merchant_entertainment_3,entertainment,52.84,2024-07-20 15:55:00,Miami,FL,0
TXN-002393,4710002392,Merchant_misc_pos_49,misc_pos,373.11,2024-07-21 15:11:00,Columbus,OH,0
TXN-002394,6209002393,Merchant_home_26,home,125.15,2024-07-22 18:45:00,Chicago,IL,0
TXN-002395,7399002394,Merchant_misc_net_27,misc_net,251.9,2024-07-23 20:02:00,Houston,TX,0
TXN-002396,2762002395,Merchant_misc_net_15,misc_net,3519.99,2024-07-24 05:09:00,Chicago,IL,1
TXN-002397,5410002396,Merchant_misc_pos_31,misc_pos,398.23,2024-07-25 15:40:00,Atlanta,GA,0
TXN-002398,2594002397,Merchant_misc_net_11,misc_net,1433.74,2024-07-26 02:06:00,Miami,FL,1
TXN-002399,7499002398,Merchant_shopping_net_8,shopping_net,16.03,2024-07-27 09:20:00,Columbus,OH,0
TXN-002400,5609002399,Merchant_shopping_pos_36,shopping_pos,71.57,2024-07-28 12:58:00,Charlotte,NC,0
TXN-002401,3839002400,Merchant_misc_pos_44,misc_pos,160.24,2024-07-29 12:07:00,Chicago,IL,0
TXN-002402,1996002401,Merchant_food_dining_28,food_dining,276.89,2024-07-30 08:08:00,Houston,TX,0
TXN-002403,3981002402,Merchant_misc_pos_17,misc_pos,80.18,2024-07-31 10:07:00,Chicago,IL,0
TXN-002404,3189002403,Merchant_food_dining_5,food_dining,142.05,2024-08-01 10:31:00,Philadelphia,PA,0
TXN-002405,3749002404,Merchant_shopping_net_29,shopping_net,348.87,2024-08-02 08:15:00,New York,NY,0
TXN-002406,2109002405,Merchant_kids_pets_1,kids_pets,211.0,2024-08-03 09:46:00,Charlotte,NC,0
TXN-002407,5181002406,Merchant_health_fitness_47,health_fitness,29.32,2024-08-04 18:32:00,Chicago,IL,0
TXN-002408,2812002407,Merchant_health_fitness_42,health_fitness,67.79,2024-08-05 20:44:00,Philadelphia,PA,0
TXN-002409,4472002408,Merchant_misc_pos_10,misc_pos,392.04,2024-08-06 15:30:00,Columbus,OH,0
TXN-002410,6771002409,Merchant_misc_net_46,misc_net,65.17,2024-08-07 16:06:00,Columbus,OH,0
TXN-002411,1797002410,Merchant_kids_pets_32,kids_pets,247.25,2024-08-08 11:08:00,Charlotte,NC,0
TXN-002412,7134002411,Merchant_shopping_pos_33,shopping_pos,98.77,2024-08-09 14:11:00,New York,NY,0
TXN-002413,9930002412,Merchant_misc_pos_43,misc_pos,340.02,2024-08-10 17:12:00,Seattle,WA,0
TXN-002414,1165002413,Merchant_misc_net_5,misc_net,269.88,2024-08-11 13:45:00,Los Angeles,CA,0
TXN-002415,4791002414,Merchant_entertainment_20,entertainment,248.22,2024-08-12 19:18:00,Houston,TX,0
TXN-002416,8500002415,Merchant_travel_5,travel,304.41,2024-08-13 13:22:00,Los Angeles,CA,0
TXN-002417,4339002416,Merchant_grocery_pos_18,grocery_pos,206.68,2024-08-14 18:22:00,Atlanta,GA,0
TXN-002418,5892002417,Merchant_shopping_net_32,shopping_net,255.51,2024-08-15 20:58:00,Atlanta,GA,0
TXN-002419,7416002418,Merchant_kids_pets_42,kids_pets,253.8,2024-08-16 15:53:00,Columbus,OH,0
TXN-002420,8736002419,Merchant_shopping_net_34,shopping_net,350.77,2024-08-17 15:12:00,New York,NY,0
TXN-002421,6189002420,Merchant_entertainment_44,entertainment,71.57,2024-08-18 13:41:00,Miami,FL,0
TXN-002422,9014002421,Merchant_misc_pos_39,misc_pos,211.73,2024-08-19 16:32:00,Atlanta,GA,0
TXN-002423,8791002422,Merchant_entertainment_43,entertainment,118.53,2024-08-20 09:09:00,Philadelphia,PA,0
TXN-002424,2733002423,Merchant_food_dining_3,food_dining,173.24,2024-08-21 20:45:00,Philadelphia,PA,0
TXN-002425,3468002424,Merchant_shopping_net_20,shopping_net,8033.76,2024-08-22 03:55:00,Los Angeles,CA,1
TXN-002426,6958002425,Merchant_misc_net_6,misc_net,9516.02,2024-08-23 02:01:00,Chicago,IL,1
TXN-002427,4163002426,Merchant_entertainment_45,entertainment,137.9,2024-08-24 12:41:00,Los Angeles,CA,0
TXN-002428,6454002427,Merchant_food_dining_41,food_dining,161.12,2024-08-25 20:18:00,Philadelphia,PA,0
TXN-002429,4321002428,Merchant_grocery_pos_13,grocery_pos,351.11,2024-08-26 14:44:00,New York,NY,0
TXN-002430,2448002429,Merchant_personal_care_16,personal_care,337.9,2024-08-27 13:17:00,Philadelphia,PA,0
TXN-002431,7491002430,Merchant_shopping_pos_26,shopping_pos,14793.98,2024-08-28 22:30:00,New York,NY,1
TXN-002432,7327002431,Merchant_health_fitness_38,health_fitness,336.59,2024-08-29 08:30:00,Los Angeles,CA,0
TXN-002433,2343002432,Merchant_shopping_net_15,shopping_net,98.27,2024-08-30 15:14:00,Philadelphia,PA,0
TXN-002434,8753002433,Merchant_health_fitness_34,health_fitness,178.78,2024-08-31 16:35:00,Chicago,IL,0
TXN-002435,3239002434,Merchant_health_fitness_30,health_fitness,256.82,2024-09-01 11:16:00,Chicago,IL,0
TXN-002436,4524002435,Merchant_misc_net_32,misc_net,24.1,2024-09-02 16:45:00,Atlanta,GA,0
TXN-002437,3850002436,Merchant_kids_pets_36,kids_pets,244.34,2024-09-03 10:07:00,Houston,TX,0
TXN-002438,6005002437,Merchant_food_dining_34,food_dining,50.26,2024-09-04 18:01:00,Atlanta,GA,0
TXN-002439,1323002438,Merchant_food_dining_23,food_dining,13.73,2024-09-05 15:13:00,Chicago,IL,0
TXN-002440,9662002439,Merchant_health_fitness_21,health_fitness,245.58,2024-09-06 12:21:00,Houston,TX,0
TXN-002441,7233002440,Merchant_food_dining_18,food_dining,282.75,2024-09-07 09:54:00,Miami,FL,0
TXN-002442,9700002441,Merchant_entertainment_37,entertainment,208.88,2024-09-08 16:46:00,Los Angeles,CA,0
TXN-002443,3362002442,Merchant_gas_transport_1,gas_transport,336.13,2024-09-09 14:51:00,Miami,FL,0
TXN-002444,3736002443,Merchant_shopping_pos_2,shopping_pos,13696.25,2024-09-10 04:40:00,Seattle,WA,1
TXN-002445,7098002444,Merchant_misc_pos_7,misc_pos,42.63,2024-09-11 19:46:00,New York,NY,0
TXN-002446,1081002445,Merchant_grocery_pos_48,grocery_pos,6477.61,2024-09-12 02:04:00,New York,NY,1
TXN-002447,4845002446,Merchant_health_fitness_40,health_fitness,21.74,2024-09-13 11:58:00,Atlanta,GA,0
TXN-002448,8099002447,Merchant_shopping_net_47,shopping_net,296.51,2024-09-14 18:19:00,Chicago,IL,0
TXN-002449,5575002448,Merchant_shopping_net_43,shopping_net,7837.37,2024-09-15 04:07:00,New York,NY,1
TXN-002450,6498002449,Merchant_misc_net_25,misc_net,10942.61,2024-09-16 00:00:00,Columbus,OH,1
TXN-002451,7851002450,Merchant_misc_net_47,misc_net,51.96,2024-09-17 17:22:00,Columbus,OH,0
TXN-002452,5427002451,Merchant_shopping_net_29,shopping_net,4051.5,2024-09-18 01:49:00,Los Angeles,CA,1
TXN-002453,4255002452,Merchant_misc_net_26,misc_net,111.2,2024-09-19 14:43:00,Houston,TX,0
TXN-002454,3849002453,Merchant_shopping_net_15,shopping_net,13738.91,2024-09-20 01:56:00,Miami,FL,1
TXN-002455,5072002454,Merchant_food_dining_10,food_dining,345.44,2024-09-21 14:06:00,Columbus,OH,0
TXN-002456,2415002455,Merchant_misc_net_30,misc_net,6883.52,2024-09-22 04:10:00,Los Angeles,CA,1
TXN-002457,8445002456,Merchant_misc_pos_34,misc_pos,246.54,2024-09-23 09:22:00,Philadelphia,PA,0
TXN-002458,4229002457,Merchant_food_dining_20,food_dining,364.49,2024-09-24 09:11:00,Miami,FL,0
TXN-002459,9065002458,Merchant_health_fitness_18,health_fitness,358.31,2024-09-25 13:38:00,New York,NY,0
TXN-002460,2547002459,Merchant_grocery_pos_48,grocery_pos,114.32,2024-09-26 14:34:00,Philadelphia,PA,0
TXN-002461,3920002460,Merchant_misc_net_10,misc_net,313.35,2024-09-27 11:05:00,Los Angeles,CA,0
TXN-002462,4168002461,Merchant_shopping_pos_26,shopping_pos,408.88,2024-09-28 23:40:00,New York,NY,1
TXN-002463,9917002462,Merchant_kids_pets_25,kids_pets,230.13,2024-09-29 14:33:00,Charlotte,NC,0
TXN-002464,2383002463,Merchant_personal_care_28,personal_care,279.87,2024-09-30 19:53:00,Seattle,WA,0
TXN-002465,5310002464,Merchant_grocery_pos_11,grocery_pos,13357.2,2024-10-01 05:37:00,Chicago,IL,1
TXN-002466,4496002465,Merchant_misc_net_23,misc_net,302.99,2024-10-02 10:27:00,Atlanta,GA,0
TXN-002467,6031002466,Merchant_kids_pets_32,kids_pets,159.36,2024-10-03 12:27:00,Atlanta,GA,0
TXN-002468,6828002467,Merchant_travel_27,travel,277.52,2024-10-04 12:33:00,Atlanta,GA,0
TXN-002469,9427002468,Merchant_shopping_pos_44,shopping_pos,26.32,2024-10-05 14:05:00,Los Angeles,CA,0
TXN-002470,5103002469,Merchant_entertainment_38,entertainment,182.53,2024-10-06 13:58:00,Seattle,WA,0
TXN-002471,1125002470,Merchant_personal_care_9,personal_care,271.46,2024-10-07 12:23:00,Houston,TX,0
TXN-002472,9996002471,Merchant_food_dining_25,food_dining,45.46,2024-10-08 19:55:00,Philadelphia,PA,0
TXN-002473,3981002472,Merchant_grocery_pos_1,grocery_pos,471.83,2024-10-09 23:32:00,Seattle,WA,1
TXN-002474,4867002473,Merchant_grocery_pos_33,grocery_pos,7851.71,2024-10-10 05:26:00,New York,NY,1
TXN-002475,4581002474,Merchant_grocery_pos_27,grocery_pos,7951.98,2024-10-11 05:56:00,Philadelphia,PA,1
TXN-002476,6290002475,Merchant_grocery_pos_30,grocery_pos,283.64,2024-10-12 12:18:00,Houston,TX,0
TXN-002477,5295002476,Merchant_shopping_net_28,shopping_net,8943.81,2024-10-13 04:52:00,Houston,TX,1
TXN-002478,3943002477,Merchant_misc_net_30,misc_net,12853.12,2024-10-14 04:28:00,Charlotte,NC,1
TXN-002479,7920002478,Merchant_misc_pos_23,misc_pos,357.72,2024-10-15 17:46:00,Columbus,OH,0
TXN-002480,2862002479,Merchant_entertainment_1,entertainment,284.0,2024-10-16 12:30:00,Philadelphia,PA,0
TXN-002481,8271002480,Merchant_grocery_pos_35,grocery_pos,317.6,2024-10-17 08:46:00,Atlanta,GA,0
TXN-002482,5012002481,Merchant_home_11,home,379.38,2024-10-18 08:50:00,Charlotte,NC,0
TXN-002483,9104002482,Merchant_grocery_pos_26,grocery_pos,316.33,2024-10-19 19:56:00,New York,NY,0
TXN-002484,3045002483,Merchant_misc_net_12,misc_net,9621.96,2024-10-20 04:48:00,Seattle,WA,1
TXN-002485,2412002484,Merchant_personal_care_16,personal_care,301.99,2024-10-21 13:55:00,Houston,TX,0
TXN-002486,8882002485,Merchant_kids_pets_19,kids_pets,86.09,2024-10-22 20:35:00,Miami,FL,0
TXN-002487,9623002486,Merchant_gas_transport_37,gas_transport,337.04,2024-10-23 14:33:00,Houston,TX,0
TXN-002488,3040002487,Merchant_gas_transport_12,gas_transport,280.16,2024-10-24 13:04:00,Houston,TX,0
TXN-002489,3656002488,Merchant_shopping_net_16,shopping_net,328.87,2024-10-25 18:06:00,Chicago,IL,0
TXN-002490,2529002489,Merchant_home_43,home,175.33,2024-10-26 08:52:00,Charlotte,NC,0
TXN-002491,9492002490,Merchant_food_dining_39,food_dining,108.13,2024-10-27 18:27:00,Atlanta,GA,0
TXN-002492,6395002491,Merchant_health_fitness_8,health_fitness,363.99,2024-10-28 20:56:00,Miami,FL,0
TXN-002493,7313002492,Merchant_health_fitness_14,health_fitness,323.87,2024-10-29 11:18:00,Chicago,IL,0
TXN-002494,1528002493,Merchant_grocery_pos_7,grocery_pos,154.01,2024-10-30 20:28:00,Seattle,WA,0
TXN-002495,2993002494,Merchant_shopping_pos_6,shopping_pos,336.11,2024-10-31 20:37:00,Houston,TX,0
TXN-002496,6019002495,Merchant_food_dining_42,food_dining,5.27,2024-11-01 17:01:00,Seattle,WA,0
TXN-002497,3200002496,Merchant_gas_transport_30,gas_transport,155.63,2024-11-02 12:43:00,Atlanta,GA,0
TXN-002498,3233002497,Merchant_shopping_net_18,shopping_net,184.59,2024-11-03 11:02:00,Houston,TX,0
TXN-002499,7093002498,Merchant_grocery_pos_48,grocery_pos,10811.12,2024-11-04 03:18:00,Seattle,WA,1
TXN-002500,8493002499,Merchant_health_fitness_21,health_fitness,20.48,2024-11-05 11:49:00,Columbus,OH,0
TXN-002501,9636002500,Merchant_food_dining_20,food_dining,391.66,2024-11-06 19:54:00,Seattle,WA,0
TXN-002502,5031002501,Merchant_gas_transport_30,gas_transport,358.24,2024-11-07 16:18:00,Houston,TX,0
TXN-002503,8165002502,Merchant_travel_29,travel,382.36,2024-11-08 18:42:00,Seattle,WA,0
TXN-002504,3623002503,Merchant_shopping_net_24,shopping_net,154.21,2024-11-09 13:36:00,Columbus,OH,0
TXN-002505,3248002504,Merchant_grocery_pos_11,grocery_pos,10671.75,2024-11-10 02:04:00,Houston,TX,1
TXN-002506,6019002505,Merchant_travel_49,travel,154.86,2024-11-11 17:19:00,Seattle,WA,0
TXN-002507,7567002506,Merchant_misc_pos_26,misc_pos,211.04,2024-11-12 12:54:00,Atlanta,GA,0
TXN-002508,4518002507,Merchant_shopping_pos_18,shopping_pos,302.51,2024-11-13 17:05:00,Miami,FL,0
TXN-002509,5296002508,Merchant_personal_care_37,personal_care,99.29,2024-11-14 16:52:00,Miami,FL,0
TXN-002510,9207002509,Merchant_misc_net_39,misc_net,276.16,2024-11-15 15:39:00,Philadelphia,PA,0
TXN-002511,3799002510,Merchant_grocery_pos_6,grocery_pos,338.89,2024-11-16 11:21:00,Miami,FL,0
TXN-002512,7507002511,Merchant_gas_transport_27,gas_transport,332.1,2024-11-17 15:44:00,Seattle,WA,0
TXN-002513,3486002512,Merchant_kids_pets_1,kids_pets,326.88,2024-11-18 19:20:00,New York,NY,0
TXN-002514,4871002513,Merchant_personal_care_8,personal_care,375.11,2024-11-19 20:46:00,Charlotte,NC,0
TXN-002515,9556002514,Merchant_shopping_pos_27,shopping_pos,12624.21,2024-11-20 00:28:00,Seattle,WA,1
TXN-002516,1508002515,Merchant_shopping_pos_49,shopping_pos,161.71,2024-11-21 18:10:00,Columbus,OH,0
TXN-002517,1952002516,Merchant_shopping_net_19,shopping_net,2283.1,2024-11-22 22:53:00,Atlanta,GA,1
TXN-002518,7783002517,Merchant_shopping_pos_28,shopping_pos,86.3,2024-11-23 09:23:00,Miami,FL,0
TXN-002519,6384002518,Merchant_grocery_pos_18,grocery_pos,177.59,2024-11-24 12:17:00,Miami,FL,0
TXN-002520,6810002519,Merchant_misc_net_28,misc_net,303.81,2024-11-25 20:13:00,Columbus,OH,0
TXN-002521,7211002520,Merchant_personal_care_37,personal_care,289.12,2024-11-26 17:03:00,Philadelphia,PA,0
TXN-002522,5152002521,Merchant_grocery_pos_5,grocery_pos,228.9,2024-11-27 14:46:00,New York,NY,0
TXN-002523,4196002522,Merchant_shopping_net_35,shopping_net,111.95,2024-11-28 13:31:00,Philadelphia,PA,0
TXN-002524,5498002523,Merchant_entertainment_13,entertainment,233.85,2024-11-29 13:33:00,Philadelphia,PA,0
TXN-002525,4385002524,Merchant_shopping_pos_42,shopping_pos,139.29,2024-11-30 09:36:00,New York,NY,0
TXN-002526,1758002525,Merchant_shopping_net_17,shopping_net,615.36,2024-12-01 23:03:00,New York,NY,1
TXN-002527,6167002526,Merchant_shopping_net_19,shopping_net,420.97,2024-12-02 03:17:00,Atlanta,GA,1
TXN-002528,1279002527,Merchant_misc_net_31,misc_net,263.95,2024-12-03 20:32:00,Philadelphia,PA,0
TXN-002529,9323002528,Merchant_shopping_pos_26,shopping_pos,4278.16,2024-12-04 03:45:00,Miami,FL,1
TXN-002530,3174002529,Merchant_personal_care_24,personal_care,41.52,2024-12-05 14:28:00,Atlanta,GA,0
TXN-002531,8766002530,Merchant_home_9,home,396.63,2024-12-06 19:29:00,Charlotte,NC,0
TXN-002532,2999002531,Merchant_entertainment_9,entertainment,308.68,2024-12-07 12:30:00,Miami,FL,0
TXN-002533,9719002532,Merchant_food_dining_12,food_dining,280.38,2024-12-08 12:50:00,Houston,TX,0
TXN-002534,2981002533,Merchant_shopping_pos_6,shopping_pos,200.86,2024-12-09 13:26:00,Charlotte,NC,0
TXN-002535,8726002534,Merchant_shopping_pos_27,shopping_pos,29.89,2024-12-10 13:30:00,Houston,TX,0
TXN-002536,3458002535,Merchant_home_45,home,274.99,2024-12-11 08:17:00,Chicago,IL,0
TXN-002537,4600002536,Merchant_shopping_net_17,shopping_net,116.22,2024-12-12 14:15:00,Chicago,IL,0
TXN-002538,9461002537,Merchant_personal_care_41,personal_care,258.15,2024-12-13 15:29:00,Seattle,WA,0
TXN-002539,9114002538,Merchant_entertainment_20,entertainment,236.02,2024-12-14 12:19:00,Houston,TX,0
TXN-002540,9617002539,Merchant_shopping_pos_12,shopping_pos,346.69,2024-12-15 11:06:00,Atlanta,GA,0
TXN-002541,7498002540,Merchant_gas_transport_32,gas_transport,230.09,2024-12-16 19:12:00,Atlanta,GA,0
TXN-002542,3259002541,Merchant_grocery_pos_42,grocery_pos,14629.87,2024-12-17 03:02:00,Houston,TX,1
TXN-002543,2591002542,Merchant_personal_care_47,personal_care,204.96,2024-12-18 18:01:00,Chicago,IL,0
TXN-002544,6118002543,Merchant_health_fitness_42,health_fitness,318.01,2024-12-19 16:23:00,Los Angeles,CA,0
TXN-002545,9223002544,Merchant_grocery_pos_39,grocery_pos,149.52,2024-12-20 18:16:00,Houston,TX,0
TXN-002546,3456002545,Merchant_home_22,home,322.25,2024-12-21 16:33:00,Charlotte,NC,0
TXN-002547,1458002546,Merchant_shopping_net_46,shopping_net,364.3,2024-12-22 13:54:00,Seattle,WA,0
TXN-002548,7693002547,Merchant_home_34,home,313.23,2024-12-23 13:35:00,Atlanta,GA,0
TXN-002549,9522002548,Merchant_shopping_pos_8,shopping_pos,297.06,2024-12-24 19:57:00,Philadelphia,PA,0
TXN-002550,8628002549,Merchant_gas_transport_27,gas_transport,251.59,2024-12-25 14:38:00,Columbus,OH,0
TXN-002551,4302002550,Merchant_home_45,home,45.31,2024-12-26 17:37:00,Columbus,OH,0
TXN-002552,5891002551,Merchant_gas_transport_38,gas_transport,303.11,2024-12-27 15:14:00,Columbus,OH,0
TXN-002553,3385002552,Merchant_home_42,home,335.86,2024-12-28 18:09:00,Chicago,IL,0
TXN-002554,3045002553,Merchant_health_fitness_15,health_fitness,225.06,2024-12-29 16:57:00,Atlanta,GA,0
TXN-002555,8355002554,Merchant_travel_44,travel,221.68,2024-12-30 14:42:00,Houston,TX,0
TXN-002556,5385002555,Merchant_shopping_net_37,shopping_net,36.96,2024-01-01 13:04:00,Philadelphia,PA,0
TXN-002557,3869002556,Merchant_gas_transport_8,gas_transport,230.65,2024-01-02 18:47:00,New York,NY,0
TXN-002558,3941002557,Merchant_kids_pets_10,kids_pets,66.48,2024-01-03 19:14:00,Philadelphia,PA,0
TXN-002559,8520002558,Merchant_food_dining_16,food_dining,296.5,2024-01-04 13:54:00,Philadelphia,PA,0
TXN-002560,7484002559,Merchant_misc_net_23,misc_net,317.85,2024-01-05 08:20:00,New York,NY,0
TXN-002561,7996002560,Merchant_entertainment_26,entertainment,360.67,2024-01-06 19:14:00,Columbus,OH,0
TXN-002562,9425002561,Merchant_grocery_pos_11,grocery_pos,128.98,2024-01-07 10:09:00,Charlotte,NC,0
TXN-002563,9240002562,Merchant_shopping_net_48,shopping_net,217.81,2024-01-08 15:37:00,Seattle,WA,0
TXN-002564,8939002563,Merchant_personal_care_10,personal_care,292.36,2024-01-09 19:10:00,Miami,FL,0
TXN-002565,9689002564,Merchant_food_dining_6,food_dining,304.23,2024-01-10 09:08:00,Philadelphia,PA,0
TXN-002566,8144002565,Merchant_health_fitness_30,health_fitness,93.1,2024-01-11 08:13:00,Seattle,WA,0
TXN-002567,3411002566,Merchant_gas_transport_31,gas_transport,39.21,2024-01-12 14:54:00,New York,NY,0
TXN-002568,8898002567,Merchant_kids_pets_6,kids_pets,131.82,2024-01-13 12:32:00,Houston,TX,0
TXN-002569,1122002568,Merchant_home_18,home,295.29,2024-01-14 16:57:00,Atlanta,GA,0
TXN-002570,8666002569,Merchant_health_fitness_12,health_fitness,130.54,2024-01-15 13:14:00,Chicago,IL,0
TXN-002571,9756002570,Merchant_grocery_pos_38,grocery_pos,172.22,2024-01-16 20:35:00,Houston,TX,0
TXN-002572,4240002571,Merchant_shopping_net_41,shopping_net,11736.5,2024-01-17 00:11:00,Columbus,OH,1
TXN-002573,8160002572,Merchant_travel_30,travel,91.29,2024-01-18 19:22:00,New York,NY,0
TXN-002574,5011002573,Merchant_travel_27,travel,82.86,2024-01-19 10:27:00,Houston,TX,0
TXN-002575,6714002574,Merchant_misc_pos_47,misc_pos,236.25,2024-01-20 20:21:00,Chicago,IL,0
TXN-002576,1602002575,Merchant_gas_transport_30,gas_transport,27.36,2024-01-21 08:12:00,Los Angeles,CA,0
TXN-002577,3959002576,Merchant_shopping_net_16,shopping_net,98.56,2024-01-22 18:41:00,Miami,FL,0
TXN-002578,1038002577,Merchant_shopping_pos_2,shopping_pos,6452.68,2024-01-23 22:16:00,Charlotte,NC,1
TXN-002579,7374002578,Merchant_shopping_net_28,shopping_net,3910.97,2024-01-24 03:58:00,Charlotte,NC,1
TXN-002580,9549002579,Merchant_shopping_pos_40,shopping_pos,363.66,2024-01-25 08:47:00,Philadelphia,PA,0
TXN-002581,4723002580,Merchant_health_fitness_36,health_fitness,185.84,2024-01-26 08:40:00,Miami,FL,0
TXN-002582,2822002581,Merchant_grocery_pos_36,grocery_pos,9364.8,2024-01-27 04:29:00,Los Angeles,CA,1
TXN-002583,6585002582,Merchant_shopping_pos_48,shopping_pos,278.47,2024-01-28 09:54:00,Philadelphia,PA,0
TXN-002584,6678002583,Merchant_travel_10,travel,338.65,2024-01-29 18:19:00,Miami,FL,0
TXN-002585,8210002584,Merchant_travel_28,travel,366.03,2024-01-30 14:55:00,Columbus,OH,0
TXN-002586,4631002585,Merchant_food_dining_45,food_dining,398.36,2024-01-31 19:12:00,New York,NY,0
TXN-002587,2567002586,Merchant_personal_care_49,personal_care,276.79,2024-02-01 17:35:00,Atlanta,GA,0
TXN-002588,2621002587,Merchant_shopping_net_35,shopping_net,7034.22,2024-02-02 23:11:00,Seattle,WA,1
TXN-002589,5790002588,Merchant_misc_pos_48,misc_pos,280.69,2024-02-03 17:58:00,Charlotte,NC,0
TXN-002590,1901002589,Merchant_misc_pos_23,misc_pos,224.96,2024-02-04 10:21:00,New York,NY,0
TXN-002591,8949002590,Merchant_misc_pos_25,misc_pos,152.08,2024-02-05 12:24:00,Chicago,IL,0
TXN-002592,8872002591,Merchant_health_fitness_21,health_fitness,241.4,2024-02-06 13:16:00,Charlotte,NC,0
TXN-002593,2228002592,Merchant_shopping_net_9,shopping_net,354.06,2024-02-07 13:27:00,Miami,FL,0
TXN-002594,9614002593,Merchant_misc_net_37,misc_net,470.7,2024-02-08 02:29:00,Atlanta,GA,1
TXN-002595,9379002594,Merchant_misc_net_27,misc_net,4533.3,2024-02-09 23:21:00,New York,NY,1
TXN-002596,9888002595,Merchant_misc_pos_40,misc_pos,110.47,2024-02-10 14:12:00,Columbus,OH,0
TXN-002597,1314002596,Merchant_entertainment_35,entertainment,151.74,2024-02-11 13:39:00,Houston,TX,0
TXN-002598,5343002597,Merchant_food_dining_46,food_dining,324.63,2024-02-12 10:12:00,Seattle,WA,0
TXN-002599,6542002598,Merchant_grocery_pos_17,grocery_pos,38.13,2024-02-13 20:16:00,Philadelphia,PA,0
TXN-002600,5768002599,Merchant_travel_10,travel,250.37,2024-02-14 17:36:00,Atlanta,GA,0
TXN-002601,8768002600,Merchant_gas_transport_19,gas_transport,277.37,2024-02-15 15:44:00,Chicago,IL,0
TXN-002602,6722002601,Merchant_grocery_pos_7,grocery_pos,186.56,2024-02-16 12:43:00,New York,NY,0
TXN-002603,9694002602,Merchant_misc_pos_48,misc_pos,75.62,2024-02-17 12:45:00,Miami,FL,0
TXN-002604,1696002603,Merchant_shopping_pos_32,shopping_pos,514.01,2024-02-18 01:50:00,Philadelphia,PA,1
TXN-002605,2109002604,Merchant_shopping_net_21,shopping_net,30.29,2024-02-19 08:25:00,Houston,TX,0
TXN-002606,4077002605,Merchant_grocery_pos_46,grocery_pos,332.56,2024-02-20 13:58:00,Atlanta,GA,0
TXN-002607,3718002606,Merchant_home_29,home,242.1,2024-02-21 13:42:00,Chicago,IL,0
TXN-002608,4076002607,Merchant_grocery_pos_45,grocery_pos,157.59,2024-02-22 13:25:00,Miami,FL,0
TXN-002609,8975002608,Merchant_travel_44,travel,9.39,2024-02-23 13:18:00,Columbus,OH,0
TXN-002610,1051002609,Merchant_food_dining_5,food_dining,345.69,2024-02-24 20:15:00,Miami,FL,0
TXN-002611,1847002610,Merchant_gas_transport_5,gas_transport,231.37,2024-02-25 17:52:00,Houston,TX,0
TXN-002612,2307002611,Merchant_shopping_net_26,shopping_net,311.61,2024-02-26 20:30:00,Seattle,WA,0
TXN-002613,2430002612,Merchant_grocery_pos_46,grocery_pos,391.01,2024-02-27 05:37:00,Columbus,OH,1
TXN-002614,3332002613,Merchant_grocery_pos_25,grocery_pos,8795.78,2024-02-28 01:25:00,Philadelphia,PA,1
TXN-002615,9257002614,Merchant_misc_pos_48,misc_pos,350.72,2024-02-29 18:10:00,Atlanta,GA,0
TXN-002616,6749002615,Merchant_shopping_pos_44,shopping_pos,362.7,2024-03-01 20:50:00,Atlanta,GA,0
TXN-002617,2102002616,Merchant_food_dining_11,food_dining,370.6,2024-03-02 12:37:00,Columbus,OH,0
TXN-002618,3552002617,Merchant_shopping_net_9,shopping_net,176.36,2024-03-03 10:48:00,Houston,TX,0
TXN-002619,5418002618,Merchant_grocery_pos_47,grocery_pos,362.59,2024-03-04 16:04:00,Houston,TX,0
TXN-002620,7367002619,Merchant_misc_net_26,misc_net,172.14,2024-03-05 15:44:00,Chicago,IL,0
TXN-002621,6771002620,Merchant_shopping_net_38,shopping_net,24.19,2024-03-06 09:21:00,Atlanta,GA,0
TXN-002622,4005002621,Merchant_health_fitness_42,health_fitness,165.91,2024-03-07 14:57:00,Atlanta,GA,0
TXN-002623,5006002622,Merchant_shopping_pos_30,shopping_pos,6611.28,2024-03-08 00:40:00,New York,NY,1
TXN-002624,6913002623,Merchant_shopping_pos_35,shopping_pos,3681.93,2024-03-09 05:34:00,Columbus,OH,1
TXN-002625,2132002624,Merchant_shopping_net_34,shopping_net,585.61,2024-03-10 01:15:00,Miami,FL,1
TXN-002626,7644002625,Merchant_travel_11,travel,359.73,2024-03-11 11:20:00,Philadelphia,PA,0
TXN-002627,3812002626,Merchant_food_dining_41,food_dining,353.32,2024-03-12 20:46:00,Columbus,OH,0
TXN-002628,7273002627,Merchant_shopping_net_3,shopping_net,154.58,2024-03-13 16:13:00,Charlotte,NC,0
TXN-002629,1845002628,Merchant_grocery_pos_47,grocery_pos,5.52,2024-03-14 12:00:00,Atlanta,GA,0
TXN-002630,6394002629,Merchant_entertainment_39,entertainment,38.18,2024-03-15 18:58:00,Seattle,WA,0
TXN-002631,4720002630,Merchant_home_25,home,297.73,2024-03-16 19:38:00,New York,NY,0
TXN-002632,6097002631,Merchant_shopping_net_35,shopping_net,369.4,2024-03-17 10:43:00,Miami,FL,0
TXN-002633,2934002632,Merchant_misc_pos_40,misc_pos,377.11,2024-03-18 13:58:00,Philadelphia,PA,0
TXN-002634,2123002633,Merchant_health_fitness_40,health_fitness,47.92,2024-03-19 13:28:00,Miami,FL,0
TXN-002635,4049002634,Merchant_food_dining_36,food_dining,281.37,2024-03-20 13:56:00,Los Angeles,CA,0
TXN-002636,8897002635,Merchant_misc_pos_20,misc_pos,323.05,2024-03-21 16:07:00,Houston,TX,0
TXN-002637,2324002636,Merchant_misc_pos_37,misc_pos,310.62,2024-03-22 08:48:00,Seattle,WA,0
TXN-002638,7369002637,Merchant_misc_pos_13,misc_pos,151.81,2024-03-23 17:54:00,Atlanta,GA,0
TXN-002639,2129002638,Merchant_shopping_pos_41,shopping_pos,259.77,2024-03-24 10:06:00,Charlotte,NC,0
TXN-002640,4030002639,Merchant_kids_pets_33,kids_pets,247.71,2024-03-25 10:50:00,Charlotte,NC,0
TXN-002641,6594002640,Merchant_food_dining_1,food_dining,275.64,2024-03-26 17:13:00,Seattle,WA,0
TXN-002642,9201002641,Merchant_health_fitness_22,health_fitness,318.6,2024-03-27 17:01:00,Seattle,WA,0
TXN-002643,7738002642,Merchant_kids_pets_27,kids_pets,230.76,2024-03-28 09:23:00,Philadelphia,PA,0
TXN-002644,3402002643,Merchant_misc_net_45,misc_net,109.13,2024-03-29 10:07:00,Los Angeles,CA,0
TXN-002645,6491002644,Merchant_misc_net_49,misc_net,10158.37,2024-03-30 22:45:00,Seattle,WA,1
TXN-002646,7905002645,Merchant_grocery_pos_46,grocery_pos,104.67,2024-03-31 16:02:00,Chicago,IL,0
TXN-002647,2801002646,Merchant_shopping_pos_31,shopping_pos,56.61,2024-04-01 16:37:00,Columbus,OH,0
TXN-002648,3936002647,Merchant_home_46,home,374.74,2024-04-02 11:13:00,Philadelphia,PA,0
TXN-002649,1289002648,Merchant_kids_pets_7,kids_pets,60.94,2024-04-03 08:25:00,Atlanta,GA,0
TXN-002650,5053002649,Merchant_kids_pets_24,kids_pets,319.88,2024-04-04 13:34:00,Atlanta,GA,0
TXN-002651,8082002650,Merchant_shopping_pos_35,shopping_pos,402.29,2024-04-05 04:46:00,Atlanta,GA,1
TXN-002652,3464002651,Merchant_gas_transport_12,gas_transport,341.87,2024-04-06 16:41:00,Seattle,WA,0
TXN-002653,2516002652,Merchant_food_dining_20,food_dining,272.37,2024-04-07 14:23:00,Houston,TX,0
TXN-002654,1839002653,Merchant_kids_pets_49,kids_pets,128.03,2024-04-08 18:46:00,Houston,TX,0
TXN-002655,8952002654,Merchant_misc_pos_12,misc_pos,283.48,2024-04-09 17:29:00,Columbus,OH,0
TXN-002656,6771002655,Merchant_misc_net_12,misc_net,115.02,2024-04-10 19:25:00,Atlanta,GA,0
TXN-002657,5255002656,Merchant_misc_net_3,misc_net,101.3,2024-04-11 20:29:00,Houston,TX,0
TXN-002658,9353002657,Merchant_health_fitness_1,health_fitness,45.72,2024-04-12 19:30:00,Philadelphia,PA,0
TXN-002659,7042002658,Merchant_misc_net_33,misc_net,9509.89,2024-04-13 03:49:00,Charlotte,NC,1
TXN-002660,9314002659,Merchant_misc_net_17,misc_net,520.83,2024-04-14 04:50:00,Atlanta,GA,1
TXN-002661,6811002660,Merchant_shopping_net_34,shopping_net,387.49,2024-04-15 20:08:00,Houston,TX,0
TXN-002662,6467002661,Merchant_home_15,home,223.22,2024-04-16 16:07:00,Charlotte,NC,0
TXN-002663,1799002662,Merchant_home_17,home,21.75,2024-04-17 15:37:00,Houston,TX,0
TXN-002664,3712002663,Merchant_entertainment_29,entertainment,129.12,2024-04-18 16:17:00,Chicago,IL,0
TXN-002665,9677002664,Merchant_misc_net_27,misc_net,321.42,2024-04-19 10:04:00,Philadelphia,PA,0
TXN-002666,8954002665,Merchant_health_fitness_15,health_fitness,378.44,2024-04-20 16:39:00,Seattle,WA,0
TXN-002667,2904002666,Merchant_personal_care_14,personal_care,65.64,2024-04-21 10:06:00,Houston,TX,0
TXN-002668,3543002667,Merchant_food_dining_46,food_dining,235.24,2024-04-22 09:11:00,Los Angeles,CA,0
TXN-002669,4236002668,Merchant_misc_net_30,misc_net,247.3,2024-04-23 19:19:00,Miami,FL,0
TXN-002670,8006002669,Merchant_food_dining_39,food_dining,381.51,2024-04-24 20:48:00,Atlanta,GA,0
TXN-002671,8919002670,Merchant_shopping_net_8,shopping_net,9206.62,2024-04-25 04:41:00,Columbus,OH,1
TXN-002672,5522002671,Merchant_gas_transport_26,gas_transport,223.85,2024-04-26 08:42:00,Houston,TX,0
TXN-002673,1196002672,Merchant_shopping_pos_40,shopping_pos,39.35,2024-04-27 08:25:00,New York,NY,0
TXN-002674,4808002673,Merchant_food_dining_39,food_dining,26.14,2024-04-28 11:01:00,Columbus,OH,0
TXN-002675,7063002674,Merchant_gas_transport_37,gas_transport,247.46,2024-04-29 18:40:00,New York,NY,0
TXN-002676,2315002675,Merchant_home_33,home,336.61,2024-04-30 08:25:00,Los Angeles,CA,0
TXN-002677,9369002676,Merchant_gas_transport_34,gas_transport,209.13,2024-05-01 11:41:00,Chicago,IL,0
TXN-002678,7563002677,Merchant_shopping_pos_5,shopping_pos,314.15,2024-05-02 20:24:00,Seattle,WA,0
TXN-002679,2299002678,Merchant_health_fitness_4,health_fitness,267.92,2024-05-03 14:12:00,Houston,TX,0
TXN-002680,9815002679,Merchant_home_29,home,393.93,2024-05-04 11:04:00,Houston,TX,0
TXN-002681,3065002680,Merchant_food_dining_8,food_dining,100.21,2024-05-05 12:10:00,Houston,TX,0
TXN-002682,6835002681,Merchant_personal_care_43,personal_care,93.39,2024-05-06 14:21:00,Miami,FL,0
TXN-002683,3492002682,Merchant_gas_transport_42,gas_transport,45.95,2024-05-07 08:58:00,Los Angeles,CA,0
TXN-002684,5236002683,Merchant_grocery_pos_22,grocery_pos,132.7,2024-05-08 18:18:00,Los Angeles,CA,0
TXN-002685,3763002684,Merchant_kids_pets_17,kids_pets,316.47,2024-05-09 16:27:00,Miami,FL,0
TXN-002686,6799002685,Merchant_shopping_net_7,shopping_net,118.0,2024-05-10 17:18:00,Los Angeles,CA,0
TXN-002687,9837002686,Merchant_entertainment_30,entertainment,371.02,2024-05-11 13:25:00,Miami,FL,0
TXN-002688,2228002687,Merchant_shopping_pos_4,shopping_pos,366.61,2024-05-12 18:15:00,Seattle,WA,0
TXN-002689,3492002688,Merchant_misc_net_30,misc_net,83.36,2024-05-13 16:51:00,Los Angeles,CA,0
TXN-002690,7492002689,Merchant_shopping_net_45,shopping_net,298.08,2024-05-14 14:54:00,Atlanta,GA,0
TXN-002691,9336002690,Merchant_kids_pets_48,kids_pets,225.91,2024-05-15 19:11:00,Atlanta,GA,0
TXN-002692,3065002691,Merchant_home_13,home,340.38,2024-05-16 19:46:00,Seattle,WA,0
TXN-002693,9783002692,Merchant_gas_transport_39,gas_transport,295.81,2024-05-17 14:43:00,Atlanta,GA,0
TXN-002694,4080002693,Merchant_health_fitness_48,health_fitness,134.21,2024-05-18 08:37:00,Philadelphia,PA,0
TXN-002695,1405002694,Merchant_shopping_net_17,shopping_net,327.88,2024-05-19 11:21:00,Los Angeles,CA,0
TXN-002696,4660002695,Merchant_entertainment_25,entertainment,286.12,2024-05-20 12:32:00,New York,NY,0
TXN-002697,5702002696,Merchant_food_dining_3,food_dining,246.29,2024-05-21 09:51:00,Miami,FL,0
TXN-002698,2676002697,Merchant_shopping_net_32,shopping_net,14799.55,2024-05-22 05:06:00,Atlanta,GA,1
TXN-002699,7411002698,Merchant_grocery_pos_33,grocery_pos,222.9,2024-05-23 17:09:00,Philadelphia,PA,0
TXN-002700,1411002699,Merchant_misc_pos_42,misc_pos,88.89,2024-05-24 14:47:00,Charlotte,NC,0
TXN-002701,2462002700,Merchant_shopping_pos_27,shopping_pos,326.85,2024-05-25 18:53:00,Seattle,WA,0
TXN-002702,6018002701,Merchant_personal_care_8,personal_care,296.4,2024-05-26 16:35:00,Chicago,IL,0
TXN-002703,6781002702,Merchant_health_fitness_6,health_fitness,352.97,2024-05-27 12:50:00,Chicago,IL,0
TXN-002704,7490002703,Merchant_gas_transport_11,gas_transport,262.59,2024-05-28 17:25:00,Los Angeles,CA,0
TXN-002705,3572002704,Merchant_grocery_pos_17,grocery_pos,369.42,2024-05-29 09:04:00,Chicago,IL,0
TXN-002706,6860002705,Merchant_shopping_pos_17,shopping_pos,357.89,2024-05-30 18:58:00,Seattle,WA,0
TXN-002707,4925002706,Merchant_travel_42,travel,48.07,2024-05-31 15:49:00,Houston,TX,0
TXN-002708,2003002707,Merchant_kids_pets_43,kids_pets,37.34,2024-06-01 15:02:00,Columbus,OH,0
TXN-002709,4147002708,Merchant_misc_pos_41,misc_pos,136.23,2024-06-02 20:15:00,Philadelphia,PA,0
TXN-002710,8113002709,Merchant_shopping_net_10,shopping_net,7359.6,2024-06-03 02:39:00,Miami,FL,1
TXN-002711,5343002710,Merchant_entertainment_13,entertainment,11.09,2024-06-04 14:38:00,Charlotte,NC,0
TXN-002712,2022002711,Merchant_grocery_pos_1,grocery_pos,331.58,2024-06-05 08:55:00,New York,NY,0
TXN-002713,5852002712,Merchant_shopping_net_16,shopping_net,3330.17,2024-06-06 01:23:00,Charlotte,NC,1
TXN-002714,1795002713,Merchant_home_43,home,381.25,2024-06-07 13:18:00,Columbus,OH,0
TXN-002715,2148002714,Merchant_health_fitness_43,health_fitness,289.56,2024-06-08 15:57:00,Houston,TX,0
TXN-002716,8087002715,Merchant_personal_care_28,personal_care,346.37,2024-06-09 16:17:00,Atlanta,GA,0
TXN-002717,9283002716,Merchant_shopping_pos_42,shopping_pos,6212.81,2024-06-10 05:22:00,Miami,FL,1
TXN-002718,7890002717,Merchant_food_dining_8,food_dining,235.56,2024-06-11 10:06:00,Columbus,OH,0
TXN-002719,1764002718,Merchant_gas_transport_38,gas_transport,367.03,2024-06-12 19:28:00,New York,NY,0
TXN-002720,8011002719,Merchant_food_dining_15,food_dining,85.62,2024-06-13 17:50:00,Houston,TX,0
TXN-002721,8494002720,Merchant_misc_net_46,misc_net,76.63,2024-06-14 17:39:00,Miami,FL,0
TXN-002722,9741002721,Merchant_grocery_pos_6,grocery_pos,219.82,2024-06-15 14:40:00,New York,NY,0
TXN-002723,1150002722,Merchant_food_dining_30,food_dining,237.48,2024-06-16 16:05:00,Miami,FL,0
TXN-002724,3999002723,Merchant_travel_23,travel,15.49,2024-06-17 10:47:00,Atlanta,GA,0
TXN-002725,7207002724,Merchant_food_dining_49,food_dining,214.48,2024-06-18 12:38:00,Atlanta,GA,0
TXN-002726,9251002725,Merchant_travel_35,travel,242.65,2024-06-19 10:18:00,Seattle,WA,0
TXN-002727,1410002726,Merchant_misc_net_31,misc_net,265.34,2024-06-20 10:43:00,New York,NY,0
TXN-002728,1306002727,Merchant_home_38,home,297.91,2024-06-21 14:53:00,Houston,TX,0
TXN-002729,3029002728,Merchant_entertainment_12,entertainment,351.79,2024-06-22 12:51:00,Charlotte,NC,0
TXN-002730,2473002729,Merchant_gas_transport_37,gas_transport,246.83,2024-06-23 17:03:00,Houston,TX,0
TXN-002731,9543002730,Merchant_misc_net_3,misc_net,2124.37,2024-06-24 23:46:00,New York,NY,1
TXN-002732,2959002731,Merchant_shopping_net_47,shopping_net,299.31,2024-06-25 14:45:00,Chicago,IL,0
TXN-002733,7063002732,Merchant_misc_pos_14,misc_pos,297.82,2024-06-26 09:09:00,Los Angeles,CA,0
TXN-002734,5544002733,Merchant_entertainment_39,entertainment,299.78,2024-06-27 11:47:00,Miami,FL,0
TXN-002735,6550002734,Merchant_shopping_pos_8,shopping_pos,315.82,2024-06-28 12:25:00,Philadelphia,PA,0
TXN-002736,5902002735,Merchant_shopping_pos_31,shopping_pos,310.38,2024-06-29 14:17:00,Houston,TX,0
TXN-002737,4223002736,Merchant_shopping_net_19,shopping_net,328.13,2024-06-30 20:44:00,Columbus,OH,0
TXN-002738,9055002737,Merchant_misc_pos_30,misc_pos,383.15,2024-07-01 14:51:00,Chicago,IL,0
TXN-002739,4279002738,Merchant_grocery_pos_33,grocery_pos,113.35,2024-07-02 10:38:00,Miami,FL,0
TXN-002740,8220002739,Merchant_health_fitness_3,health_fitness,371.33,2024-07-03 19:30:00,Atlanta,GA,0
TXN-002741,1295002740,Merchant_shopping_pos_3,shopping_pos,355.39,2024-07-04 11:33:00,Seattle,WA,0
TXN-002742,5816002741,Merchant_gas_transport_7,gas_transport,154.16,2024-07-05 13:52:00,Miami,FL,0
TXN-002743,2840002742,Merchant_shopping_pos_45,shopping_pos,94.03,2024-07-06 15:39:00,Houston,TX,0
TXN-002744,5439002743,Merchant_travel_36,travel,35.1,2024-07-07 18:56:00,Charlotte,NC,0
TXN-002745,3495002744,Merchant_shopping_net_46,shopping_net,131.23,2024-07-08 10:41:00,New York,NY,0
TXN-002746,3694002745,Merchant_gas_transport_39,gas_transport,185.13,2024-07-09 17:00:00,Charlotte,NC,0
TXN-002747,7896002746,Merchant_shopping_pos_18,shopping_pos,38.89,2024-07-10 18:14:00,Chicago,IL,0
TXN-002748,1050002747,Merchant_shopping_pos_42,shopping_pos,367.62,2024-07-11 11:50:00,Charlotte,NC,0
TXN-002749,6195002748,Merchant_misc_net_36,misc_net,250.79,2024-07-12 15:40:00,Miami,FL,0
TXN-002750,4739002749,Merchant_kids_pets_24,kids_pets,49.3,2024-07-13 18:05:00,Seattle,WA,0
TXN-002751,5484002750,Merchant_gas_transport_21,gas_transport,356.05,2024-07-14 19:03:00,Atlanta,GA,0
TXN-002752,8015002751,Merchant_home_28,home,306.74,2024-07-15 15:07:00,Miami,FL,0
TXN-002753,4729002752,Merchant_home_33,home,338.32,2024-07-16 19:26:00,Houston,TX,0
TXN-002754,8394002753,Merchant_shopping_pos_49,shopping_pos,2210.44,2024-07-17 23:09:00,Seattle,WA,1
TXN-002755,7091002754,Merchant_gas_transport_32,gas_transport,27.91,2024-07-18 15:02:00,Atlanta,GA,0
TXN-002756,6458002755,Merchant_gas_transport_17,gas_transport,32.36,2024-07-19 11:40:00,Houston,TX,0
TXN-002757,1050002756,Merchant_gas_transport_39,gas_transport,209.33,2024-07-20 17:15:00,Columbus,OH,0
TXN-002758,9336002757,Merchant_gas_transport_24,gas_transport,7.61,2024-07-21 15:48:00,Atlanta,GA,0
TXN-002759,1108002758,Merchant_grocery_pos_10,grocery_pos,349.05,2024-07-22 11:34:00,New York,NY,0
TXN-002760,7826002759,Merchant_entertainment_6,entertainment,183.31,2024-07-23 09:31:00,Charlotte,NC,0
TXN-002761,4198002760,Merchant_shopping_net_41,shopping_net,210.83,2024-07-24 20:12:00,Los Angeles,CA,0
TXN-002762,4420002761,Merchant_misc_net_19,misc_net,235.57,2024-07-25 08:33:00,Atlanta,GA,0
TXN-002763,8633002762,Merchant_grocery_pos_5,grocery_pos,11598.98,2024-07-26 05:47:00,Chicago,IL,1
TXN-002764,9042002763,Merchant_shopping_pos_44,shopping_pos,179.13,2024-07-27 09:03:00,Atlanta,GA,0
TXN-002765,8857002764,Merchant_health_fitness_5,health_fitness,228.24,2024-07-28 13:38:00,Columbus,OH,0
TXN-002766,4572002765,Merchant_entertainment_2,entertainment,358.36,2024-07-29 11:34:00,Atlanta,GA,0
TXN-002767,5743002766,Merchant_misc_pos_7,misc_pos,134.58,2024-07-30 15:58:00,Atlanta,GA,0
TXN-002768,4014002767,Merchant_shopping_pos_14,shopping_pos,361.04,2024-07-31 00:51:00,Philadelphia,PA,1
TXN-002769,2508002768,Merchant_misc_pos_39,misc_pos,19.97,2024-08-01 16:04:00,Columbus,OH,0
TXN-002770,2238002769,Merchant_shopping_net_42,shopping_net,4079.1,2024-08-02 01:24:00,Philadelphia,PA,1
TXN-002771,7166002770,Merchant_food_dining_40,food_dining,298.83,2024-08-03 15:52:00,Chicago,IL,0
TXN-002772,6505002771,Merchant_travel_38,travel,342.51,2024-08-04 11:35:00,Houston,TX,0
TXN-002773,3179002772,Merchant_food_dining_33,food_dining,89.08,2024-08-05 15:45:00,Houston,TX,0
TXN-002774,7192002773,Merchant_misc_pos_9,misc_pos,98.94,2024-08-06 14:18:00,Atlanta,GA,0
TXN-002775,2364002774,Merchant_gas_transport_35,gas_transport,65.01,2024-08-07 12:34:00,Seattle,WA,0
TXN-002776,1027002775,Merchant_shopping_net_26,shopping_net,178.7,2024-08-08 09:40:00,Los Angeles,CA,0
TXN-002777,5971002776,Merchant_travel_29,travel,122.83,2024-08-09 15:41:00,Houston,TX,0
TXN-002778,6187002777,Merchant_shopping_net_11,shopping_net,348.27,2024-08-10 20:57:00,Charlotte,NC,0
TXN-002779,9307002778,Merchant_health_fitness_32,health_fitness,280.85,2024-08-11 13:16:00,Columbus,OH,0
TXN-002780,7894002779,Merchant_health_fitness_14,health_fitness,44.23,2024-08-12 14:39:00,Columbus,OH,0
TXN-002781,1959002780,Merchant_shopping_pos_38,shopping_pos,1731.29,2024-08-13 00:06:00,New York,NY,1
TXN-002782,6056002781,Merchant_food_dining_14,food_dining,277.36,2024-08-14 18:01:00,Los Angeles,CA,0
TXN-002783,5117002782,Merchant_kids_pets_47,kids_pets,341.29,2024-08-15 18:33:00,Houston,TX,0
TXN-002784,8612002783,Merchant_shopping_net_44,shopping_net,2986.86,2024-08-16 05:22:00,Philadelphia,PA,1
TXN-002785,1550002784,Merchant_home_4,home,350.43,2024-08-17 13:11:00,Seattle,WA,0
TXN-002786,6417002785,Merchant_grocery_pos_30,grocery_pos,20.91,2024-08-18 09:19:00,Columbus,OH,0
TXN-002787,1816002786,Merchant_health_fitness_44,health_fitness,164.05,2024-08-19 18:13:00,Chicago,IL,0
TXN-002788,6790002787,Merchant_health_fitness_35,health_fitness,142.48,2024-08-20 12:44:00,Chicago,IL,0
TXN-002789,4781002788,Merchant_travel_44,travel,45.69,2024-08-21 16:00:00,Atlanta,GA,0
TXN-002790,4663002789,Merchant_health_fitness_7,health_fitness,107.25,2024-08-22 16:28:00,Charlotte,NC,0
TXN-002791,1277002790,Merchant_gas_transport_46,gas_transport,164.13,2024-08-23 15:35:00,Chicago,IL,0
TXN-002792,3236002791,Merchant_shopping_net_21,shopping_net,311.55,2024-08-24 10:09:00,Seattle,WA,0
TXN-002793,5255002792,Merchant_misc_pos_44,misc_pos,189.43,2024-08-25 18:50:00,Charlotte,NC,0
TXN-002794,3146002793,Merchant_food_dining_2,food_dining,156.4,2024-08-26 18:01:00,Miami,FL,0
TXN-002795,5229002794,Merchant_grocery_pos_38,grocery_pos,270.4,2024-08-27 09:24:00,Philadelphia,PA,0
TXN-002796,4732002795,Merchant_misc_pos_22,misc_pos,185.78,2024-08-28 18:38:00,Seattle,WA,0
TXN-002797,8473002796,Merchant_misc_pos_21,misc_pos,83.77,2024-08-29 11:38:00,Philadelphia,PA,0
TXN-002798,1242002797,Merchant_home_5,home,361.34,2024-08-30 09:31:00,Chicago,IL,0
TXN-002799,8015002798,Merchant_travel_3,travel,28.04,2024-08-31 14:44:00,Atlanta,GA,0
TXN-002800,6842002799,Merchant_shopping_net_39,shopping_net,13788.47,2024-09-01 01:05:00,Miami,FL,1
TXN-002801,4972002800,Merchant_grocery_pos_13,grocery_pos,319.69,2024-09-02 10:05:00,Atlanta,GA,0
TXN-002802,8311002801,Merchant_shopping_pos_5,shopping_pos,197.27,2024-09-03 08:20:00,Miami,FL,0
TXN-002803,7349002802,Merchant_personal_care_6,personal_care,304.58,2024-09-04 13:32:00,Atlanta,GA,0
TXN-002804,7538002803,Merchant_grocery_pos_4,grocery_pos,132.7,2024-09-05 13:55:00,Columbus,OH,0
TXN-002805,3887002804,Merchant_shopping_net_24,shopping_net,72.18,2024-09-06 12:44:00,Chicago,IL,0
TXN-002806,3114002805,Merchant_personal_care_21,personal_care,116.94,2024-09-07 19:00:00,Chicago,IL,0
TXN-002807,9789002806,Merchant_travel_17,travel,26.8,2024-09-08 09:31:00,Miami,FL,0
TXN-002808,7955002807,Merchant_health_fitness_8,health_fitness,293.21,2024-09-09 14:57:00,Columbus,OH,0
TXN-002809,7675002808,Merchant_shopping_net_25,shopping_net,14441.52,2024-09-10 02:12:00,Seattle,WA,1
TXN-002810,8571002809,Merchant_travel_41,travel,175.73,2024-09-11 17:48:00,Seattle,WA,0
TXN-002811,6093002810,Merchant_shopping_pos_11,shopping_pos,5748.91,2024-09-12 00:43:00,Los Angeles,CA,1
TXN-002812,1230002811,Merchant_food_dining_23,food_dining,243.98,2024-09-13 19:17:00,New York,NY,0
TXN-002813,8751002812,Merchant_grocery_pos_36,grocery_pos,9809.17,2024-09-14 23:47:00,Los Angeles,CA,1
TXN-002814,4096002813,Merchant_gas_transport_44,gas_transport,345.21,2024-09-15 18:06:00,Philadelphia,PA,0
TXN-002815,9192002814,Merchant_grocery_pos_1,grocery_pos,339.97,2024-09-16 14:38:00,Philadelphia,PA,0
TXN-002816,4121002815,Merchant_health_fitness_11,health_fitness,76.71,2024-09-17 09:30:00,Los Angeles,CA,0
TXN-002817,2019002816,Merchant_grocery_pos_46,grocery_pos,8913.48,2024-09-18 04:58:00,Los Angeles,CA,1
TXN-002818,4127002817,Merchant_misc_pos_43,misc_pos,343.52,2024-09-19 11:13:00,Columbus,OH,0
TXN-002819,8259002818,Merchant_home_28,home,124.32,2024-09-20 09:35:00,Seattle,WA,0
TXN-002820,3813002819,Merchant_kids_pets_14,kids_pets,72.77,2024-09-21 14:53:00,Miami,FL,0
TXN-002821,4973002820,Merchant_shopping_net_39,shopping_net,175.62,2024-09-22 20:19:00,Atlanta,GA,0
TXN-002822,8331002821,Merchant_personal_care_11,personal_care,125.3,2024-09-23 09:28:00,Houston,TX,0
TXN-002823,9041002822,Merchant_home_40,home,177.02,2024-09-24 18:56:00,New York,NY,0
TXN-002824,1284002823,Merchant_food_dining_36,food_dining,346.41,2024-09-25 12:26:00,Miami,FL,0
TXN-002825,9110002824,Merchant_shopping_pos_47,shopping_pos,342.75,2024-09-26 12:06:00,Philadelphia,PA,0
TXN-002826,8338002825,Merchant_misc_pos_22,misc_pos,269.6,2024-09-27 17:51:00,Columbus,OH,0
TXN-002827,6945002826,Merchant_grocery_pos_16,grocery_pos,399.68,2024-09-28 23:13:00,New York,NY,1
TXN-002828,5264002827,Merchant_kids_pets_35,kids_pets,354.61,2024-09-29 15:50:00,Seattle,WA,0
TXN-002829,8613002828,Merchant_home_9,home,89.76,2024-09-30 10:51:00,Philadelphia,PA,0
TXN-002830,1500002829,Merchant_shopping_net_32,shopping_net,348.31,2024-10-01 08:42:00,Charlotte,NC,0
TXN-002831,4668002830,Merchant_kids_pets_16,kids_pets,321.07,2024-10-02 13:47:00,Columbus,OH,0
TXN-002832,5603002831,Merchant_misc_net_4,misc_net,44.62,2024-10-03 18:03:00,New York,NY,0
TXN-002833,1842002832,Merchant_shopping_pos_34,shopping_pos,356.89,2024-10-04 15:25:00,Houston,TX,0
TXN-002834,9818002833,Merchant_kids_pets_22,kids_pets,265.44,2024-10-05 12:56:00,Houston,TX,0
TXN-002835,5654002834,Merchant_kids_pets_26,kids_pets,339.37,2024-10-06 19:55:00,New York,NY,0
TXN-002836,8219002835,Merchant_shopping_pos_18,shopping_pos,13109.57,2024-10-07 22:06:00,New York,NY,1
TXN-002837,3633002836,Merchant_grocery_pos_26,grocery_pos,2149.84,2024-10-08 04:19:00,Miami,FL,1
TXN-002838,2587002837,Merchant_health_fitness_33,health_fitness,220.19,2024-10-09 20:47:00,Seattle,WA,0
TXN-002839,8308002838,Merchant_shopping_net_23,shopping_net,12509.22,2024-10-10 22:49:00,Miami,FL,1
TXN-002840,1185002839,Merchant_health_fitness_44,health_fitness,184.14,2024-10-11 08:37:00,Chicago,IL,0
TXN-002841,6623002840,Merchant_food_dining_8,food_dining,73.69,2024-10-12 19:49:00,Houston,TX,0
TXN-002842,6070002841,Merchant_shopping_net_34,shopping_net,252.08,2024-10-13 15:04:00,New York,NY,0
TXN-002843,1812002842,Merchant_home_40,home,252.31,2024-10-14 17:41:00,Charlotte,NC,0
TXN-002844,3926002843,Merchant_food_dining_19,food_dining,220.9,2024-10-15 12:57:00,Seattle,WA,0
TXN-002845,8457002844,Merchant_shopping_pos_41,shopping_pos,130.57,2024-10-16 17:20:00,Houston,TX,0
TXN-002846,2651002845,Merchant_gas_transport_8,gas_transport,308.91,2024-10-17 09:06:00,Philadelphia,PA,0
TXN-002847,6735002846,Merchant_food_dining_40,food_dining,131.61,2024-10-18 14:08:00,Philadelphia,PA,0
TXN-002848,6161002847,Merchant_shopping_net_9,shopping_net,319.19,2024-10-19 10:32:00,Charlotte,NC,0
TXN-002849,6465002848,Merchant_grocery_pos_33,grocery_pos,286.15,2024-10-20 20:53:00,New York,NY,0
TXN-002850,6694002849,Merchant_health_fitness_12,health_fitness,91.77,2024-10-21 18:12:00,Atlanta,GA,0
TXN-002851,1220002850,Merchant_gas_transport_34,gas_transport,298.8,2024-10-22 13:30:00,Charlotte,NC,0
TXN-002852,5145002851,Merchant_entertainment_48,entertainment,262.42,2024-10-23 13:15:00,Philadelphia,PA,0
TXN-002853,8646002852,Merchant_entertainment_41,entertainment,188.42,2024-10-24 11:55:00,Houston,TX,0
TXN-002854,9912002853,Merchant_entertainment_30,entertainment,150.03,2024-10-25 10:53:00,Philadelphia,PA,0
TXN-002855,5772002854,Merchant_home_3,home,18.42,2024-10-26 19:51:00,Chicago,IL,0
TXN-002856,4973002855,Merchant_food_dining_16,food_dining,369.94,2024-10-27 08:41:00,Chicago,IL,0
TXN-002857,2304002856,Merchant_grocery_pos_14,grocery_pos,476.61,2024-10-28 03:12:00,Seattle,WA,1
TXN-002858,6097002857,Merchant_misc_pos_25,misc_pos,199.03,2024-10-29 18:34:00,Columbus,OH,0
TXN-002859,2576002858,Merchant_shopping_pos_4,shopping_pos,78.13,2024-10-30 18:48:00,New York,NY,0
TXN-002860,1526002859,Merchant_personal_care_25,personal_care,315.52,2024-10-31 13:41:00,Seattle,WA,0
TXN-002861,6055002860,Merchant_misc_pos_12,misc_pos,202.8,2024-11-01 18:36:00,Philadelphia,PA,0
TXN-002862,7796002861,Merchant_grocery_pos_20,grocery_pos,237.33,2024-11-02 22:00:00,Seattle,WA,1
TXN-002863,9502002862,Merchant_travel_32,travel,226.4,2024-11-03 13:36:00,Houston,TX,0
TXN-002864,4251002863,Merchant_food_dining_10,food_dining,182.62,2024-11-04 08:27:00,Los Angeles,CA,0
TXN-002865,9652002864,Merchant_misc_pos_17,misc_pos,380.56,2024-11-05 09:23:00,Seattle,WA,0
TXN-002866,1316002865,Merchant_entertainment_14,entertainment,378.95,2024-11-06 12:33:00,Columbus,OH,0
TXN-002867,2928002866,Merchant_travel_28,travel,335.19,2024-11-07 20:54:00,Seattle,WA,0
TXN-002868,3873002867,Merchant_misc_net_47,misc_net,320.33,2024-11-08 15:03:00,Charlotte,NC,0
TXN-002869,2323002868,Merchant_grocery_pos_40,grocery_pos,253.44,2024-11-09 12:11:00,Atlanta,GA,0
TXN-002870,7670002869,Merchant_misc_pos_9,misc_pos,103.67,2024-11-10 09:06:00,Seattle,WA,0
TXN-002871,2758002870,Merchant_food_dining_12,food_dining,205.41,2024-11-11 12:27:00,Los Angeles,CA,0
TXN-002872,1975002871,Merchant_entertainment_17,entertainment,261.93,2024-11-12 10:27:00,Seattle,WA,0
TXN-002873,4435002872,Merchant_misc_net_24,misc_net,10233.43,2024-11-13 23:41:00,New York,NY,1
TXN-002874,9038002873,Merchant_misc_net_47,misc_net,26.94,2024-11-14 18:49:00,Columbus,OH,0
TXN-002875,6061002874,Merchant_travel_11,travel,21.8,2024-11-15 11:06:00,New York,NY,0
TXN-002876,8220002875,Merchant_shopping_pos_33,shopping_pos,186.39,2024-11-16 10:09:00,Charlotte,NC,0
TXN-002877,9799002876,Merchant_entertainment_28,entertainment,242.15,2024-11-17 18:21:00,Miami,FL,0
TXN-002878,8374002877,Merchant_gas_transport_35,gas_transport,20.56,2024-11-18 14:56:00,Chicago,IL,0
TXN-002879,1630002878,Merchant_shopping_pos_15,shopping_pos,74.61,2024-11-19 10:14:00,New York,NY,0
TXN-002880,3724002879,Merchant_misc_net_26,misc_net,133.83,2024-11-20 12:56:00,Houston,TX,0
TXN-002881,9438002880,Merchant_misc_pos_6,misc_pos,301.86,2024-11-21 15:51:00,Charlotte,NC,0
TXN-002882,6307002881,Merchant_misc_pos_14,misc_pos,64.4,2024-11-22 09:29:00,Houston,TX,0
TXN-002883,6620002882,Merchant_grocery_pos_33,grocery_pos,151.45,2024-11-23 09:49:00,Seattle,WA,0
TXN-002884,7011002883,Merchant_gas_transport_15,gas_transport,90.95,2024-11-24 18:58:00,Charlotte,NC,0
TXN-002885,3823002884,Merchant_entertainment_34,entertainment,344.55,2024-11-25 16:29:00,Atlanta,GA,0
TXN-002886,3152002885,Merchant_gas_transport_41,gas_transport,302.04,2024-11-26 17:13:00,Los Angeles,CA,0
TXN-002887,3469002886,Merchant_health_fitness_21,health_fitness,271.69,2024-11-27 16:18:00,Miami,FL,0
TXN-002888,7960002887,Merchant_shopping_pos_27,shopping_pos,177.13,2024-11-28 13:17:00,Miami,FL,0
TXN-002889,2658002888,Merchant_shopping_net_24,shopping_net,202.91,2024-11-29 08:33:00,Houston,TX,0
TXN-002890,5509002889,Merchant_gas_transport_22,gas_transport,273.75,2024-11-30 16:58:00,Houston,TX,0
TXN-002891,3819002890,Merchant_entertainment_37,entertainment,129.45,2024-12-01 15:40:00,Seattle,WA,0
TXN-002892,7942002891,Merchant_misc_net_22,misc_net,57.03,2024-12-02 17:21:00,Miami,FL,0
TXN-002893,3341002892,Merchant_travel_24,travel,354.37,2024-12-03 16:13:00,Houston,TX,0
TXN-002894,9211002893,Merchant_shopping_net_31,shopping_net,20.4,2024-12-04 14:14:00,Chicago,IL,0
TXN-002895,7593002894,Merchant_shopping_net_5,shopping_net,251.04,2024-12-05 16:21:00,Miami,FL,0
TXN-002896,8207002895,Merchant_food_dining_1,food_dining,243.52,2024-12-06 11:49:00,Houston,TX,0
TXN-002897,9026002896,Merchant_food_dining_3,food_dining,383.73,2024-12-07 09:28:00,Chicago,IL,0
TXN-002898,6233002897,Merchant_shopping_pos_36,shopping_pos,4767.51,2024-12-08 05:17:00,Charlotte,NC,1
TXN-002899,2382002898,Merchant_shopping_pos_44,shopping_pos,302.9,2024-12-09 09:47:00,Seattle,WA,0
TXN-002900,2443002899,Merchant_shopping_net_10,shopping_net,100.02,2024-12-10 19:39:00,Seattle,WA,0
TXN-002901,2778002900,Merchant_shopping_net_41,shopping_net,3199.95,2024-12-11 00:16:00,Charlotte,NC,1
TXN-002902,9469002901,Merchant_gas_transport_11,gas_transport,125.79,2024-12-12 10:11:00,Atlanta,GA,0
TXN-002903,2533002902,Merchant_grocery_pos_24,grocery_pos,108.05,2024-12-13 14:27:00,Houston,TX,0
TXN-002904,1990002903,Merchant_home_49,home,149.17,2024-12-14 08:20:00,Miami,FL,0
TXN-002905,3866002904,Merchant_misc_pos_22,misc_pos,45.68,2024-12-15 08:57:00,Chicago,IL,0
TXN-002906,7107002905,Merchant_shopping_pos_48,shopping_pos,31.46,2024-12-16 17:10:00,Chicago,IL,0
TXN-002907,2655002906,Merchant_kids_pets_8,kids_pets,353.39,2024-12-17 16:16:00,New York,NY,0
TXN-002908,9787002907,Merchant_shopping_pos_44,shopping_pos,346.62,2024-12-18 18:29:00,New York,NY,0
TXN-002909,9523002908,Merchant_misc_net_15,misc_net,53.89,2024-12-19 18:43:00,Miami,FL,0
TXN-002910,2486002909,Merchant_shopping_pos_24,shopping_pos,88.87,2024-12-20 18:43:00,Charlotte,NC,0
TXN-002911,7993002910,Merchant_gas_transport_23,gas_transport,66.5,2024-12-21 20:55:00,Columbus,OH,0
TXN-002912,1826002911,Merchant_grocery_pos_26,grocery_pos,290.9,2024-12-22 13:53:00,Philadelphia,PA,0
TXN-002913,9102002912,Merchant_entertainment_34,entertainment,207.2,2024-12-23 17:03:00,New York,NY,0
TXN-002914,2765002913,Merchant_gas_transport_30,gas_transport,48.2,2024-12-24 10:47:00,Chicago,IL,0
TXN-002915,2807002914,Merchant_shopping_pos_29,shopping_pos,2281.42,2024-12-25 00:41:00,Seattle,WA,1
TXN-002916,3000002915,Merchant_food_dining_31,food_dining,102.47,2024-12-26 18:13:00,Chicago,IL,0
TXN-002917,6743002916,Merchant_shopping_net_6,shopping_net,12614.45,2024-12-27 23:38:00,Chicago,IL,1
TXN-002918,8797002917,Merchant_food_dining_26,food_dining,241.18,2024-12-28 11:46:00,Miami,FL,0
TXN-002919,4742002918,Merchant_misc_net_39,misc_net,295.91,2024-12-29 12:18:00,Los Angeles,CA,0
TXN-002920,5094002919,Merchant_misc_net_16,misc_net,1377.65,2024-12-30 22:46:00,Philadelphia,PA,1
TXN-002921,3942002920,Merchant_grocery_pos_16,grocery_pos,9313.19,2024-01-01 00:27:00,Charlotte,NC,1
TXN-002922,3834002921,Merchant_health_fitness_49,health_fitness,370.69,2024-01-02 08:51:00,Los Angeles,CA,0
TXN-002923,3390002922,Merchant_grocery_pos_22,grocery_pos,483.01,2024-01-03 02:57:00,Chicago,IL,1
TXN-002924,1035002923,Merchant_health_fitness_14,health_fitness,274.69,2024-01-04 18:24:00,Seattle,WA,0
TXN-002925,1138002924,Merchant_home_13,home,96.57,2024-01-05 15:56:00,Columbus,OH,0
TXN-002926,9095002925,Merchant_gas_transport_27,gas_transport,85.94,2024-01-06 16:03:00,Charlotte,NC,0
TXN-002927,9811002926,Merchant_kids_pets_38,kids_pets,87.63,2024-01-07 15:04:00,Chicago,IL,0
TXN-002928,5654002927,Merchant_shopping_pos_26,shopping_pos,70.36,2024-01-08 15:58:00,Columbus,OH,0
TXN-002929,4827002928,Merchant_food_dining_14,food_dining,172.56,2024-01-09 20:05:00,Charlotte,NC,0
TXN-002930,2455002929,Merchant_travel_36,travel,115.64,2024-01-10 13:03:00,Philadelphia,PA,0
TXN-002931,1865002930,Merchant_grocery_pos_39,grocery_pos,11168.08,2024-01-11 22:05:00,Houston,TX,1
TXN-002932,7023002931,Merchant_grocery_pos_38,grocery_pos,280.96,2024-01-12 03:58:00,Philadelphia,PA,1
TXN-002933,5295002932,Merchant_grocery_pos_46,grocery_pos,337.02,2024-01-13 11:46:00,Chicago,IL,0
TXN-002934,7144002933,Merchant_kids_pets_13,kids_pets,354.13,2024-01-14 16:01:00,Los Angeles,CA,0
TXN-002935,6103002934,Merchant_grocery_pos_43,grocery_pos,324.19,2024-01-15 19:41:00,Columbus,OH,0
TXN-002936,8877002935,Merchant_entertainment_25,entertainment,122.77,2024-01-16 11:06:00,Philadelphia,PA,0
TXN-002937,7649002936,Merchant_shopping_pos_14,shopping_pos,5242.37,2024-01-17 00:50:00,Miami,FL,1
TXN-002938,1328002937,Merchant_personal_care_12,personal_care,381.55,2024-01-18 12:39:00,Chicago,IL,0
TXN-002939,3466002938,Merchant_misc_pos_6,misc_pos,347.65,2024-01-19 12:50:00,Miami,FL,0
TXN-002940,8474002939,Merchant_gas_transport_33,gas_transport,360.01,2024-01-20 11:00:00,New York,NY,0
TXN-002941,3010002940,Merchant_gas_transport_18,gas_transport,234.17,2024-01-21 09:00:00,Charlotte,NC,0
TXN-002942,2114002941,Merchant_gas_transport_33,gas_transport,248.08,2024-01-22 10:10:00,Los Angeles,CA,0
TXN-002943,8684002942,Merchant_gas_transport_42,gas_transport,106.05,2024-01-23 14:02:00,Seattle,WA,0
TXN-002944,8405002943,Merchant_shopping_pos_15,shopping_pos,744.85,2024-01-24 22:05:00,Los Angeles,CA,1
TXN-002945,3409002944,Merchant_home_29,home,384.62,2024-01-25 11:58:00,Atlanta,GA,0
TXN-002946,7182002945,Merchant_shopping_pos_14,shopping_pos,2889.68,2024-01-26 02:35:00,Charlotte,NC,1
TXN-002947,3167002946,Merchant_home_35,home,358.31,2024-01-27 15:33:00,Atlanta,GA,0
TXN-002948,2314002947,Merchant_gas_transport_3,gas_transport,146.66,2024-01-28 10:19:00,Atlanta,GA,0
TXN-002949,8164002948,Merchant_misc_net_18,misc_net,288.39,2024-01-29 20:03:00,Philadelphia,PA,0
TXN-002950,2265002949,Merchant_entertainment_41,entertainment,100.91,2024-01-30 17:15:00,Charlotte,NC,0
TXN-002951,3974002950,Merchant_kids_pets_7,kids_pets,332.46,2024-01-31 13:09:00,Philadelphia,PA,0
TXN-002952,2800002951,Merchant_kids_pets_29,kids_pets,265.72,2024-02-01 08:26:00,Houston,TX,0
TXN-002953,5579002952,Merchant_shopping_pos_40,shopping_pos,10.88,2024-02-02 15:27:00,Seattle,WA,0
TXN-002954,7495002953,Merchant_food_dining_3,food_dining,352.76,2024-02-03 13:24:00,Philadelphia,PA,0
TXN-002955,8120002954,Merchant_health_fitness_47,health_fitness,316.86,2024-02-04 08:14:00,Houston,TX,0
TXN-002956,8228002955,Merchant_entertainment_30,entertainment,372.07,2024-02-05 16:42:00,Atlanta,GA,0
TXN-002957,4148002956,Merchant_shopping_net_5,shopping_net,155.71,2024-02-06 10:28:00,Los Angeles,CA,0
TXN-002958,6539002957,Merchant_entertainment_42,entertainment,381.72,2024-02-07 14:56:00,Philadelphia,PA,0
TXN-002959,7301002958,Merchant_shopping_net_23,shopping_net,376.9,2024-02-08 12:07:00,Atlanta,GA,0
TXN-002960,4097002959,Merchant_grocery_pos_23,grocery_pos,363.07,2024-02-09 11:54:00,Columbus,OH,0
TXN-002961,9311002960,Merchant_personal_care_19,personal_care,194.29,2024-02-10 14:23:00,Philadelphia,PA,0
TXN-002962,6940002961,Merchant_grocery_pos_7,grocery_pos,136.66,2024-02-11 11:32:00,Houston,TX,0
TXN-002963,2888002962,Merchant_gas_transport_37,gas_transport,50.38,2024-02-12 19:39:00,Chicago,IL,0
TXN-002964,4114002963,Merchant_entertainment_31,entertainment,312.03,2024-02-13 20:29:00,Philadelphia,PA,0
TXN-002965,7063002964,Merchant_personal_care_10,personal_care,190.47,2024-02-14 12:29:00,New York,NY,0
TXN-002966,1487002965,Merchant_home_10,home,311.57,2024-02-15 15:13:00,Philadelphia,PA,0
TXN-002967,8927002966,Merchant_grocery_pos_11,grocery_pos,27.93,2024-02-16 18:35:00,Houston,TX,0
TXN-002968,3007002967,Merchant_grocery_pos_27,grocery_pos,185.14,2024-02-17 00:37:00,Seattle,WA,1
TXN-002969,9032002968,Merchant_misc_pos_10,misc_pos,263.92,2024-02-18 13:34:00,Seattle,WA,0
TXN-002970,8205002969,Merchant_misc_net_21,misc_net,5129.92,2024-02-19 22:55:00,Atlanta,GA,1
TXN-002971,1872002970,Merchant_health_fitness_15,health_fitness,123.94,2024-02-20 09:19:00,Philadelphia,PA,0
TXN-002972,2133002971,Merchant_home_3,home,236.71,2024-02-21 10:57:00,Miami,FL,0
TXN-002973,2064002972,Merchant_kids_pets_5,kids_pets,331.23,2024-02-22 09:18:00,New York,NY,0
TXN-002974,9066002973,Merchant_food_dining_19,food_dining,144.04,2024-02-23 15:14:00,Chicago,IL,0
TXN-002975,9058002974,Merchant_grocery_pos_44,grocery_pos,28.47,2024-02-24 17:14:00,Atlanta,GA,0
TXN-002976,7461002975,Merchant_grocery_pos_8,grocery_pos,554.59,2024-02-25 03:04:00,Columbus,OH,1
TXN-002977,6340002976,Merchant_shopping_pos_15,shopping_pos,2766.79,2024-02-26 02:51:00,Columbus,OH,1
TXN-002978,9964002977,Merchant_misc_pos_42,misc_pos,169.57,2024-02-27 20:01:00,Miami,FL,0
TXN-002979,9352002978,Merchant_gas_transport_28,gas_transport,319.46,2024-02-28 10:24:00,Charlotte,NC,0
TXN-002980,1770002979,Merchant_misc_net_38,misc_net,294.91,2024-02-29 23:57:00,Los Angeles,CA,1
TXN-002981,4372002980,Merchant_food_dining_35,food_dining,399.27,2024-03-01 15:51:00,New York,NY,0
TXN-002982,6136002981,Merchant_food_dining_7,food_dining,111.11,2024-03-02 10:14:00,Los Angeles,CA,0
TXN-002983,7755002982,Merchant_shopping_pos_30,shopping_pos,95.78,2024-03-03 15:33:00,Charlotte,NC,0
TXN-002984,4830002983,Merchant_travel_5,travel,251.1,2024-03-04 09:40:00,New York,NY,0
TXN-002985,4959002984,Merchant_grocery_pos_3,grocery_pos,10259.22,2024-03-05 01:18:00,Atlanta,GA,1
TXN-002986,3571002985,Merchant_food_dining_9,food_dining,206.18,2024-03-06 18:26:00,Philadelphia,PA,0
TXN-002987,1860002986,Merchant_gas_transport_45,gas_transport,377.9,2024-03-07 20:06:00,Columbus,OH,0
TXN-002988,1959002987,Merchant_entertainment_29,entertainment,311.32,2024-03-08 20:29:00,Charlotte,NC,0
TXN-002989,6299002988,Merchant_shopping_pos_42,shopping_pos,18.81,2024-03-09 14:04:00,Los Angeles,CA,0
TXN-002990,3047002989,Merchant_grocery_pos_20,grocery_pos,7875.07,2024-03-10 05:36:00,Chicago,IL,1
TXN-002991,2937002990,Merchant_home_20,home,322.02,2024-03-11 15:44:00,Seattle,WA,0
TXN-002992,7730002991,Merchant_misc_net_32,misc_net,145.08,2024-03-12 15:54:00,Atlanta,GA,0
TXN-002993,4399002992,Merchant_misc_net_21,misc_net,281.02,2024-03-13 17:39:00,Atlanta,GA,0
TXN-002994,7126002993,Merchant_health_fitness_20,health_fitness,262.18,2024-03-14 15:58:00,Seattle,WA,0
TXN-002995,3238002994,Merchant_shopping_pos_10,shopping_pos,347.39,2024-03-15 15:15:00,Miami,FL,0
TXN-002996,1546002995,Merchant_shopping_pos_18,shopping_pos,385.19,2024-03-16 08:36:00,New York,NY,0
TXN-002997,9267002996,Merchant_personal_care_26,personal_care,246.85,2024-03-17 19:25:00,Chicago,IL,0
TXN-002998,5725002997,Merchant_grocery_pos_36,grocery_pos,10958.71,2024-03-18 22:47:00,Houston,TX,1
TXN-002999,3257002998,Merchant_home_40,home,6.13,2024-03-19 12:39:00,Seattle,WA,0
TXN-003000,7765002999,Merchant_shopping_pos_25,shopping_pos,113.81,2024-03-20 20:38:00,Columbus,OH,0
TXN-003001,9918003000,Merchant_gas_transport_11,gas_transport,126.86,2024-03-21 14:33:00,Seattle,WA,0
TXN-003002,5153003001,Merchant_health_fitness_47,health_fitness,234.92,2024-03-22 08:15:00,Seattle,WA,0
TXN-003003,7247003002,Merchant_food_dining_9,food_dining,89.57,2024-03-23 08:26:00,Los Angeles,CA,0
TXN-003004,6624003003,Merchant_misc_pos_29,misc_pos,321.4,2024-03-24 09:01:00,Atlanta,GA,0
TXN-003005,2234003004,Merchant_travel_33,travel,118.29,2024-03-25 09:30:00,Chicago,IL,0
TXN-003006,1025003005,Merchant_shopping_net_36,shopping_net,215.52,2024-03-26 18:38:00,New York,NY,0
TXN-003007,6787003006,Merchant_gas_transport_39,gas_transport,195.71,2024-03-27 15:40:00,Houston,TX,0
TXN-003008,7196003007,Merchant_misc_net_28,misc_net,312.03,2024-03-28 00:03:00,Columbus,OH,1
TXN-003009,2944003008,Merchant_entertainment_40,entertainment,114.91,2024-03-29 16:36:00,Charlotte,NC,0
TXN-003010,6010003009,Merchant_shopping_pos_43,shopping_pos,15.71,2024-03-30 16:34:00,Seattle,WA,0
TXN-003011,2954003010,Merchant_misc_net_13,misc_net,440.22,2024-03-31 03:55:00,Charlotte,NC,1
TXN-003012,4650003011,Merchant_shopping_pos_8,shopping_pos,63.84,2024-04-01 15:38:00,New York,NY,0
TXN-003013,6495003012,Merchant_food_dining_13,food_dining,17.52,2024-04-02 14:54:00,Houston,TX,0
TXN-003014,2827003013,Merchant_grocery_pos_9,grocery_pos,382.65,2024-04-03 17:46:00,Charlotte,NC,0
TXN-003015,9015003014,Merchant_kids_pets_11,kids_pets,125.41,2024-04-04 10:19:00,New York,NY,0
TXN-003016,7669003015,Merchant_kids_pets_13,kids_pets,124.21,2024-04-05 13:35:00,Atlanta,GA,0
TXN-003017,5051003016,Merchant_travel_39,travel,221.78,2024-04-06 08:38:00,Houston,TX,0
TXN-003018,3924003017,Merchant_gas_transport_29,gas_transport,293.78,2024-04-07 16:29:00,Miami,FL,0
TXN-003019,2205003018,Merchant_shopping_net_21,shopping_net,212.11,2024-04-08 16:20:00,Chicago,IL,0
TXN-003020,9293003019,Merchant_health_fitness_12,health_fitness,303.06,2024-04-09 19:43:00,Miami,FL,0
TXN-003021,4874003020,Merchant_home_7,home,101.7,2024-04-10 17:01:00,Philadelphia,PA,0
TXN-003022,4694003021,Merchant_misc_pos_21,misc_pos,19.15,2024-04-11 13:28:00,Charlotte,NC,0
TXN-003023,8623003022,Merchant_health_fitness_7,health_fitness,6.55,2024-04-12 12:28:00,Seattle,WA,0
TXN-003024,6439003023,Merchant_grocery_pos_28,grocery_pos,11877.83,2024-04-13 01:19:00,Seattle,WA,1
TXN-003025,7817003024,Merchant_misc_pos_31,misc_pos,249.19,2024-04-14 10:12:00,Los Angeles,CA,0
TXN-003026,1305003025,Merchant_travel_17,travel,130.87,2024-04-15 19:55:00,Houston,TX,0
TXN-003027,8027003026,Merchant_home_43,home,94.18,2024-04-16 15:11:00,Los Angeles,CA,0
TXN-003028,9706003027,Merchant_shopping_net_7,shopping_net,310.41,2024-04-17 16:14:00,Philadelphia,PA,0
TXN-003029,6776003028,Merchant_grocery_pos_8,grocery_pos,362.2,2024-04-18 15:14:00,Houston,TX,0
TXN-003030,7242003029,Merchant_home_28,home,320.73,2024-04-19 10:16:00,Miami,FL,0
TXN-003031,3997003030,Merchant_entertainment_11,entertainment,101.16,2024-04-20 20:53:00,Philadelphia,PA,0
TXN-003032,6698003031,Merchant_shopping_net_14,shopping_net,29.84,2024-04-21 18:50:00,Columbus,OH,0
TXN-003033,2485003032,Merchant_grocery_pos_29,grocery_pos,71.68,2024-04-22 14:07:00,Atlanta,GA,0
TXN-003034,7720003033,Merchant_health_fitness_41,health_fitness,11.1,2024-04-23 18:25:00,Los Angeles,CA,0
TXN-003035,4685003034,Merchant_health_fitness_27,health_fitness,261.62,2024-04-24 17:04:00,Seattle,WA,0
TXN-003036,2131003035,Merchant_shopping_net_30,shopping_net,321.7,2024-04-25 08:12:00,Seattle,WA,0
TXN-003037,3295003036,Merchant_shopping_pos_12,shopping_pos,4876.98,2024-04-26 02:51:00,Miami,FL,1
TXN-003038,4944003037,Merchant_shopping_pos_1,shopping_pos,170.52,2024-04-27 05:40:00,Columbus,OH,1
TXN-003039,7799003038,Merchant_health_fitness_45,health_fitness,354.32,2024-04-28 18:36:00,Charlotte,NC,0
TXN-003040,6574003039,Merchant_travel_6,travel,11.65,2024-04-29 20:20:00,Houston,TX,0
TXN-003041,9416003040,Merchant_kids_pets_40,kids_pets,364.59,2024-04-30 09:18:00,Miami,FL,0
TXN-003042,6671003041,Merchant_entertainment_48,entertainment,331.94,2024-05-01 11:44:00,Miami,FL,0
TXN-003043,3772003042,Merchant_grocery_pos_12,grocery_pos,14652.83,2024-05-02 00:33:00,Philadelphia,PA,1
TXN-003044,4725003043,Merchant_misc_pos_33,misc_pos,390.83,2024-05-03 08:02:00,Los Angeles,CA,0
TXN-003045,3717003044,Merchant_shopping_pos_8,shopping_pos,9263.59,2024-05-04 03:41:00,Philadelphia,PA,1
TXN-003046,5349003045,Merchant_home_31,home,331.81,2024-05-05 09:02:00,Columbus,OH,0
TXN-003047,1159003046,Merchant_health_fitness_7,health_fitness,344.9,2024-05-06 16:25:00,Chicago,IL,0
TXN-003048,9520003047,Merchant_entertainment_14,entertainment,301.96,2024-05-07 19:19:00,Seattle,WA,0
TXN-003049,6952003048,Merchant_travel_9,travel,132.36,2024-05-08 11:30:00,Philadelphia,PA,0
TXN-003050,4750003049,Merchant_food_dining_13,food_dining,397.1,2024-05-09 20:16:00,Columbus,OH,0
TXN-003051,7245003050,Merchant_kids_pets_48,kids_pets,72.37,2024-05-10 15:30:00,Houston,TX,0
TXN-003052,9668003051,Merchant_shopping_net_26,shopping_net,5514.72,2024-05-11 04:53:00,Los Angeles,CA,1
TXN-003053,5990003052,Merchant_shopping_net_44,shopping_net,200.12,2024-05-12 09:37:00,Atlanta,GA,0
TXN-003054,6485003053,Merchant_grocery_pos_28,grocery_pos,304.37,2024-05-13 14:52:00,New York,NY,0
TXN-003055,7250003054,Merchant_shopping_pos_14,shopping_pos,449.18,2024-05-14 00:04:00,Los Angeles,CA,1
TXN-003056,1460003055,Merchant_health_fitness_10,health_fitness,145.43,2024-05-15 14:23:00,Charlotte,NC,0
TXN-003057,5848003056,Merchant_misc_net_32,misc_net,201.39,2024-05-16 18:08:00,Chicago,IL,0
TXN-003058,3487003057,Merchant_misc_net_25,misc_net,109.81,2024-05-17 14:32:00,Atlanta,GA,0
TXN-003059,3686003058,Merchant_grocery_pos_14,grocery_pos,4442.16,2024-05-18 00:15:00,Houston,TX,1
TXN-003060,5595003059,Merchant_health_fitness_28,health_fitness,157.4,2024-05-19 20:27:00,New York,NY,0
TXN-003061,8693003060,Merchant_misc_net_49,misc_net,54.39,2024-05-20 03:29:00,Los Angeles,CA,1
TXN-003062,9626003061,Merchant_food_dining_25,food_dining,289.36,2024-05-21 14:37:00,Miami,FL,0
TXN-003063,5121003062,Merchant_grocery_pos_14,grocery_pos,2220.29,2024-05-22 00:26:00,Los Angeles,CA,1
TXN-003064,9905003063,Merchant_shopping_net_6,shopping_net,33.24,2024-05-23 19:13:00,Chicago,IL,0
TXN-003065,1175003064,Merchant_misc_net_12,misc_net,161.02,2024-05-24 15:32:00,Miami,FL,0
TXN-003066,2937003065,Merchant_kids_pets_8,kids_pets,200.48,2024-05-25 15:35:00,Seattle,WA,0
TXN-003067,3988003066,Merchant_grocery_pos_37,grocery_pos,799.61,2024-05-26 03:19:00,Seattle,WA,1
TXN-003068,7414003067,Merchant_health_fitness_19,health_fitness,314.99,2024-05-27 14:01:00,Miami,FL,0
TXN-003069,2702003068,Merchant_health_fitness_45,health_fitness,376.82,2024-05-28 19:07:00,Chicago,IL,0
TXN-003070,1405003069,Merchant_gas_transport_4,gas_transport,276.29,2024-05-29 13:29:00,Los Angeles,CA,0
TXN-003071,9225003070,Merchant_misc_net_31,misc_net,6.93,2024-05-30 17:12:00,Miami,FL,0
TXN-003072,4859003071,Merchant_personal_care_27,personal_care,228.37,2024-05-31 17:15:00,Charlotte,NC,0
TXN-003073,8264003072,Merchant_grocery_pos_33,grocery_pos,295.92,2024-06-01 20:47:00,Charlotte,NC,0
TXN-003074,1492003073,Merchant_food_dining_17,food_dining,13.64,2024-06-02 18:26:00,Chicago,IL,0
TXN-003075,3926003074,Merchant_grocery_pos_44,grocery_pos,9547.26,2024-06-03 01:43:00,Charlotte,NC,1
TXN-003076,7989003075,Merchant_health_fitness_22,health_fitness,41.78,2024-06-04 20:26:00,Seattle,WA,0
TXN-003077,1230003076,Merchant_health_fitness_40,health_fitness,170.44,2024-06-05 14:40:00,New York,NY,0
TXN-003078,3870003077,Merchant_grocery_pos_23,grocery_pos,309.77,2024-06-06 17:30:00,Philadelphia,PA,0
TXN-003079,4308003078,Merchant_misc_net_23,misc_net,244.54,2024-06-07 14:37:00,Chicago,IL,0
TXN-003080,8901003079,Merchant_shopping_pos_19,shopping_pos,176.48,2024-06-08 16:56:00,Atlanta,GA,0
TXN-003081,8195003080,Merchant_shopping_pos_3,shopping_pos,48.65,2024-06-09 17:34:00,Atlanta,GA,0
TXN-003082,6429003081,Merchant_misc_net_3,misc_net,374.55,2024-06-10 12:58:00,Miami,FL,0
TXN-003083,2176003082,Merchant_misc_pos_8,misc_pos,295.07,2024-06-11 08:11:00,Columbus,OH,0
TXN-003084,5795003083,Merchant_misc_net_38,misc_net,10581.21,2024-06-12 05:54:00,Seattle,WA,1
TXN-003085,1752003084,Merchant_health_fitness_30,health_fitness,174.4,2024-06-13 15:15:00,Miami,FL,0
TXN-003086,3815003085,Merchant_entertainment_6,entertainment,135.03,2024-06-14 20:39:00,Houston,TX,0
TXN-003087,9482003086,Merchant_entertainment_34,entertainment,397.0,2024-06-15 10:28:00,Columbus,OH,0
TXN-003088,4803003087,Merchant_shopping_net_29,shopping_net,654.03,2024-06-16 02:32:00,Houston,TX,1
TXN-003089,7834003088,Merchant_shopping_pos_8,shopping_pos,360.98,2024-06-17 20:53:00,New York,NY,0
TXN-003090,9884003089,Merchant_entertainment_1,entertainment,282.34,2024-06-18 09:23:00,Philadelphia,PA,0
TXN-003091,4672003090,Merchant_shopping_pos_43,shopping_pos,353.22,2024-06-19 12:07:00,Miami,FL,0
TXN-003092,1868003091,Merchant_health_fitness_21,health_fitness,263.17,2024-06-20 20:09:00,Atlanta,GA,0
TXN-003093,4555003092,Merchant_shopping_net_6,shopping_net,24.64,2024-06-21 14:39:00,Columbus,OH,0
TXN-003094,9554003093,Merchant_shopping_net_41,shopping_net,96.72,2024-06-22 19:29:00,Philadelphia,PA,0
TXN-003095,9690003094,Merchant_health_fitness_37,health_fitness,267.6,2024-06-23 09:52:00,Atlanta,GA,0
TXN-003096,9918003095,Merchant_personal_care_47,personal_care,360.11,2024-06-24 16:55:00,Columbus,OH,0
TXN-003097,4845003096,Merchant_shopping_pos_43,shopping_pos,963.79,2024-06-25 23:57:00,Philadelphia,PA,1
TXN-003098,6529003097,Merchant_shopping_pos_24,shopping_pos,10324.88,2024-06-26 02:18:00,Charlotte,NC,1
TXN-003099,9583003098,Merchant_shopping_net_44,shopping_net,40.1,2024-06-27 20:43:00,Los Angeles,CA,0
TXN-003100,6671003099,Merchant_misc_pos_48,misc_pos,142.07,2024-06-28 09:49:00,Columbus,OH,0
TXN-003101,7977003100,Merchant_health_fitness_8,health_fitness,274.6,2024-06-29 12:09:00,New York,NY,0
TXN-003102,2638003101,Merchant_misc_pos_4,misc_pos,75.84,2024-06-30 18:29:00,Philadelphia,PA,0
TXN-003103,2237003102,Merchant_misc_pos_30,misc_pos,198.89,2024-07-01 08:02:00,Los Angeles,CA,0
TXN-003104,9536003103,Merchant_gas_transport_34,gas_transport,336.97,2024-07-02 12:01:00,Houston,TX,0
TXN-003105,6111003104,Merchant_health_fitness_2,health_fitness,5.26,2024-07-03 18:52:00,New York,NY,0
TXN-003106,4850003105,Merchant_misc_net_43,misc_net,153.42,2024-07-04 10:26:00,Atlanta,GA,0
TXN-003107,6784003106,Merchant_misc_net_14,misc_net,4381.0,2024-07-05 05:32:00,Los Angeles,CA,1
TXN-003108,8343003107,Merchant_shopping_pos_19,shopping_pos,28.37,2024-07-06 20:19:00,Los Angeles,CA,0
TXN-003109,9088003108,Merchant_food_dining_16,food_dining,65.48,2024-07-07 10:09:00,Seattle,WA,0
TXN-003110,1784003109,Merchant_kids_pets_14,kids_pets,297.73,2024-07-08 08:44:00,Charlotte,NC,0
TXN-003111,8764003110,Merchant_home_4,home,250.25,2024-07-09 16:19:00,Seattle,WA,0
TXN-003112,4424003111,Merchant_grocery_pos_22,grocery_pos,275.64,2024-07-10 18:25:00,Chicago,IL,0
TXN-003113,1701003112,Merchant_misc_net_43,misc_net,7706.06,2024-07-11 01:28:00,Atlanta,GA,1
TXN-003114,1019003113,Merchant_travel_6,travel,129.2,2024-07-12 20:37:00,Seattle,WA,0
TXN-003115,7596003114,Merchant_food_dining_14,food_dining,232.94,2024-07-13 19:52:00,Miami,FL,0
TXN-003116,6804003115,Merchant_entertainment_1,entertainment,164.82,2024-07-14 09:57:00,Seattle,WA,0
TXN-003117,2881003116,Merchant_misc_net_35,misc_net,3887.42,2024-07-15 02:14:00,Los Angeles,CA,1
TXN-003118,3220003117,Merchant_shopping_pos_21,shopping_pos,116.35,2024-07-16 08:28:00,Houston,TX,0
TXN-003119,2600003118,Merchant_entertainment_34,entertainment,230.04,2024-07-17 17:03:00,Atlanta,GA,0
TXN-003120,4829003119,Merchant_personal_care_7,personal_care,94.05,2024-07-18 15:12:00,Miami,FL,0
TXN-003121,6859003120,Merchant_kids_pets_10,kids_pets,289.11,2024-07-19 19:09:00,Los Angeles,CA,0
TXN-003122,7775003121,Merchant_personal_care_17,personal_care,54.21,2024-07-20 11:07:00,New York,NY,0
TXN-003123,9775003122,Merchant_misc_pos_31,misc_pos,250.99,2024-07-21 15:37:00,Philadelphia,PA,0
TXN-003124,6030003123,Merchant_travel_40,travel,321.3,2024-07-22 12:24:00,Miami,FL,0
TXN-003125,6543003124,Merchant_grocery_pos_25,grocery_pos,25.89,2024-07-23 11:04:00,Los Angeles,CA,0
TXN-003126,7305003125,Merchant_home_45,home,279.71,2024-07-24 11:05:00,Columbus,OH,0
TXN-003127,6638003126,Merchant_home_18,home,216.88,2024-07-25 13:05:00,Seattle,WA,0
TXN-003128,1683003127,Merchant_shopping_net_39,shopping_net,351.56,2024-07-26 14:19:00,Chicago,IL,0
TXN-003129,2872003128,Merchant_misc_net_12,misc_net,18.21,2024-07-27 20:58:00,Philadelphia,PA,0
TXN-003130,3359003129,Merchant_health_fitness_43,health_fitness,38.56,2024-07-28 17:40:00,Miami,FL,0
TXN-003131,6209003130,Merchant_gas_transport_46,gas_transport,290.81,2024-07-29 10:14:00,Seattle,WA,0
TXN-003132,2876003131,Merchant_grocery_pos_36,grocery_pos,186.75,2024-07-30 08:56:00,Columbus,OH,0
TXN-003133,5336003132,Merchant_shopping_net_46,shopping_net,498.54,2024-07-31 05:37:00,Atlanta,GA,1
TXN-003134,4071003133,Merchant_shopping_pos_15,shopping_pos,382.81,2024-08-01 15:55:00,Houston,TX,0
TXN-003135,6946003134,Merchant_misc_net_45,misc_net,181.75,2024-08-02 17:41:00,Atlanta,GA,0
TXN-003136,1752003135,Merchant_grocery_pos_37,grocery_pos,94.71,2024-08-03 12:55:00,Columbus,OH,0
TXN-003137,3204003136,Merchant_misc_net_49,misc_net,11932.62,2024-08-04 00:28:00,New York,NY,1
TXN-003138,4959003137,Merchant_shopping_net_30,shopping_net,5611.8,2024-08-05 22:25:00,New York,NY,1
TXN-003139,5736003138,Merchant_food_dining_33,food_dining,94.84,2024-08-06 17:02:00,Atlanta,GA,0
TXN-003140,7211003139,Merchant_personal_care_34,personal_care,6.22,2024-08-07 10:51:00,New York,NY,0
TXN-003141,2628003140,Merchant_kids_pets_46,kids_pets,398.31,2024-08-08 17:44:00,Philadelphia,PA,0
TXN-003142,6800003141,Merchant_travel_33,travel,379.45,2024-08-09 17:14:00,New York,NY,0
TXN-003143,8213003142,Merchant_shopping_net_13,shopping_net,397.8,2024-08-10 20:16:00,Charlotte,NC,0
TXN-003144,5473003143,Merchant_misc_pos_8,misc_pos,252.2,2024-08-11 20:03:00,Atlanta,GA,0
TXN-003145,1990003144,Merchant_shopping_net_38,shopping_net,333.23,2024-08-12 19:53:00,Chicago,IL,0
TXN-003146,8696003145,Merchant_shopping_net_34,shopping_net,107.95,2024-08-13 11:32:00,Houston,TX,0
TXN-003147,5668003146,Merchant_home_2,home,125.1,2024-08-14 11:43:00,Miami,FL,0
TXN-003148,5419003147,Merchant_health_fitness_38,health_fitness,384.69,2024-08-15 08:29:00,Columbus,OH,0
TXN-003149,8181003148,Merchant_grocery_pos_41,grocery_pos,111.97,2024-08-16 10:12:00,Columbus,OH,0
TXN-003150,9105003149,Merchant_misc_net_30,misc_net,5308.22,2024-08-17 23:08:00,Houston,TX,1
TXN-003151,5013003150,Merchant_shopping_pos_32,shopping_pos,288.65,2024-08-18 18:19:00,Seattle,WA,0
TXN-003152,4812003151,Merchant_home_46,home,285.48,2024-08-19 20:35:00,Charlotte,NC,0
TXN-003153,7658003152,Merchant_misc_pos_26,misc_pos,358.81,2024-08-20 20:26:00,Houston,TX,0
TXN-003154,5565003153,Merchant_gas_transport_40,gas_transport,172.33,2024-08-21 17:41:00,Atlanta,GA,0
TXN-003155,4328003154,Merchant_misc_net_35,misc_net,240.18,2024-08-22 10:26:00,New York,NY,0
TXN-003156,2482003155,Merchant_grocery_pos_12,grocery_pos,379.55,2024-08-23 12:26:00,Philadelphia,PA,0
TXN-003157,1257003156,Merchant_misc_net_28,misc_net,116.18,2024-08-24 18:28:00,New York,NY,0
TXN-003158,5089003157,Merchant_grocery_pos_9,grocery_pos,174.53,2024-08-25 08:12:00,Houston,TX,0
TXN-003159,5367003158,Merchant_entertainment_5,entertainment,269.17,2024-08-26 12:57:00,Chicago,IL,0
TXN-003160,1917003159,Merchant_home_33,home,142.49,2024-08-27 08:17:00,Miami,FL,0
TXN-003161,7304003160,Merchant_food_dining_18,food_dining,87.28,2024-08-28 08:04:00,New York,NY,0
TXN-003162,5818003161,Merchant_grocery_pos_17,grocery_pos,11468.08,2024-08-29 23:55:00,Atlanta,GA,1
TXN-003163,6823003162,Merchant_entertainment_2,entertainment,7.3,2024-08-30 12:08:00,Los Angeles,CA,0
TXN-003164,9772003163,Merchant_misc_net_2,misc_net,103.79,2024-08-31 11:54:00,Charlotte,NC,0
TXN-003165,9543003164,Merchant_gas_transport_29,gas_transport,17.81,2024-09-01 10:28:00,Los Angeles,CA,0
TXN-003166,1728003165,Merchant_gas_transport_26,gas_transport,160.4,2024-09-02 11:31:00,Miami,FL,0
TXN-003167,7245003166,Merchant_travel_29,travel,389.03,2024-09-03 13:52:00,Charlotte,NC,0
TXN-003168,4294003167,Merchant_shopping_pos_24,shopping_pos,126.45,2024-09-04 14:00:00,New York,NY,0
TXN-003169,7265003168,Merchant_misc_net_29,misc_net,163.96,2024-09-05 22:07:00,Los Angeles,CA,1
TXN-003170,8571003169,Merchant_health_fitness_9,health_fitness,361.11,2024-09-06 19:39:00,Columbus,OH,0
TXN-003171,9336003170,Merchant_home_16,home,316.59,2024-09-07 14:23:00,Los Angeles,CA,0
TXN-003172,2836003171,Merchant_grocery_pos_4,grocery_pos,167.78,2024-09-08 08:02:00,Philadelphia,PA,0
TXN-003173,8218003172,Merchant_personal_care_28,personal_care,372.18,2024-09-09 20:10:00,Chicago,IL,0
TXN-003174,1263003173,Merchant_misc_net_42,misc_net,381.08,2024-09-10 11:27:00,Philadelphia,PA,0
TXN-003175,8951003174,Merchant_shopping_pos_7,shopping_pos,11998.6,2024-09-11 01:51:00,Houston,TX,1
TXN-003176,5092003175,Merchant_travel_23,travel,159.37,2024-09-12 11:42:00,New York,NY,0
TXN-003177,4041003176,Merchant_gas_transport_34,gas_transport,346.27,2024-09-13 08:48:00,Charlotte,NC,0
TXN-003178,7394003177,Merchant_entertainment_4,entertainment,166.63,2024-09-14 10:54:00,Columbus,OH,0
TXN-003179,2553003178,Merchant_entertainment_16,entertainment,90.07,2024-09-15 19:16:00,Charlotte,NC,0
TXN-003180,4291003179,Merchant_personal_care_47,personal_care,222.6,2024-09-16 20:21:00,Miami,FL,0
TXN-003181,7471003180,Merchant_shopping_net_45,shopping_net,398.12,2024-09-17 10:50:00,Chicago,IL,0
TXN-003182,2793003181,Merchant_gas_transport_30,gas_transport,41.05,2024-09-18 10:00:00,Seattle,WA,0
TXN-003183,3066003182,Merchant_misc_net_26,misc_net,48.88,2024-09-19 11:41:00,Chicago,IL,0
TXN-003184,5375003183,Merchant_health_fitness_30,health_fitness,154.2,2024-09-20 09:35:00,Houston,TX,0
TXN-003185,3285003184,Merchant_shopping_net_5,shopping_net,332.54,2024-09-21 13:37:00,Miami,FL,0
TXN-003186,9637003185,Merchant_food_dining_33,food_dining,363.71,2024-09-22 19:45:00,Atlanta,GA,0
TXN-003187,6613003186,Merchant_health_fitness_44,health_fitness,102.07,2024-09-23 10:25:00,Los Angeles,CA,0
TXN-003188,1663003187,Merchant_misc_pos_19,misc_pos,38.82,2024-09-24 09:28:00,Miami,FL,0
TXN-003189,3329003188,Merchant_shopping_pos_45,shopping_pos,322.85,2024-09-25 15:30:00,Houston,TX,0
TXN-003190,1697003189,Merchant_shopping_net_29,shopping_net,317.81,2024-09-26 20:45:00,Los Angeles,CA,0
TXN-003191,9235003190,Merchant_health_fitness_45,health_fitness,31.87,2024-09-27 13:12:00,New York,NY,0
TXN-003192,7143003191,Merchant_shopping_net_2,shopping_net,276.19,2024-09-28 17:07:00,Chicago,IL,0
TXN-003193,9304003192,Merchant_shopping_net_1,shopping_net,373.75,2024-09-29 11:33:00,New York,NY,0
TXN-003194,1423003193,Merchant_misc_pos_47,misc_pos,190.23,2024-09-30 17:51:00,Miami,FL,0
TXN-003195,6361003194,Merchant_kids_pets_32,kids_pets,59.56,2024-10-01 08:30:00,Seattle,WA,0
TXN-003196,3479003195,Merchant_shopping_net_30,shopping_net,3042.75,2024-10-02 04:09:00,Philadelphia,PA,1
TXN-003197,8027003196,Merchant_travel_30,travel,395.67,2024-10-03 08:09:00,Los Angeles,CA,0
TXN-003198,6059003197,Merchant_shopping_net_7,shopping_net,232.35,2024-10-04 14:19:00,Chicago,IL,0
TXN-003199,3224003198,Merchant_misc_net_28,misc_net,272.73,2024-10-05 02:27:00,New York,NY,1
TXN-003200,7559003199,Merchant_shopping_pos_36,shopping_pos,126.74,2024-10-06 15:34:00,Chicago,IL,0
TXN-003201,9560003200,Merchant_shopping_net_19,shopping_net,215.24,2024-10-07 15:31:00,Chicago,IL,0
TXN-003202,1000003201,Merchant_kids_pets_35,kids_pets,255.93,2024-10-08 12:25:00,Columbus,OH,0
TXN-003203,2875003202,Merchant_shopping_net_23,shopping_net,203.5,2024-10-09 17:30:00,Chicago,IL,0
TXN-003204,6987003203,Merchant_grocery_pos_39,grocery_pos,10109.16,2024-10-10 00:47:00,Charlotte,NC,1
TXN-003205,6141003204,Merchant_kids_pets_39,kids_pets,257.52,2024-10-11 13:33:00,New York,NY,0
TXN-003206,5630003205,Merchant_health_fitness_10,health_fitness,209.91,2024-10-12 11:38:00,Los Angeles,CA,0
TXN-003207,4924003206,Merchant_shopping_pos_8,shopping_pos,176.23,2024-10-13 18:51:00,Los Angeles,CA,0
TXN-003208,3180003207,Merchant_food_dining_19,food_dining,358.31,2024-10-14 20:30:00,Miami,FL,0
TXN-003209,8679003208,Merchant_entertainment_32,entertainment,59.5,2024-10-15 19:58:00,New York,NY,0
TXN-003210,9854003209,Merchant_health_fitness_30,health_fitness,173.11,2024-10-16 10:07:00,Los Angeles,CA,0
TXN-003211,5452003210,Merchant_home_7,home,336.72,2024-10-17 09:26:00,Houston,TX,0
TXN-003212,8924003211,Merchant_grocery_pos_28,grocery_pos,8463.85,2024-10-18 00:40:00,Charlotte,NC,1
TXN-003213,3383003212,Merchant_travel_38,travel,10.78,2024-10-19 19:27:00,Philadelphia,PA,0
TXN-003214,1646003213,Merchant_kids_pets_28,kids_pets,216.27,2024-10-20 12:56:00,Los Angeles,CA,0
TXN-003215,2558003214,Merchant_food_dining_38,food_dining,326.78,2024-10-21 13:53:00,Charlotte,NC,0
TXN-003216,1636003215,Merchant_shopping_net_2,shopping_net,186.83,2024-10-22 17:18:00,Houston,TX,0
TXN-003217,6576003216,Merchant_food_dining_17,food_dining,60.71,2024-10-23 10:40:00,Chicago,IL,0
TXN-003218,8259003217,Merchant_kids_pets_15,kids_pets,330.1,2024-10-24 09:23:00,Miami,FL,0
TXN-003219,9631003218,Merchant_misc_pos_6,misc_pos,355.84,2024-10-25 09:52:00,Chicago,IL,0
TXN-003220,3514003219,Merchant_home_19,home,380.38,2024-10-26 08:58:00,Columbus,OH,0
TXN-003221,8356003220,Merchant_grocery_pos_4,grocery_pos,74.05,2024-10-27 16:57:00,Columbus,OH,0
TXN-003222,9931003221,Merchant_entertainment_3,entertainment,391.44,2024-10-28 18:12:00,Seattle,WA,0
TXN-003223,3457003222,Merchant_travel_20,travel,264.9,2024-10-29 08:09:00,Atlanta,GA,0
TXN-003224,9426003223,Merchant_misc_pos_31,misc_pos,63.77,2024-10-30 09:56:00,Columbus,OH,0
TXN-003225,9857003224,Merchant_shopping_net_24,shopping_net,24.93,2024-10-31 16:22:00,New York,NY,0
TXN-003226,5237003225,Merchant_shopping_pos_36,shopping_pos,127.13,2024-11-01 18:47:00,Miami,FL,0
TXN-003227,5167003226,Merchant_food_dining_15,food_dining,272.03,2024-11-02 17:47:00,New York,NY,0
TXN-003228,4061003227,Merchant_misc_net_36,misc_net,425.47,2024-11-03 22:30:00,Columbus,OH,1
TXN-003229,6839003228,Merchant_kids_pets_28,kids_pets,111.5,2024-11-04 11:58:00,Chicago,IL,0
TXN-003230,9655003229,Merchant_shopping_pos_12,shopping_pos,2808.21,2024-11-05 03:48:00,Atlanta,GA,1
TXN-003231,2711003230,Merchant_personal_care_21,personal_care,165.41,2024-11-06 10:41:00,Seattle,WA,0
TXN-003232,4722003231,Merchant_kids_pets_32,kids_pets,177.27,2024-11-07 17:04:00,Houston,TX,0
TXN-003233,5678003232,Merchant_personal_care_29,personal_care,304.99,2024-11-08 19:09:00,New York,NY,0
TXN-003234,9607003233,Merchant_health_fitness_42,health_fitness,384.16,2024-11-09 14:12:00,Charlotte,NC,0
TXN-003235,9090003234,Merchant_shopping_pos_35,shopping_pos,305.26,2024-11-10 17:34:00,Houston,TX,0
TXN-003236,9975003235,Merchant_travel_33,travel,37.5,2024-11-11 20:29:00,New York,NY,0
TXN-003237,4718003236,Merchant_home_5,home,239.13,2024-11-12 17:03:00,Miami,FL,0
TXN-003238,6889003237,Merchant_shopping_net_12,shopping_net,322.66,2024-11-13 12:13:00,Charlotte,NC,0
TXN-003239,2270003238,Merchant_gas_transport_3,gas_transport,245.91,2024-11-14 10:11:00,Houston,TX,0
TXN-003240,6720003239,Merchant_gas_transport_11,gas_transport,235.47,2024-11-15 14:25:00,Charlotte,NC,0
TXN-003241,3328003240,Merchant_food_dining_40,food_dining,42.76,2024-11-16 09:04:00,Chicago,IL,0
TXN-003242,8011003241,Merchant_shopping_pos_45,shopping_pos,373.01,2024-11-17 15:44:00,Philadelphia,PA,0
TXN-003243,2005003242,Merchant_food_dining_15,food_dining,135.44,2024-11-18 17:50:00,Atlanta,GA,0
TXN-003244,5814003243,Merchant_shopping_net_31,shopping_net,1957.41,2024-11-19 05:13:00,Los Angeles,CA,1
TXN-003245,1083003244,Merchant_gas_transport_20,gas_transport,131.36,2024-11-20 16:06:00,Seattle,WA,0
TXN-003246,8422003245,Merchant_shopping_pos_30,shopping_pos,374.59,2024-11-21 22:20:00,Chicago,IL,1
TXN-003247,1181003246,Merchant_shopping_pos_46,shopping_pos,151.27,2024-11-22 20:05:00,Houston,TX,0
TXN-003248,9034003247,Merchant_health_fitness_33,health_fitness,114.13,2024-11-23 14:03:00,Seattle,WA,0
TXN-003249,7857003248,Merchant_shopping_pos_12,shopping_pos,164.71,2024-11-24 17:24:00,New York,NY,0
TXN-003250,9304003249,Merchant_kids_pets_27,kids_pets,211.1,2024-11-25 12:57:00,Atlanta,GA,0
TXN-003251,8969003250,Merchant_gas_transport_13,gas_transport,128.66,2024-11-26 10:21:00,Philadelphia,PA,0
TXN-003252,1335003251,Merchant_shopping_net_49,shopping_net,130.57,2024-11-27 14:36:00,Los Angeles,CA,0
TXN-003253,4656003252,Merchant_grocery_pos_1,grocery_pos,202.74,2024-11-28 13:25:00,Chicago,IL,0
TXN-003254,9020003253,Merchant_shopping_pos_48,shopping_pos,9815.45,2024-11-29 02:48:00,Atlanta,GA,1
TXN-003255,8351003254,Merchant_kids_pets_27,kids_pets,260.23,2024-11-30 16:07:00,Los Angeles,CA,0
TXN-003256,1455003255,Merchant_misc_net_1,misc_net,123.93,2024-12-01 10:20:00,Miami,FL,0
TXN-003257,3963003256,Merchant_entertainment_45,entertainment,399.54,2024-12-02 12:15:00,Houston,TX,0
TXN-003258,5136003257,Merchant_entertainment_29,entertainment,38.88,2024-12-03 19:05:00,Los Angeles,CA,0
TXN-003259,4352003258,Merchant_grocery_pos_7,grocery_pos,84.63,2024-12-04 12:36:00,Philadelphia,PA,0
TXN-003260,8598003259,Merchant_home_2,home,198.67,2024-12-05 16:55:00,Chicago,IL,0
TXN-003261,9834003260,Merchant_health_fitness_2,health_fitness,195.35,2024-12-06 19:53:00,Columbus,OH,0
TXN-003262,4749003261,Merchant_misc_pos_16,misc_pos,114.15,2024-12-07 08:16:00,Seattle,WA,0
TXN-003263,6111003262,Merchant_kids_pets_31,kids_pets,220.64,2024-12-08 15:19:00,Philadelphia,PA,0
TXN-003264,8350003263,Merchant_grocery_pos_7,grocery_pos,114.64,2024-12-09 19:54:00,Charlotte,NC,0
TXN-003265,3694003264,Merchant_shopping_pos_29,shopping_pos,198.74,2024-12-10 15:02:00,Atlanta,GA,0
TXN-003266,7870003265,Merchant_home_7,home,158.45,2024-12-11 11:31:00,Miami,FL,0
TXN-003267,7838003266,Merchant_grocery_pos_46,grocery_pos,65.76,2024-12-12 14:07:00,Chicago,IL,0
TXN-003268,6889003267,Merchant_misc_net_25,misc_net,8176.5,2024-12-13 23:37:00,Philadelphia,PA,1
TXN-003269,2240003268,Merchant_misc_net_21,misc_net,6823.7,2024-12-14 03:42:00,Chicago,IL,1
TXN-003270,6477003269,Merchant_grocery_pos_33,grocery_pos,289.54,2024-12-15 20:50:00,Seattle,WA,0
TXN-003271,2140003270,Merchant_shopping_net_40,shopping_net,286.01,2024-12-16 14:30:00,New York,NY,0
TXN-003272,2134003271,Merchant_shopping_pos_5,shopping_pos,54.26,2024-12-17 12:12:00,Charlotte,NC,0
TXN-003273,3045003272,Merchant_health_fitness_21,health_fitness,303.58,2024-12-18 08:50:00,Atlanta,GA,0
TXN-003274,2516003273,Merchant_misc_net_8,misc_net,362.25,2024-12-19 18:24:00,Miami,FL,0
TXN-003275,9269003274,Merchant_misc_pos_49,misc_pos,186.82,2024-12-20 17:20:00,Seattle,WA,0
TXN-003276,3650003275,Merchant_shopping_pos_37,shopping_pos,154.66,2024-12-21 14:45:00,Chicago,IL,0
TXN-003277,2747003276,Merchant_grocery_pos_19,grocery_pos,670.79,2024-12-22 05:37:00,New York,NY,1
TXN-003278,1941003277,Merchant_gas_transport_2,gas_transport,183.17,2024-12-23 16:04:00,Philadelphia,PA,0
TXN-003279,7899003278,Merchant_health_fitness_24,health_fitness,116.2,2024-12-24 09:17:00,Philadelphia,PA,0
TXN-003280,5285003279,Merchant_grocery_pos_41,grocery_pos,86.02,2024-12-25 17:55:00,Philadelphia,PA,0
TXN-003281,8138003280,Merchant_shopping_net_37,shopping_net,287.8,2024-12-26 09:14:00,Miami,FL,0
TXN-003282,3290003281,Merchant_shopping_net_24,shopping_net,5399.44,2024-12-27 05:20:00,Houston,TX,1
TXN-003283,1534003282,Merchant_entertainment_31,entertainment,62.67,2024-12-28 19:07:00,Los Angeles,CA,0
TXN-003284,7247003283,Merchant_gas_transport_38,gas_transport,305.32,2024-12-29 12:11:00,Columbus,OH,0
TXN-003285,3482003284,Merchant_health_fitness_40,health_fitness,147.02,2024-12-30 20:58:00,Miami,FL,0
TXN-003286,2928003285,Merchant_travel_10,travel,313.99,2024-01-01 12:35:00,Philadelphia,PA,0
TXN-003287,8047003286,Merchant_gas_transport_19,gas_transport,207.46,2024-01-02 20:51:00,Philadelphia,PA,0
TXN-003288,7671003287,Merchant_entertainment_17,entertainment,194.13,2024-01-03 18:01:00,New York,NY,0
TXN-003289,8414003288,Merchant_shopping_net_15,shopping_net,325.32,2024-01-04 12:05:00,Charlotte,NC,0
TXN-003290,9731003289,Merchant_shopping_pos_19,shopping_pos,91.17,2024-01-05 15:13:00,New York,NY,0
TXN-003291,5524003290,Merchant_misc_net_23,misc_net,14766.27,2024-01-06 05:32:00,Chicago,IL,1
TXN-003292,1413003291,Merchant_misc_net_25,misc_net,186.9,2024-01-07 12:45:00,Chicago,IL,0
TXN-003293,1985003292,Merchant_misc_pos_19,misc_pos,268.16,2024-01-08 15:25:00,Charlotte,NC,0
TXN-003294,8141003293,Merchant_misc_pos_7,misc_pos,289.87,2024-01-09 11:28:00,Atlanta,GA,0
TXN-003295,8572003294,Merchant_shopping_pos_35,shopping_pos,105.02,2024-01-10 20:21:00,Philadelphia,PA,0
TXN-003296,7562003295,Merchant_home_26,home,56.7,2024-01-11 10:16:00,Seattle,WA,0
TXN-003297,3542003296,Merchant_misc_net_42,misc_net,318.6,2024-01-12 13:56:00,Philadelphia,PA,0
TXN-003298,2037003297,Merchant_food_dining_44,food_dining,221.78,2024-01-13 10:35:00,Philadelphia,PA,0
TXN-003299,3880003298,Merchant_grocery_pos_38,grocery_pos,70.66,2024-01-14 11:54:00,Philadelphia,PA,0
TXN-003300,6506003299,Merchant_home_27,home,52.69,2024-01-15 17:16:00,Chicago,IL,0
TXN-003301,5357003300,Merchant_entertainment_5,entertainment,217.56,2024-01-16 15:05:00,Miami,FL,0
TXN-003302,2458003301,Merchant_entertainment_12,entertainment,341.47,2024-01-17 16:27:00,Charlotte,NC,0
TXN-003303,5338003302,Merchant_entertainment_13,entertainment,29.28,2024-01-18 18:39:00,Columbus,OH,0
TXN-003304,1806003303,Merchant_misc_net_36,misc_net,83.05,2024-01-19 14:49:00,Charlotte,NC,0
TXN-003305,6161003304,Merchant_travel_34,travel,19.71,2024-01-20 08:47:00,Seattle,WA,0
TXN-003306,9089003305,Merchant_personal_care_8,personal_care,324.44,2024-01-21 10:28:00,Charlotte,NC,0
TXN-003307,4686003306,Merchant_health_fitness_32,health_fitness,69.96,2024-01-22 11:49:00,Columbus,OH,0
TXN-003308,1974003307,Merchant_food_dining_41,food_dining,162.93,2024-01-23 19:20:00,Columbus,OH,0
TXN-003309,4081003308,Merchant_kids_pets_20,kids_pets,202.37,2024-01-24 20:50:00,New York,NY,0
TXN-003310,5470003309,Merchant_home_24,home,371.32,2024-01-25 19:09:00,Seattle,WA,0
TXN-003311,2973003310,Merchant_travel_18,travel,195.64,2024-01-26 11:51:00,Columbus,OH,0
TXN-003312,6599003311,Merchant_misc_net_14,misc_net,95.63,2024-01-27 14:18:00,Columbus,OH,0
TXN-003313,8582003312,Merchant_shopping_pos_25,shopping_pos,387.92,2024-01-28 17:14:00,Charlotte,NC,0
TXN-003314,5784003313,Merchant_food_dining_39,food_dining,88.55,2024-01-29 09:08:00,Miami,FL,0
TXN-003315,7792003314,Merchant_entertainment_1,entertainment,10.67,2024-01-30 11:10:00,Miami,FL,0
TXN-003316,5579003315,Merchant_health_fitness_17,health_fitness,31.11,2024-01-31 12:57:00,Charlotte,NC,0
TXN-003317,2428003316,Merchant_shopping_pos_3,shopping_pos,273.02,2024-02-01 20:05:00,Charlotte,NC,0
TXN-003318,1488003317,Merchant_kids_pets_31,kids_pets,361.18,2024-02-02 14:33:00,New York,NY,0
TXN-003319,7335003318,Merchant_gas_transport_24,gas_transport,289.9,2024-02-03 16:32:00,Miami,FL,0
TXN-003320,3900003319,Merchant_food_dining_15,food_dining,363.38,2024-02-04 09:26:00,Charlotte,NC,0
TXN-003321,1359003320,Merchant_shopping_pos_17,shopping_pos,393.18,2024-02-05 00:21:00,New York,NY,1
TXN-003322,1120003321,Merchant_entertainment_6,entertainment,347.0,2024-02-06 18:21:00,Columbus,OH,0
TXN-003323,1273003322,Merchant_personal_care_16,personal_care,392.58,2024-02-07 18:46:00,New York,NY,0
TXN-003324,8173003323,Merchant_kids_pets_42,kids_pets,399.64,2024-02-08 17:09:00,New York,NY,0
TXN-003325,7370003324,Merchant_misc_pos_20,misc_pos,354.51,2024-02-09 14:43:00,Columbus,OH,0
TXN-003326,5612003325,Merchant_food_dining_20,food_dining,93.61,2024-02-10 11:24:00,Atlanta,GA,0
TXN-003327,2601003326,Merchant_home_20,home,135.14,2024-02-11 12:58:00,Seattle,WA,0
TXN-003328,3981003327,Merchant_misc_net_37,misc_net,283.48,2024-02-12 18:38:00,Philadelphia,PA,0
TXN-003329,2012003328,Merchant_food_dining_43,food_dining,55.61,2024-02-13 11:40:00,Miami,FL,0
TXN-003330,9640003329,Merchant_kids_pets_29,kids_pets,47.98,2024-02-14 16:11:00,Seattle,WA,0
TXN-003331,8697003330,Merchant_food_dining_30,food_dining,15.19,2024-02-15 11:11:00,Atlanta,GA,0
TXN-003332,6943003331,Merchant_shopping_net_49,shopping_net,2220.0,2024-02-16 02:35:00,Columbus,OH,1
TXN-003333,6674003332,Merchant_grocery_pos_37,grocery_pos,330.08,2024-02-17 12:20:00,Miami,FL,0
TXN-003334,8012003333,Merchant_home_3,home,250.91,2024-02-18 19:07:00,Atlanta,GA,0
TXN-003335,6971003334,Merchant_misc_net_18,misc_net,10485.77,2024-02-19 23:28:00,Chicago,IL,1
TXN-003336,5875003335,Merchant_misc_net_11,misc_net,4301.31,2024-02-20 00:42:00,Seattle,WA,1
TXN-003337,1136003336,Merchant_food_dining_3,food_dining,14.09,2024-02-21 09:42:00,Philadelphia,PA,0
TXN-003338,2191003337,Merchant_grocery_pos_40,grocery_pos,12.86,2024-02-22 10:37:00,Miami,FL,0
TXN-003339,8277003338,Merchant_shopping_pos_19,shopping_pos,14720.85,2024-02-23 22:34:00,Atlanta,GA,1
TXN-003340,4878003339,Merchant_kids_pets_46,kids_pets,169.63,2024-02-24 09:45:00,Charlotte,NC,0
TXN-003341,7028003340,Merchant_misc_pos_5,misc_pos,200.76,2024-02-25 12:06:00,Columbus,OH,0
TXN-003342,3605003341,Merchant_grocery_pos_40,grocery_pos,10723.16,2024-02-26 23:54:00,Charlotte,NC,1
TXN-003343,3652003342,Merchant_grocery_pos_35,grocery_pos,385.93,2024-02-27 18:46:00,Seattle,WA,0
TXN-003344,5416003343,Merchant_grocery_pos_43,grocery_pos,326.3,2024-02-28 18:41:00,Houston,TX,0
TXN-003345,2872003344,Merchant_grocery_pos_44,grocery_pos,6408.43,2024-02-29 00:30:00,Charlotte,NC,1
TXN-003346,1788003345,Merchant_health_fitness_37,health_fitness,177.59,2024-03-01 16:06:00,Atlanta,GA,0
TXN-003347,7004003346,Merchant_grocery_pos_11,grocery_pos,433.22,2024-03-02 05:08:00,Houston,TX,1
TXN-003348,5443003347,Merchant_shopping_pos_35,shopping_pos,9900.19,2024-03-03 00:14:00,Miami,FL,1
TXN-003349,2007003348,Merchant_shopping_pos_13,shopping_pos,13708.02,2024-03-04 22:42:00,Houston,TX,1
TXN-003350,8348003349,Merchant_grocery_pos_41,grocery_pos,13839.65,2024-03-05 02:06:00,Philadelphia,PA,1
TXN-003351,3440003350,Merchant_shopping_pos_7,shopping_pos,5983.29,2024-03-06 03:10:00,Los Angeles,CA,1
TXN-003352,6601003351,Merchant_misc_pos_1,misc_pos,145.58,2024-03-07 15:38:00,Columbus,OH,0
TXN-003353,9587003352,Merchant_health_fitness_4,health_fitness,319.33,2024-03-08 13:50:00,Seattle,WA,0
TXN-003354,2426003353,Merchant_misc_net_34,misc_net,11004.27,2024-03-09 02:41:00,Los Angeles,CA,1
TXN-003355,2347003354,Merchant_shopping_net_37,shopping_net,235.27,2024-03-10 18:05:00,Atlanta,GA,0
TXN-003356,2589003355,Merchant_shopping_net_29,shopping_net,173.55,2024-03-11 19:34:00,Columbus,OH,0
TXN-003357,9420003356,Merchant_personal_care_40,personal_care,315.28,2024-03-12 10:03:00,Columbus,OH,0
TXN-003358,1907003357,Merchant_travel_46,travel,36.14,2024-03-13 12:55:00,Seattle,WA,0
TXN-003359,4834003358,Merchant_personal_care_18,personal_care,151.45,2024-03-14 16:52:00,Miami,FL,0
TXN-003360,6791003359,Merchant_shopping_pos_28,shopping_pos,188.89,2024-03-15 12:28:00,New York,NY,0
TXN-003361,5421003360,Merchant_health_fitness_48,health_fitness,69.88,2024-03-16 15:58:00,Los Angeles,CA,0
TXN-003362,1995003361,Merchant_shopping_net_26,shopping_net,220.57,2024-03-17 13:56:00,Miami,FL,0
TXN-003363,3478003362,Merchant_travel_8,travel,214.45,2024-03-18 09:54:00,Atlanta,GA,0
TXN-003364,2986003363,Merchant_kids_pets_7,kids_pets,152.24,2024-03-19 16:18:00,Los Angeles,CA,0
TXN-003365,2418003364,Merchant_health_fitness_34,health_fitness,160.59,2024-03-20 16:16:00,Charlotte,NC,0
TXN-003366,9234003365,Merchant_kids_pets_49,kids_pets,175.54,2024-03-21 18:38:00,Seattle,WA,0
TXN-003367,8342003366,Merchant_entertainment_49,entertainment,351.16,2024-03-22 10:37:00,Houston,TX,0
TXN-003368,6882003367,Merchant_food_dining_6,food_dining,215.01,2024-03-23 09:16:00,Charlotte,NC,0
TXN-003369,9493003368,Merchant_gas_transport_47,gas_transport,159.15,2024-03-24 14:36:00,New York,NY,0
TXN-003370,8353003369,Merchant_grocery_pos_38,grocery_pos,12770.34,2024-03-25 23:51:00,Charlotte,NC,1
TXN-003371,8980003370,Merchant_health_fitness_32,health_fitness,260.2,2024-03-26 17:22:00,Houston,TX,0
TXN-003372,6242003371,Merchant_misc_net_47,misc_net,34.74,2024-03-27 15:54:00,Miami,FL,0
TXN-003373,6819003372,Merchant_misc_pos_20,misc_pos,379.97,2024-03-28 09:40:00,Chicago,IL,0
TXN-003374,5641003373,Merchant_shopping_net_16,shopping_net,83.14,2024-03-29 15:33:00,Charlotte,NC,0
TXN-003375,6439003374,Merchant_entertainment_12,entertainment,271.78,2024-03-30 12:27:00,Houston,TX,0
TXN-003376,5731003375,Merchant_misc_net_47,misc_net,104.83,2024-03-31 14:09:00,Charlotte,NC,0
TXN-003377,9048003376,Merchant_personal_care_21,personal_care,341.25,2024-04-01 14:43:00,Miami,FL,0
TXN-003378,1342003377,Merchant_home_38,home,131.26,2024-04-02 17:33:00,Houston,TX,0
TXN-003379,2143003378,Merchant_home_38,home,396.84,2024-04-03 20:05:00,Atlanta,GA,0
TXN-003380,2336003379,Merchant_personal_care_34,personal_care,172.93,2024-04-04 16:33:00,Atlanta,GA,0
TXN-003381,9842003380,Merchant_health_fitness_27,health_fitness,373.63,2024-04-05 20:23:00,Miami,FL,0
TXN-003382,9061003381,Merchant_gas_transport_12,gas_transport,199.31,2024-04-06 09:03:00,New York,NY,0
TXN-003383,5649003382,Merchant_misc_pos_38,misc_pos,176.67,2024-04-07 16:35:00,Miami,FL,0
TXN-003384,8736003383,Merchant_food_dining_31,food_dining,246.55,2024-04-08 08:05:00,Seattle,WA,0
TXN-003385,5661003384,Merchant_misc_net_24,misc_net,68.19,2024-04-09 08:39:00,Los Angeles,CA,0
TXN-003386,1251003385,Merchant_shopping_net_34,shopping_net,140.62,2024-04-10 15:00:00,Los Angeles,CA,0
TXN-003387,6800003386,Merchant_misc_net_30,misc_net,100.96,2024-04-11 17:24:00,Charlotte,NC,0
TXN-003388,6312003387,Merchant_personal_care_40,personal_care,175.18,2024-04-12 15:44:00,Los Angeles,CA,0
TXN-003389,6017003388,Merchant_entertainment_13,entertainment,231.04,2024-04-13 17:33:00,Chicago,IL,0
TXN-003390,5418003389,Merchant_gas_transport_47,gas_transport,174.86,2024-04-14 13:08:00,Columbus,OH,0
TXN-003391,2893003390,Merchant_food_dining_41,food_dining,178.41,2024-04-15 13:53:00,Miami,FL,0
TXN-003392,9177003391,Merchant_travel_15,travel,57.52,2024-04-16 17:52:00,Chicago,IL,0
TXN-003393,6930003392,Merchant_entertainment_11,entertainment,24.32,2024-04-17 16:30:00,Los Angeles,CA,0
TXN-003394,9423003393,Merchant_shopping_net_40,shopping_net,372.26,2024-04-18 12:03:00,Columbus,OH,0
TXN-003395,9271003394,Merchant_shopping_net_37,shopping_net,229.3,2024-04-19 18:21:00,Atlanta,GA,0
TXN-003396,2440003395,Merchant_food_dining_43,food_dining,350.68,2024-04-20 16:28:00,Philadelphia,PA,0
TXN-003397,9979003396,Merchant_shopping_net_46,shopping_net,4897.47,2024-04-21 05:44:00,Philadelphia,PA,1
TXN-003398,1050003397,Merchant_kids_pets_17,kids_pets,363.82,2024-04-22 16:54:00,Miami,FL,0
TXN-003399,1123003398,Merchant_entertainment_9,entertainment,286.45,2024-04-23 15:30:00,Los Angeles,CA,0
TXN-003400,3472003399,Merchant_health_fitness_16,health_fitness,262.32,2024-04-24 17:26:00,Miami,FL,0
TXN-003401,8795003400,Merchant_misc_net_25,misc_net,668.03,2024-04-25 23:35:00,New York,NY,1
TXN-003402,4107003401,Merchant_misc_net_21,misc_net,6329.79,2024-04-26 03:38:00,Seattle,WA,1
TXN-003403,4625003402,Merchant_personal_care_38,personal_care,125.42,2024-04-27 19:06:00,New York,NY,0
TXN-003404,8327003403,Merchant_personal_care_15,personal_care,264.4,2024-04-28 11:54:00,Charlotte,NC,0
TXN-003405,1936003404,Merchant_health_fitness_38,health_fitness,105.62,2024-04-29 10:23:00,Atlanta,GA,0
TXN-003406,5874003405,Merchant_shopping_pos_9,shopping_pos,11750.21,2024-04-30 01:36:00,Houston,TX,1
TXN-003407,4540003406,Merchant_misc_net_1,misc_net,12031.91,2024-05-01 00:47:00,Charlotte,NC,1
TXN-003408,8339003407,Merchant_shopping_net_12,shopping_net,846.64,2024-05-02 01:45:00,Columbus,OH,1
TXN-003409,1969003408,Merchant_misc_net_13,misc_net,1797.46,2024-05-03 04:38:00,Chicago,IL,1
TXN-003410,4530003409,Merchant_travel_12,travel,192.73,2024-05-04 19:17:00,New York,NY,0
TXN-003411,6792003410,Merchant_personal_care_33,personal_care,28.14,2024-05-05 15:35:00,Miami,FL,0
TXN-003412,5180003411,Merchant_misc_pos_22,misc_pos,271.91,2024-05-06 20:12:00,Seattle,WA,0
TXN-003413,7029003412,Merchant_misc_net_12,misc_net,1325.93,2024-05-07 05:55:00,Columbus,OH,1
TXN-003414,6540003413,Merchant_shopping_net_1,shopping_net,126.36,2024-05-08 08:01:00,Houston,TX,0
TXN-003415,6560003414,Merchant_entertainment_15,entertainment,20.08,2024-05-09 10:44:00,Columbus,OH,0
TXN-003416,7177003415,Merchant_grocery_pos_1,grocery_pos,4286.61,2024-05-10 02:34:00,Houston,TX,1
TXN-003417,8076003416,Merchant_grocery_pos_40,grocery_pos,39.19,2024-05-11 19:15:00,Houston,TX,0
TXN-003418,4215003417,Merchant_grocery_pos_33,grocery_pos,135.12,2024-05-12 10:17:00,Chicago,IL,0
TXN-003419,7915003418,Merchant_shopping_pos_19,shopping_pos,34.72,2024-05-13 10:08:00,New York,NY,0
TXN-003420,9410003419,Merchant_travel_44,travel,398.75,2024-05-14 18:08:00,Chicago,IL,0
TXN-003421,1096003420,Merchant_food_dining_5,food_dining,57.69,2024-05-15 13:30:00,Miami,FL,0
TXN-003422,3410003421,Merchant_misc_pos_17,misc_pos,344.92,2024-05-16 14:57:00,Houston,TX,0
TXN-003423,9040003422,Merchant_kids_pets_45,kids_pets,178.39,2024-05-17 10:58:00,Columbus,OH,0
TXN-003424,5162003423,Merchant_entertainment_27,entertainment,290.47,2024-05-18 13:14:00,Miami,FL,0
TXN-003425,7914003424,Merchant_personal_care_45,personal_care,179.16,2024-05-19 12:03:00,Atlanta,GA,0
TXN-003426,3408003425,Merchant_gas_transport_42,gas_transport,175.54,2024-05-20 17:03:00,Columbus,OH,0
TXN-003427,2019003426,Merchant_grocery_pos_6,grocery_pos,5.54,2024-05-21 09:19:00,Atlanta,GA,0
TXN-003428,7631003427,Merchant_grocery_pos_26,grocery_pos,12359.78,2024-05-22 01:23:00,Houston,TX,1
TXN-003429,9662003428,Merchant_entertainment_35,entertainment,397.76,2024-05-23 17:34:00,Philadelphia,PA,0
TXN-003430,2379003429,Merchant_misc_net_39,misc_net,62.31,2024-05-24 11:27:00,Houston,TX,0
TXN-003431,4060003430,Merchant_misc_net_6,misc_net,45.43,2024-05-25 19:15:00,Houston,TX,0
TXN-003432,6360003431,Merchant_shopping_net_45,shopping_net,247.31,2024-05-26 14:33:00,Philadelphia,PA,0
TXN-003433,8658003432,Merchant_health_fitness_32,health_fitness,230.82,2024-05-27 18:47:00,Miami,FL,0
TXN-003434,6309003433,Merchant_kids_pets_27,kids_pets,344.29,2024-05-28 09:04:00,Atlanta,GA,0
TXN-003435,9456003434,Merchant_travel_24,travel,391.21,2024-05-29 10:35:00,Los Angeles,CA,0
TXN-003436,4438003435,Merchant_gas_transport_2,gas_transport,365.08,2024-05-30 18:19:00,Atlanta,GA,0
TXN-003437,8862003436,Merchant_entertainment_19,entertainment,77.25,2024-05-31 10:18:00,Philadelphia,PA,0
TXN-003438,8633003437,Merchant_misc_pos_21,misc_pos,392.47,2024-06-01 18:30:00,Columbus,OH,0
TXN-003439,5262003438,Merchant_shopping_pos_14,shopping_pos,173.64,2024-06-02 23:42:00,Seattle,WA,1
TXN-003440,9238003439,Merchant_shopping_pos_37,shopping_pos,73.44,2024-06-03 17:27:00,Philadelphia,PA,0
TXN-003441,8970003440,Merchant_gas_transport_36,gas_transport,128.36,2024-06-04 16:26:00,Houston,TX,0
TXN-003442,4468003441,Merchant_health_fitness_34,health_fitness,294.6,2024-06-05 15:21:00,Miami,FL,0
TXN-003443,5840003442,Merchant_home_47,home,9.98,2024-06-06 13:10:00,Los Angeles,CA,0
TXN-003444,9029003443,Merchant_travel_20,travel,387.69,2024-06-07 17:16:00,Atlanta,GA,0
TXN-003445,2345003444,Merchant_kids_pets_49,kids_pets,392.31,2024-06-08 09:37:00,Columbus,OH,0
TXN-003446,9152003445,Merchant_shopping_net_34,shopping_net,300.83,2024-06-09 08:03:00,Columbus,OH,0
TXN-003447,2843003446,Merchant_health_fitness_12,health_fitness,330.87,2024-06-10 20:13:00,Columbus,OH,0
TXN-003448,6237003447,Merchant_gas_transport_27,gas_transport,28.29,2024-06-11 10:25:00,New York,NY,0
TXN-003449,5182003448,Merchant_food_dining_30,food_dining,48.17,2024-06-12 14:58:00,Atlanta,GA,0
TXN-003450,4727003449,Merchant_shopping_pos_40,shopping_pos,290.57,2024-06-13 15:22:00,Columbus,OH,0
TXN-003451,7157003450,Merchant_gas_transport_40,gas_transport,267.94,2024-06-14 12:01:00,Houston,TX,0
TXN-003452,7796003451,Merchant_misc_net_30,misc_net,759.27,2024-06-15 02:50:00,Chicago,IL,1
TXN-003453,6353003452,Merchant_shopping_net_5,shopping_net,228.44,2024-06-16 10:05:00,Charlotte,NC,0
TXN-003454,9609003453,Merchant_travel_40,travel,80.7,2024-06-17 09:04:00,Chicago,IL,0
TXN-003455,8177003454,Merchant_grocery_pos_37,grocery_pos,80.62,2024-06-18 14:55:00,Columbus,OH,0
TXN-003456,3677003455,Merchant_gas_transport_16,gas_transport,257.17,2024-06-19 14:28:00,Seattle,WA,0
TXN-003457,6611003456,Merchant_misc_net_4,misc_net,779.78,2024-06-20 00:02:00,Atlanta,GA,1
TXN-003458,7888003457,Merchant_misc_net_46,misc_net,13.5,2024-06-21 18:45:00,Atlanta,GA,0
TXN-003459,4223003458,Merchant_gas_transport_15,gas_transport,267.8,2024-06-22 14:31:00,Atlanta,GA,0
TXN-003460,8188003459,Merchant_grocery_pos_34,grocery_pos,84.19,2024-06-23 22:23:00,Columbus,OH,1
TXN-003461,9211003460,Merchant_misc_pos_2,misc_pos,10.52,2024-06-24 09:00:00,Charlotte,NC,0
TXN-003462,8549003461,Merchant_gas_transport_49,gas_transport,235.04,2024-06-25 11:30:00,Houston,TX,0
TXN-003463,6047003462,Merchant_food_dining_11,food_dining,23.42,2024-06-26 17:54:00,Charlotte,NC,0
TXN-003464,7781003463,Merchant_misc_pos_9,misc_pos,143.28,2024-06-27 15:26:00,Atlanta,GA,0
TXN-003465,2306003464,Merchant_shopping_pos_39,shopping_pos,63.14,2024-06-28 20:39:00,Seattle,WA,0
TXN-003466,2269003465,Merchant_grocery_pos_29,grocery_pos,12030.67,2024-06-29 23:37:00,Miami,FL,1
TXN-003467,9951003466,Merchant_grocery_pos_47,grocery_pos,280.68,2024-06-30 08:24:00,Chicago,IL,0
TXN-003468,4467003467,Merchant_misc_net_47,misc_net,346.41,2024-07-01 09:06:00,Atlanta,GA,0
TXN-003469,3509003468,Merchant_gas_transport_38,gas_transport,206.46,2024-07-02 08:56:00,Miami,FL,0
TXN-003470,5334003469,Merchant_shopping_net_12,shopping_net,118.69,2024-07-03 17:36:00,Houston,TX,0
TXN-003471,4629003470,Merchant_misc_net_35,misc_net,13918.76,2024-07-04 01:39:00,Philadelphia,PA,1
TXN-003472,2278003471,Merchant_kids_pets_4,kids_pets,393.16,2024-07-05 13:46:00,Chicago,IL,0
TXN-003473,8925003472,Merchant_gas_transport_22,gas_transport,229.08,2024-07-06 18:14:00,Atlanta,GA,0
TXN-003474,1149003473,Merchant_shopping_pos_18,shopping_pos,294.36,2024-07-07 02:39:00,Los Angeles,CA,1
TXN-003475,3240003474,Merchant_travel_26,travel,397.86,2024-07-08 10:46:00,Los Angeles,CA,0
TXN-003476,4675003475,Merchant_travel_34,travel,115.02,2024-07-09 08:29:00,Philadelphia,PA,0
TXN-003477,8113003476,Merchant_travel_35,travel,32.08,2024-07-10 15:55:00,New York,NY,0
TXN-003478,8184003477,Merchant_entertainment_18,entertainment,89.2,2024-07-11 18:00:00,Columbus,OH,0
TXN-003479,9426003478,Merchant_grocery_pos_17,grocery_pos,172.13,2024-07-12 12:37:00,Charlotte,NC,0
TXN-003480,5392003479,Merchant_misc_pos_7,misc_pos,153.17,2024-07-13 19:54:00,Chicago,IL,0
TXN-003481,7136003480,Merchant_entertainment_10,entertainment,208.6,2024-07-14 11:33:00,Philadelphia,PA,0
TXN-003482,7469003481,Merchant_kids_pets_48,kids_pets,368.34,2024-07-15 09:07:00,Chicago,IL,0
TXN-003483,7692003482,Merchant_misc_pos_40,misc_pos,348.25,2024-07-16 09:06:00,Charlotte,NC,0
TXN-003484,8740003483,Merchant_misc_net_30,misc_net,210.97,2024-07-17 12:29:00,Houston,TX,0
TXN-003485,6854003484,Merchant_home_2,home,116.03,2024-07-18 20:14:00,Chicago,IL,0
TXN-003486,5532003485,Merchant_misc_net_37,misc_net,1525.42,2024-07-19 04:44:00,Miami,FL,1
TXN-003487,4934003486,Merchant_shopping_net_23,shopping_net,6.25,2024-07-20 19:51:00,Columbus,OH,0
TXN-003488,7594003487,Merchant_misc_pos_32,misc_pos,212.96,2024-07-21 15:12:00,Los Angeles,CA,0
TXN-003489,3548003488,Merchant_misc_pos_26,misc_pos,315.24,2024-07-22 08:52:00,Philadelphia,PA,0
TXN-003490,1386003489,Merchant_misc_pos_34,misc_pos,170.7,2024-07-23 18:10:00,Los Angeles,CA,0
TXN-003491,4129003490,Merchant_kids_pets_26,kids_pets,313.32,2024-07-24 20:39:00,Miami,FL,0
TXN-003492,9884003491,Merchant_personal_care_12,personal_care,237.64,2024-07-25 11:38:00,Seattle,WA,0
TXN-003493,3973003492,Merchant_food_dining_48,food_dining,379.57,2024-07-26 11:46:00,New York,NY,0
TXN-003494,1765003493,Merchant_misc_pos_9,misc_pos,155.79,2024-07-27 17:33:00,Chicago,IL,0
TXN-003495,1929003494,Merchant_misc_net_42,misc_net,758.52,2024-07-28 05:48:00,Charlotte,NC,1
TXN-003496,6926003495,Merchant_personal_care_4,personal_care,368.76,2024-07-29 11:15:00,Philadelphia,PA,0
TXN-003497,2623003496,Merchant_misc_net_44,misc_net,238.88,2024-07-30 10:58:00,Los Angeles,CA,0
TXN-003498,5767003497,Merchant_health_fitness_6,health_fitness,24.68,2024-07-31 19:06:00,Seattle,WA,0
TXN-003499,9421003498,Merchant_travel_7,travel,279.53,2024-08-01 08:49:00,Seattle,WA,0
TXN-003500,3131003499,Merchant_personal_care_36,personal_care,151.83,2024-08-02 18:17:00,Los Angeles,CA,0
TXN-003501,1729003500,Merchant_food_dining_30,food_dining,350.08,2024-08-03 09:39:00,Atlanta,GA,0
TXN-003502,9961003501,Merchant_misc_net_1,misc_net,150.07,2024-08-04 16:27:00,Seattle,WA,0
TXN-003503,9260003502,Merchant_shopping_net_23,shopping_net,221.77,2024-08-05 14:00:00,Atlanta,GA,0
TXN-003504,6712003503,Merchant_shopping_net_8,shopping_net,12044.64,2024-08-06 05:00:00,Houston,TX,1
TXN-003505,7458003504,Merchant_personal_care_44,personal_care,27.64,2024-08-07 13:45:00,Houston,TX,0
TXN-003506,3070003505,Merchant_travel_6,travel,51.1,2024-08-08 17:45:00,Columbus,OH,0
TXN-003507,7217003506,Merchant_misc_pos_25,misc_pos,64.14,2024-08-09 17:32:00,Columbus,OH,0
TXN-003508,3323003507,Merchant_food_dining_40,food_dining,144.57,2024-08-10 17:13:00,New York,NY,0
TXN-003509,6462003508,Merchant_travel_24,travel,146.88,2024-08-11 12:31:00,Houston,TX,0
TXN-003510,1269003509,Merchant_health_fitness_38,health_fitness,345.39,2024-08-12 17:54:00,Seattle,WA,0
TXN-003511,8546003510,Merchant_shopping_pos_42,shopping_pos,129.1,2024-08-13 17:03:00,Philadelphia,PA,0
TXN-003512,5937003511,Merchant_travel_40,travel,222.71,2024-08-14 08:10:00,Houston,TX,0
TXN-003513,2227003512,Merchant_shopping_pos_18,shopping_pos,2050.39,2024-08-15 02:17:00,Houston,TX,1
TXN-003514,3379003513,Merchant_entertainment_44,entertainment,208.15,2024-08-16 16:58:00,Philadelphia,PA,0
TXN-003515,8809003514,Merchant_misc_pos_29,misc_pos,67.02,2024-08-17 11:15:00,Atlanta,GA,0
TXN-003516,4540003515,Merchant_personal_care_1,personal_care,101.71,2024-08-18 15:54:00,Charlotte,NC,0
TXN-003517,1621003516,Merchant_misc_pos_11,misc_pos,355.3,2024-08-19 19:15:00,Columbus,OH,0
TXN-003518,2897003517,Merchant_shopping_net_33,shopping_net,65.42,2024-08-20 16:17:00,Charlotte,NC,0
TXN-003519,1744003518,Merchant_food_dining_16,food_dining,358.6,2024-08-21 19:24:00,New York,NY,0
TXN-003520,8125003519,Merchant_shopping_net_28,shopping_net,11747.8,2024-08-22 04:41:00,Houston,TX,1
TXN-003521,2803003520,Merchant_personal_care_21,personal_care,379.03,2024-08-23 14:31:00,Houston,TX,0
TXN-003522,1744003521,Merchant_shopping_pos_16,shopping_pos,12425.25,2024-08-24 22:55:00,Los Angeles,CA,1
TXN-003523,3810003522,Merchant_food_dining_20,food_dining,310.52,2024-08-25 13:20:00,Columbus,OH,0
TXN-003524,7421003523,Merchant_personal_care_39,personal_care,108.71,2024-08-26 11:03:00,Atlanta,GA,0
TXN-003525,5910003524,Merchant_home_23,home,164.06,2024-08-27 11:01:00,Los Angeles,CA,0
TXN-003526,2667003525,Merchant_kids_pets_18,kids_pets,318.77,2024-08-28 20:23:00,New York,NY,0
TXN-003527,7706003526,Merchant_grocery_pos_37,grocery_pos,338.68,2024-08-29 19:39:00,New York,NY,0
TXN-003528,7402003527,Merchant_shopping_pos_6,shopping_pos,32.58,2024-08-30 14:41:00,Chicago,IL,0
TXN-003529,1089003528,Merchant_grocery_pos_11,grocery_pos,127.36,2024-08-31 14:03:00,Chicago,IL,0
TXN-003530,6898003529,Merchant_grocery_pos_46,grocery_pos,2128.45,2024-09-01 01:04:00,Houston,TX,1
TXN-003531,1737003530,Merchant_shopping_pos_9,shopping_pos,130.68,2024-09-02 18:41:00,Charlotte,NC,0
TXN-003532,8320003531,Merchant_gas_transport_36,gas_transport,146.37,2024-09-03 09:02:00,Houston,TX,0
TXN-003533,9948003532,Merchant_travel_36,travel,347.82,2024-09-04 16:00:00,Seattle,WA,0
TXN-003534,5198003533,Merchant_gas_transport_3,gas_transport,279.45,2024-09-05 10:47:00,Chicago,IL,0
TXN-003535,4082003534,Merchant_grocery_pos_12,grocery_pos,133.6,2024-09-06 14:53:00,Miami,FL,0
TXN-003536,3866003535,Merchant_shopping_net_13,shopping_net,250.22,2024-09-07 16:29:00,Philadelphia,PA,0
TXN-003537,7653003536,Merchant_misc_net_40,misc_net,233.41,2024-09-08 09:23:00,Charlotte,NC,0
TXN-003538,3540003537,Merchant_kids_pets_4,kids_pets,6.44,2024-09-09 15:13:00,Los Angeles,CA,0
TXN-003539,5232003538,Merchant_shopping_pos_24,shopping_pos,650.95,2024-09-10 04:08:00,Chicago,IL,1
TXN-003540,2124003539,Merchant_misc_pos_23,misc_pos,262.65,2024-09-11 13:43:00,New York,NY,0
TXN-003541,4035003540,Merchant_shopping_pos_28,shopping_pos,5890.37,2024-09-12 22:55:00,Chicago,IL,1
TXN-003542,9383003541,Merchant_gas_transport_4,gas_transport,27.67,2024-09-13 08:24:00,Atlanta,GA,0
TXN-003543,9105003542,Merchant_misc_net_29,misc_net,7.23,2024-09-14 20:00:00,Chicago,IL,0
TXN-003544,7102003543,Merchant_home_10,home,226.74,2024-09-15 10:37:00,Miami,FL,0
TXN-003545,2745003544,Merchant_shopping_pos_27,shopping_pos,9599.36,2024-09-16 02:40:00,Miami,FL,1
TXN-003546,1093003545,Merchant_travel_11,travel,85.53,2024-09-17 20:42:00,Houston,TX,0
TXN-003547,4587003546,Merchant_gas_transport_13,gas_transport,174.51,2024-09-18 20:19:00,Miami,FL,0
TXN-003548,3380003547,Merchant_travel_41,travel,15.2,2024-09-19 11:07:00,Miami,FL,0
TXN-003549,8910003548,Merchant_shopping_pos_43,shopping_pos,7135.84,2024-09-20 03:05:00,Atlanta,GA,1
TXN-003550,9635003549,Merchant_shopping_pos_23,shopping_pos,130.28,2024-09-21 19:24:00,Los Angeles,CA,0
TXN-003551,7356003550,Merchant_kids_pets_40,kids_pets,371.42,2024-09-22 19:00:00,Los Angeles,CA,0
TXN-003552,9176003551,Merchant_home_1,home,82.11,2024-09-23 10:53:00,Seattle,WA,0
TXN-003553,2912003552,Merchant_misc_net_49,misc_net,10947.94,2024-09-24 22:06:00,Atlanta,GA,1
TXN-003554,1176003553,Merchant_misc_pos_12,misc_pos,387.29,2024-09-25 13:56:00,Houston,TX,0
TXN-003555,1937003554,Merchant_kids_pets_37,kids_pets,391.62,2024-09-26 17:42:00,Houston,TX,0
TXN-003556,8593003555,Merchant_shopping_net_49,shopping_net,221.07,2024-09-27 11:10:00,Atlanta,GA,0
TXN-003557,2144003556,Merchant_kids_pets_14,kids_pets,28.54,2024-09-28 14:16:00,Miami,FL,0
TXN-003558,2976003557,Merchant_misc_pos_18,misc_pos,132.4,2024-09-29 12:32:00,Columbus,OH,0
TXN-003559,8463003558,Merchant_travel_9,travel,15.62,2024-09-30 18:19:00,New York,NY,0
TXN-003560,6627003559,Merchant_shopping_pos_40,shopping_pos,253.89,2024-10-01 19:28:00,New York,NY,0
TXN-003561,4376003560,Merchant_personal_care_44,personal_care,229.49,2024-10-02 09:15:00,Seattle,WA,0
TXN-003562,1010003561,Merchant_food_dining_43,food_dining,235.42,2024-10-03 10:05:00,Miami,FL,0
TXN-003563,5094003562,Merchant_personal_care_22,personal_care,264.14,2024-10-04 11:28:00,Columbus,OH,0
TXN-003564,3433003563,Merchant_personal_care_32,personal_care,5.52,2024-10-05 09:28:00,Seattle,WA,0
TXN-003565,2179003564,Merchant_personal_care_45,personal_care,216.15,2024-10-06 15:13:00,Miami,FL,0
TXN-003566,6263003565,Merchant_food_dining_39,food_dining,399.58,2024-10-07 15:53:00,New York,NY,0
TXN-003567,9513003566,Merchant_shopping_pos_10,shopping_pos,13255.23,2024-10-08 22:29:00,New York,NY,1
TXN-003568,7950003567,Merchant_shopping_net_6,shopping_net,136.82,2024-10-09 00:31:00,Columbus,OH,1
TXN-003569,1184003568,Merchant_shopping_net_46,shopping_net,361.54,2024-10-10 08:00:00,Houston,TX,0
TXN-003570,5234003569,Merchant_shopping_net_11,shopping_net,113.85,2024-10-11 15:18:00,Seattle,WA,0
TXN-003571,5469003570,Merchant_misc_pos_39,misc_pos,300.81,2024-10-12 13:51:00,Philadelphia,PA,0
TXN-003572,8144003571,Merchant_shopping_net_35,shopping_net,13924.2,2024-10-13 03:06:00,Philadelphia,PA,1
TXN-003573,9101003572,Merchant_entertainment_12,entertainment,197.65,2024-10-14 17:56:00,Houston,TX,0
TXN-003574,2352003573,Merchant_misc_net_2,misc_net,12142.37,2024-10-15 03:49:00,New York,NY,1
TXN-003575,6418003574,Merchant_shopping_pos_37,shopping_pos,10444.67,2024-10-16 00:05:00,Columbus,OH,1
TXN-003576,4130003575,Merchant_grocery_pos_32,grocery_pos,220.43,2024-10-17 20:28:00,Atlanta,GA,0
TXN-003577,6212003576,Merchant_gas_transport_29,gas_transport,16.22,2024-10-18 15:13:00,Miami,FL,0
TXN-003578,8606003577,Merchant_gas_transport_43,gas_transport,6.71,2024-10-19 19:28:00,Seattle,WA,0
TXN-003579,8620003578,Merchant_shopping_net_17,shopping_net,46.91,2024-10-20 18:12:00,New York,NY,0
TXN-003580,3592003579,Merchant_shopping_pos_4,shopping_pos,4055.6,2024-10-21 04:01:00,Columbus,OH,1
TXN-003581,9376003580,Merchant_misc_net_46,misc_net,294.02,2024-10-22 22:38:00,Columbus,OH,1
TXN-003582,9602003581,Merchant_gas_transport_28,gas_transport,295.75,2024-10-23 17:04:00,Houston,TX,0
TXN-003583,6921003582,Merchant_food_dining_2,food_dining,101.57,2024-10-24 08:31:00,Chicago,IL,0
TXN-003584,8030003583,Merchant_shopping_net_21,shopping_net,49.56,2024-10-25 13:12:00,Miami,FL,0
TXN-003585,6723003584,Merchant_misc_net_47,misc_net,8655.73,2024-10-26 00:14:00,Los Angeles,CA,1
TXN-003586,8999003585,Merchant_food_dining_4,food_dining,14.32,2024-10-27 12:24:00,New York,NY,0
TXN-003587,6227003586,Merchant_misc_net_36,misc_net,799.29,2024-10-28 05:20:00,Charlotte,NC,1
TXN-003588,2520003587,Merchant_travel_43,travel,77.08,2024-10-29 12:43:00,Chicago,IL,0
TXN-003589,3525003588,Merchant_shopping_pos_47,shopping_pos,135.68,2024-10-30 10:58:00,New York,NY,0
TXN-003590,2312003589,Merchant_shopping_pos_16,shopping_pos,6700.89,2024-10-31 04:27:00,Los Angeles,CA,1
TXN-003591,3155003590,Merchant_food_dining_33,food_dining,26.65,2024-11-01 19:43:00,Miami,FL,0
TXN-003592,8209003591,Merchant_kids_pets_32,kids_pets,282.41,2024-11-02 16:48:00,Charlotte,NC,0
TXN-003593,3596003592,Merchant_gas_transport_16,gas_transport,141.96,2024-11-03 13:21:00,Miami,FL,0
TXN-003594,3952003593,Merchant_shopping_net_6,shopping_net,142.71,2024-11-04 15:41:00,Charlotte,NC,0
TXN-003595,3437003594,Merchant_shopping_pos_16,shopping_pos,1378.62,2024-11-05 00:33:00,Chicago,IL,1
TXN-003596,6202003595,Merchant_home_45,home,295.46,2024-11-06 19:29:00,Columbus,OH,0
TXN-003597,8277003596,Merchant_misc_net_18,misc_net,43.34,2024-11-07 16:58:00,Columbus,OH,0
TXN-003598,6627003597,Merchant_shopping_net_45,shopping_net,3854.93,2024-11-08 02:47:00,Los Angeles,CA,1
TXN-003599,4265003598,Merchant_gas_transport_11,gas_transport,61.53,2024-11-09 15:35:00,Los Angeles,CA,0
TXN-003600,9664003599,Merchant_misc_pos_25,misc_pos,88.97,2024-11-10 18:56:00,Charlotte,NC,0
TXN-003601,6569003600,Merchant_shopping_pos_38,shopping_pos,252.56,2024-11-11 11:36:00,Charlotte,NC,0
TXN-003602,7691003601,Merchant_entertainment_2,entertainment,263.87,2024-11-12 14:46:00,New York,NY,0
TXN-003603,6459003602,Merchant_entertainment_28,entertainment,226.2,2024-11-13 16:31:00,Atlanta,GA,0
TXN-003604,2437003603,Merchant_shopping_pos_11,shopping_pos,32.99,2024-11-14 13:48:00,Charlotte,NC,0
TXN-003605,1231003604,Merchant_food_dining_13,food_dining,371.23,2024-11-15 15:17:00,Charlotte,NC,0
TXN-003606,6055003605,Merchant_grocery_pos_33,grocery_pos,104.56,2024-11-16 15:53:00,Houston,TX,0
TXN-003607,7523003606,Merchant_personal_care_15,personal_care,295.5,2024-11-17 17:56:00,Philadelphia,PA,0
TXN-003608,5585003607,Merchant_health_fitness_24,health_fitness,33.68,2024-11-18 18:26:00,Atlanta,GA,0
TXN-003609,1967003608,Merchant_misc_net_4,misc_net,11851.75,2024-11-19 02:15:00,Charlotte,NC,1
TXN-003610,1986003609,Merchant_grocery_pos_46,grocery_pos,14462.18,2024-11-20 01:02:00,New York,NY,1
TXN-003611,6816003610,Merchant_shopping_pos_13,shopping_pos,139.81,2024-11-21 15:48:00,Atlanta,GA,0
TXN-003612,1821003611,Merchant_shopping_pos_45,shopping_pos,639.36,2024-11-22 23:43:00,Los Angeles,CA,1
TXN-003613,4125003612,Merchant_misc_net_5,misc_net,492.18,2024-11-23 04:37:00,Miami,FL,1
TXN-003614,6120003613,Merchant_misc_pos_25,misc_pos,110.63,2024-11-24 15:37:00,Los Angeles,CA,0
TXN-003615,5166003614,Merchant_shopping_pos_17,shopping_pos,12482.65,2024-11-25 00:51:00,Chicago,IL,1
TXN-003616,4907003615,Merchant_shopping_pos_35,shopping_pos,250.52,2024-11-26 14:35:00,Philadelphia,PA,0
TXN-003617,8891003616,Merchant_grocery_pos_14,grocery_pos,14167.01,2024-11-27 04:46:00,Atlanta,GA,1
TXN-003618,7088003617,Merchant_shopping_pos_1,shopping_pos,149.49,2024-11-28 13:43:00,Miami,FL,0
TXN-003619,3169003618,Merchant_food_dining_48,food_dining,78.42,2024-11-29 17:32:00,Chicago,IL,0
TXN-003620,7428003619,Merchant_kids_pets_34,kids_pets,305.47,2024-11-30 09:16:00,Miami,FL,0
TXN-003621,9522003620,Merchant_misc_net_5,misc_net,11581.47,2024-12-01 01:50:00,Columbus,OH,1
TXN-003622,4134003621,Merchant_travel_11,travel,125.21,2024-12-02 10:36:00,Houston,TX,0
TXN-003623,2740003622,Merchant_personal_care_10,personal_care,58.89,2024-12-03 16:31:00,Los Angeles,CA,0
TXN-003624,4495003623,Merchant_shopping_net_23,shopping_net,2825.6,2024-12-04 04:23:00,Seattle,WA,1
TXN-003625,4601003624,Merchant_personal_care_24,personal_care,148.26,2024-12-05 09:48:00,Philadelphia,PA,0
TXN-003626,8933003625,Merchant_grocery_pos_18,grocery_pos,28.63,2024-12-06 09:44:00,Chicago,IL,0
TXN-003627,1843003626,Merchant_shopping_pos_34,shopping_pos,530.9,2024-12-07 05:41:00,Houston,TX,1
TXN-003628,6548003627,Merchant_shopping_pos_3,shopping_pos,352.43,2024-12-08 18:31:00,Los Angeles,CA,0
TXN-003629,3244003628,Merchant_food_dining_3,food_dining,151.74,2024-12-09 15:46:00,Charlotte,NC,0
TXN-003630,7049003629,Merchant_personal_care_46,personal_care,57.82,2024-12-10 14:58:00,Columbus,OH,0
TXN-003631,8157003630,Merchant_shopping_net_38,shopping_net,491.24,2024-12-11 03:43:00,New York,NY,1
TXN-003632,8628003631,Merchant_gas_transport_41,gas_transport,214.22,2024-12-12 15:48:00,Los Angeles,CA,0
TXN-003633,4686003632,Merchant_home_5,home,248.62,2024-12-13 08:14:00,New York,NY,0
TXN-003634,4633003633,Merchant_food_dining_1,food_dining,391.93,2024-12-14 10:50:00,Miami,FL,0
TXN-003635,9978003634,Merchant_shopping_net_42,shopping_net,71.76,2024-12-15 12:39:00,Philadelphia,PA,0
TXN-003636,6091003635,Merchant_health_fitness_5,health_fitness,32.64,2024-12-16 19:32:00,New York,NY,0
TXN-003637,5356003636,Merchant_grocery_pos_4,grocery_pos,287.73,2024-12-17 09:12:00,Philadelphia,PA,0
TXN-003638,9195003637,Merchant_home_10,home,225.03,2024-12-18 09:44:00,Los Angeles,CA,0
TXN-003639,9505003638,Merchant_personal_care_5,personal_care,25.07,2024-12-19 12:48:00,Columbus,OH,0
TXN-003640,5901003639,Merchant_grocery_pos_33,grocery_pos,192.65,2024-12-20 09:58:00,Houston,TX,0
TXN-003641,2018003640,Merchant_misc_pos_44,misc_pos,75.08,2024-12-21 11:08:00,Charlotte,NC,0
TXN-003642,8577003641,Merchant_gas_transport_25,gas_transport,205.71,2024-12-22 08:03:00,Chicago,IL,0
TXN-003643,4713003642,Merchant_shopping_net_20,shopping_net,281.74,2024-12-23 09:36:00,Houston,TX,0
TXN-003644,6446003643,Merchant_grocery_pos_15,grocery_pos,4154.12,2024-12-24 00:22:00,Houston,TX,1
TXN-003645,9265003644,Merchant_entertainment_28,entertainment,268.25,2024-12-25 12:03:00,Philadelphia,PA,0
TXN-003646,2838003645,Merchant_personal_care_8,personal_care,376.24,2024-12-26 11:03:00,Chicago,IL,0
TXN-003647,8333003646,Merchant_health_fitness_30,health_fitness,81.12,2024-12-27 08:22:00,Miami,FL,0
TXN-003648,7387003647,Merchant_food_dining_32,food_dining,388.48,2024-12-28 16:04:00,Columbus,OH,0
TXN-003649,9622003648,Merchant_travel_12,travel,357.51,2024-12-29 13:04:00,Seattle,WA,0
TXN-003650,8431003649,Merchant_gas_transport_26,gas_transport,224.87,2024-12-30 18:50:00,Atlanta,GA,0
TXN-003651,9995003650,Merchant_entertainment_9,entertainment,360.64,2024-01-01 10:11:00,Chicago,IL,0
TXN-003652,2299003651,Merchant_misc_net_18,misc_net,82.38,2024-01-02 16:27:00,Los Angeles,CA,0
TXN-003653,7737003652,Merchant_personal_care_14,personal_care,349.18,2024-01-03 20:39:00,Los Angeles,CA,0
TXN-003654,8988003653,Merchant_shopping_pos_35,shopping_pos,203.84,2024-01-04 20:02:00,Los Angeles,CA,0
TXN-003655,3992003654,Merchant_shopping_pos_1,shopping_pos,434.26,2024-01-05 01:54:00,Seattle,WA,1
TXN-003656,7486003655,Merchant_shopping_pos_28,shopping_pos,1274.41,2024-01-06 03:44:00,Seattle,WA,1
TXN-003657,2816003656,Merchant_kids_pets_23,kids_pets,339.76,2024-01-07 09:08:00,Columbus,OH,0
TXN-003658,4470003657,Merchant_misc_pos_3,misc_pos,238.79,2024-01-08 17:29:00,Philadelphia,PA,0
TXN-003659,4180003658,Merchant_grocery_pos_25,grocery_pos,27.7,2024-01-09 11:43:00,New York,NY,0
TXN-003660,7645003659,Merchant_grocery_pos_16,grocery_pos,58.69,2024-01-10 10:39:00,Charlotte,NC,0
TXN-003661,4063003660,Merchant_misc_pos_48,misc_pos,93.15,2024-01-11 10:10:00,Charlotte,NC,0
TXN-003662,6980003661,Merchant_gas_transport_22,gas_transport,207.92,2024-01-12 14:20:00,Atlanta,GA,0
TXN-003663,4545003662,Merchant_shopping_net_48,shopping_net,195.27,2024-01-13 15:26:00,Seattle,WA,0
TXN-003664,3857003663,Merchant_shopping_pos_24,shopping_pos,285.43,2024-01-14 11:31:00,New York,NY,0
TXN-003665,6704003664,Merchant_travel_8,travel,236.53,2024-01-15 19:45:00,New York,NY,0
TXN-003666,4793003665,Merchant_gas_transport_43,gas_transport,371.78,2024-01-16 14:20:00,Los Angeles,CA,0
TXN-003667,6443003666,Merchant_shopping_net_4,shopping_net,357.74,2024-01-17 13:38:00,Atlanta,GA,0
TXN-003668,8212003667,Merchant_grocery_pos_37,grocery_pos,233.78,2024-01-18 03:27:00,Chicago,IL,1
TXN-003669,1175003668,Merchant_misc_net_7,misc_net,7.27,2024-01-19 11:20:00,New York,NY,0
TXN-003670,5400003669,Merchant_gas_transport_30,gas_transport,226.14,2024-01-20 20:45:00,New York,NY,0
TXN-003671,8154003670,Merchant_shopping_net_41,shopping_net,143.92,2024-01-21 19:07:00,Los Angeles,CA,0
TXN-003672,7970003671,Merchant_entertainment_44,entertainment,193.45,2024-01-22 17:01:00,Atlanta,GA,0
TXN-003673,1157003672,Merchant_home_3,home,84.24,2024-01-23 20:38:00,Atlanta,GA,0
TXN-003674,5899003673,Merchant_kids_pets_7,kids_pets,164.42,2024-01-24 18:29:00,Atlanta,GA,0
TXN-003675,7490003674,Merchant_gas_transport_10,gas_transport,337.51,2024-01-25 10:25:00,New York,NY,0
TXN-003676,9788003675,Merchant_misc_net_40,misc_net,192.72,2024-01-26 20:13:00,Los Angeles,CA,0
TXN-003677,7066003676,Merchant_misc_net_41,misc_net,250.46,2024-01-27 14:21:00,New York,NY,0
TXN-003678,3009003677,Merchant_misc_net_48,misc_net,227.3,2024-01-28 14:50:00,Columbus,OH,0
TXN-003679,1350003678,Merchant_home_47,home,282.29,2024-01-29 12:10:00,Columbus,OH,0
TXN-003680,7240003679,Merchant_grocery_pos_16,grocery_pos,4441.62,2024-01-30 23:32:00,Houston,TX,1
TXN-003681,9915003680,Merchant_home_1,home,384.86,2024-01-31 10:37:00,Los Angeles,CA,0
TXN-003682,1711003681,Merchant_kids_pets_2,kids_pets,163.56,2024-02-01 13:23:00,Miami,FL,0
TXN-003683,9396003682,Merchant_health_fitness_23,health_fitness,69.28,2024-02-02 18:20:00,Philadelphia,PA,0
TXN-003684,5193003683,Merchant_shopping_net_10,shopping_net,562.25,2024-02-03 05:57:00,New York,NY,1
TXN-003685,7510003684,Merchant_kids_pets_32,kids_pets,75.93,2024-02-04 15:05:00,Columbus,OH,0
TXN-003686,5085003685,Merchant_travel_3,travel,354.69,2024-02-05 10:48:00,Chicago,IL,0
TXN-003687,7640003686,Merchant_personal_care_26,personal_care,369.11,2024-02-06 16:32:00,New York,NY,0
TXN-003688,5158003687,Merchant_kids_pets_47,kids_pets,164.06,2024-02-07 15:17:00,Charlotte,NC,0
TXN-003689,3275003688,Merchant_grocery_pos_25,grocery_pos,378.74,2024-02-08 12:08:00,Seattle,WA,0
TXN-003690,4278003689,Merchant_travel_24,travel,312.4,2024-02-09 13:29:00,Atlanta,GA,0
TXN-003691,1282003690,Merchant_shopping_pos_22,shopping_pos,101.01,2024-02-10 19:02:00,Los Angeles,CA,0
TXN-003692,9396003691,Merchant_health_fitness_30,health_fitness,205.76,2024-02-11 16:23:00,Miami,FL,0
TXN-003693,3967003692,Merchant_kids_pets_9,kids_pets,58.56,2024-02-12 13:28:00,Atlanta,GA,0
TXN-003694,3470003693,Merchant_food_dining_35,food_dining,235.34,2024-02-13 13:56:00,Atlanta,GA,0
TXN-003695,4813003694,Merchant_grocery_pos_27,grocery_pos,363.68,2024-02-14 15:41:00,Los Angeles,CA,0
TXN-003696,8211003695,Merchant_gas_transport_5,gas_transport,95.41,2024-02-15 16:51:00,Atlanta,GA,0
TXN-003697,3701003696,Merchant_home_10,home,234.02,2024-02-16 11:12:00,Charlotte,NC,0
TXN-003698,2908003697,Merchant_misc_pos_15,misc_pos,131.27,2024-02-17 08:29:00,Columbus,OH,0
TXN-003699,9768003698,Merchant_misc_pos_34,misc_pos,110.13,2024-02-18 19:09:00,Houston,TX,0
TXN-003700,4521003699,Merchant_entertainment_36,entertainment,92.32,2024-02-19 14:25:00,Charlotte,NC,0
TXN-003701,2079003700,Merchant_misc_pos_41,misc_pos,334.3,2024-02-20 10:11:00,Atlanta,GA,0
TXN-003702,3696003701,Merchant_home_29,home,23.14,2024-02-21 19:31:00,Los Angeles,CA,0
TXN-003703,5610003702,Merchant_home_11,home,275.68,2024-02-22 09:38:00,New York,NY,0
TXN-003704,1366003703,Merchant_travel_7,travel,149.64,2024-02-23 20:54:00,Charlotte,NC,0
TXN-003705,8446003704,Merchant_personal_care_31,personal_care,233.9,2024-02-24 17:34:00,Houston,TX,0
TXN-003706,2539003705,Merchant_food_dining_24,food_dining,296.58,2024-02-25 13:22:00,Los Angeles,CA,0
TXN-003707,2911003706,Merchant_shopping_pos_34,shopping_pos,672.35,2024-02-26 05:06:00,Chicago,IL,1
TXN-003708,8888003707,Merchant_health_fitness_30,health_fitness,345.19,2024-02-27 18:29:00,Seattle,WA,0
TXN-003709,6214003708,Merchant_shopping_net_1,shopping_net,12589.97,2024-02-28 03:56:00,Seattle,WA,1
TXN-003710,5014003709,Merchant_food_dining_39,food_dining,98.25,2024-02-29 16:51:00,Atlanta,GA,0
TXN-003711,2768003710,Merchant_shopping_net_28,shopping_net,267.8,2024-03-01 12:52:00,Charlotte,NC,0
TXN-003712,5917003711,Merchant_grocery_pos_20,grocery_pos,340.25,2024-03-02 13:08:00,Columbus,OH,0
TXN-003713,4958003712,Merchant_grocery_pos_1,grocery_pos,96.85,2024-03-03 19:05:00,Los Angeles,CA,0
TXN-003714,7159003713,Merchant_food_dining_4,food_dining,163.22,2024-03-04 14:35:00,Los Angeles,CA,0
TXN-003715,2248003714,Merchant_entertainment_4,entertainment,210.16,2024-03-05 09:52:00,Los Angeles,CA,0
TXN-003716,1179003715,Merchant_travel_29,travel,332.95,2024-03-06 16:33:00,Miami,FL,0
TXN-003717,7481003716,Merchant_shopping_pos_10,shopping_pos,199.62,2024-03-07 13:33:00,Miami,FL,0
TXN-003718,8068003717,Merchant_travel_22,travel,165.38,2024-03-08 08:29:00,Charlotte,NC,0
TXN-003719,4275003718,Merchant_personal_care_8,personal_care,301.19,2024-03-09 14:40:00,Miami,FL,0
TXN-003720,1820003719,Merchant_shopping_net_49,shopping_net,35.55,2024-03-10 19:28:00,Los Angeles,CA,0
TXN-003721,6745003720,Merchant_gas_transport_33,gas_transport,190.98,2024-03-11 14:01:00,Philadelphia,PA,0
TXN-003722,7741003721,Merchant_shopping_pos_7,shopping_pos,94.28,2024-03-12 10:40:00,Houston,TX,0
TXN-003723,6765003722,Merchant_kids_pets_21,kids_pets,292.28,2024-03-13 11:13:00,Charlotte,NC,0
TXN-003724,8914003723,Merchant_kids_pets_35,kids_pets,285.9,2024-03-14 09:15:00,Columbus,OH,0
TXN-003725,5856003724,Merchant_travel_39,travel,8.5,2024-03-15 18:03:00,Philadelphia,PA,0
TXN-003726,3612003725,Merchant_food_dining_1,food_dining,241.5,2024-03-16 19:37:00,Philadelphia,PA,0
TXN-003727,7940003726,Merchant_food_dining_8,food_dining,275.55,2024-03-17 10:29:00,New York,NY,0
TXN-003728,4053003727,Merchant_gas_transport_31,gas_transport,362.76,2024-03-18 19:38:00,Atlanta,GA,0
TXN-003729,1850003728,Merchant_travel_5,travel,45.1,2024-03-19 15:38:00,Chicago,IL,0
TXN-003730,2371003729,Merchant_grocery_pos_26,grocery_pos,371.22,2024-03-20 08:29:00,Atlanta,GA,0
TXN-003731,3922003730,Merchant_shopping_pos_45,shopping_pos,176.06,2024-03-21 14:31:00,Columbus,OH,0
TXN-003732,4420003731,Merchant_grocery_pos_13,grocery_pos,6.1,2024-03-22 14:40:00,Seattle,WA,0
TXN-003733,7307003732,Merchant_food_dining_32,food_dining,322.31,2024-03-23 14:32:00,Miami,FL,0
TXN-003734,2268003733,Merchant_shopping_pos_22,shopping_pos,153.64,2024-03-24 19:42:00,Charlotte,NC,0
TXN-003735,2928003734,Merchant_misc_net_38,misc_net,385.41,2024-03-25 13:06:00,Atlanta,GA,0
TXN-003736,9548003735,Merchant_gas_transport_7,gas_transport,378.01,2024-03-26 10:57:00,Philadelphia,PA,0
TXN-003737,4867003736,Merchant_kids_pets_41,kids_pets,308.93,2024-03-27 09:10:00,Houston,TX,0
TXN-003738,9714003737,Merchant_entertainment_27,entertainment,201.98,2024-03-28 14:22:00,Philadelphia,PA,0
TXN-003739,1051003738,Merchant_travel_6,travel,310.36,2024-03-29 10:49:00,Miami,FL,0
TXN-003740,7782003739,Merchant_kids_pets_29,kids_pets,262.81,2024-03-30 16:22:00,Chicago,IL,0
TXN-003741,3283003740,Merchant_shopping_net_4,shopping_net,11116.09,2024-03-31 05:43:00,Philadelphia,PA,1
TXN-003742,4756003741,Merchant_gas_transport_41,gas_transport,190.02,2024-04-01 20:00:00,Miami,FL,0
TXN-003743,6342003742,Merchant_kids_pets_1,kids_pets,160.65,2024-04-02 14:05:00,Houston,TX,0
TXN-003744,9351003743,Merchant_kids_pets_38,kids_pets,99.78,2024-04-03 12:03:00,Charlotte,NC,0
TXN-003745,9658003744,Merchant_misc_pos_45,misc_pos,201.02,2024-04-04 20:10:00,Charlotte,NC,0
TXN-003746,9251003745,Merchant_gas_transport_4,gas_transport,158.01,2024-04-05 13:23:00,Miami,FL,0
TXN-003747,4714003746,Merchant_misc_net_17,misc_net,306.19,2024-04-06 16:11:00,Miami,FL,0
TXN-003748,9699003747,Merchant_entertainment_21,entertainment,37.9,2024-04-07 13:01:00,Houston,TX,0
TXN-003749,2031003748,Merchant_misc_pos_19,misc_pos,200.24,2024-04-08 10:21:00,Los Angeles,CA,0
TXN-003750,7908003749,Merchant_kids_pets_46,kids_pets,159.4,2024-04-09 16:36:00,Seattle,WA,0
TXN-003751,1096003750,Merchant_entertainment_28,entertainment,56.14,2024-04-10 14:09:00,Houston,TX,0
TXN-003752,4071003751,Merchant_grocery_pos_3,grocery_pos,12513.45,2024-04-11 01:08:00,Philadelphia,PA,1
TXN-003753,8923003752,Merchant_home_27,home,99.81,2024-04-12 14:43:00,New York,NY,0
TXN-003754,1799003753,Merchant_health_fitness_12,health_fitness,302.41,2024-04-13 20:58:00,Atlanta,GA,0
TXN-003755,3064003754,Merchant_entertainment_15,entertainment,396.25,2024-04-14 13:05:00,Seattle,WA,0
TXN-003756,7958003755,Merchant_gas_transport_21,gas_transport,375.73,2024-04-15 16:44:00,Atlanta,GA,0
TXN-003757,9358003756,Merchant_gas_transport_19,gas_transport,205.15,2024-04-16 15:17:00,New York,NY,0
TXN-003758,4879003757,Merchant_shopping_net_49,shopping_net,361.0,2024-04-17 13:55:00,Chicago,IL,0
TXN-003759,5955003758,Merchant_shopping_pos_14,shopping_pos,366.71,2024-04-18 17:19:00,Atlanta,GA,0
TXN-003760,8282003759,Merchant_personal_care_9,personal_care,25.14,2024-04-19 12:12:00,Miami,FL,0
TXN-003761,9281003760,Merchant_shopping_net_31,shopping_net,708.06,2024-04-20 22:49:00,Philadelphia,PA,1
TXN-003762,8872003761,Merchant_shopping_net_25,shopping_net,14660.43,2024-04-21 05:21:00,Seattle,WA,1
TXN-003763,5938003762,Merchant_grocery_pos_46,grocery_pos,392.54,2024-04-22 09:26:00,Miami,FL,0
TXN-003764,6827003763,Merchant_entertainment_36,entertainment,305.33,2024-04-23 19:37:00,Los Angeles,CA,0
TXN-003765,3490003764,Merchant_food_dining_34,food_dining,15.68,2024-04-24 12:50:00,New York,NY,0
TXN-003766,2871003765,Merchant_misc_net_32,misc_net,534.03,2024-04-25 23:49:00,Chicago,IL,1
TXN-003767,2275003766,Merchant_kids_pets_12,kids_pets,117.04,2024-04-26 16:53:00,Chicago,IL,0
TXN-003768,6353003767,Merchant_entertainment_14,entertainment,256.96,2024-04-27 09:49:00,Philadelphia,PA,0
TXN-003769,2230003768,Merchant_personal_care_18,personal_care,129.36,2024-04-28 19:29:00,Columbus,OH,0
TXN-003770,4243003769,Merchant_health_fitness_38,health_fitness,395.33,2024-04-29 18:45:00,New York,NY,0
TXN-003771,4818003770,Merchant_misc_net_13,misc_net,13717.99,2024-04-30 04:14:00,Seattle,WA,1
TXN-003772,7868003771,Merchant_misc_net_12,misc_net,51.75,2024-05-01 09:13:00,Chicago,IL,0
TXN-003773,1600003772,Merchant_grocery_pos_44,grocery_pos,1363.78,2024-05-02 04:46:00,New York,NY,1
TXN-003774,4595003773,Merchant_shopping_pos_21,shopping_pos,367.86,2024-05-03 15:22:00,Atlanta,GA,0
TXN-003775,9006003774,Merchant_food_dining_30,food_dining,219.09,2024-05-04 16:16:00,Seattle,WA,0
TXN-003776,7097003775,Merchant_entertainment_16,entertainment,83.74,2024-05-05 18:55:00,Los Angeles,CA,0
TXN-003777,6308003776,Merchant_misc_net_1,misc_net,372.45,2024-05-06 19:34:00,Chicago,IL,0
TXN-003778,6991003777,Merchant_shopping_pos_37,shopping_pos,225.5,2024-05-07 10:07:00,Columbus,OH,0
TXN-003779,9201003778,Merchant_shopping_pos_23,shopping_pos,3825.23,2024-05-08 02:56:00,Miami,FL,1
TXN-003780,6653003779,Merchant_misc_net_19,misc_net,457.47,2024-05-09 03:38:00,Miami,FL,1
TXN-003781,1847003780,Merchant_misc_net_35,misc_net,218.52,2024-05-10 19:55:00,New York,NY,0
TXN-003782,3443003781,Merchant_health_fitness_27,health_fitness,228.32,2024-05-11 20:21:00,Houston,TX,0
TXN-003783,1877003782,Merchant_health_fitness_46,health_fitness,52.76,2024-05-12 19:28:00,Charlotte,NC,0
TXN-003784,5598003783,Merchant_travel_30,travel,251.83,2024-05-13 14:31:00,Atlanta,GA,0
TXN-003785,9911003784,Merchant_health_fitness_32,health_fitness,108.81,2024-05-14 20:14:00,New York,NY,0
TXN-003786,2670003785,Merchant_misc_pos_13,misc_pos,51.82,2024-05-15 08:01:00,Chicago,IL,0
TXN-003787,8787003786,Merchant_entertainment_42,entertainment,178.1,2024-05-16 09:32:00,New York,NY,0
TXN-003788,1066003787,Merchant_shopping_pos_43,shopping_pos,299.18,2024-05-17 18:58:00,Chicago,IL,0
TXN-003789,7584003788,Merchant_kids_pets_31,kids_pets,161.62,2024-05-18 19:11:00,New York,NY,0
TXN-003790,5638003789,Merchant_shopping_pos_42,shopping_pos,75.12,2024-05-19 17:53:00,Atlanta,GA,0
TXN-003791,7434003790,Merchant_shopping_pos_33,shopping_pos,108.9,2024-05-20 20:52:00,Seattle,WA,0
TXN-003792,4488003791,Merchant_travel_22,travel,147.45,2024-05-21 20:02:00,Atlanta,GA,0
TXN-003793,5375003792,Merchant_shopping_net_44,shopping_net,6869.63,2024-05-22 03:50:00,Chicago,IL,1
TXN-003794,9030003793,Merchant_gas_transport_37,gas_transport,395.4,2024-05-23 10:44:00,Houston,TX,0
TXN-003795,7182003794,Merchant_health_fitness_4,health_fitness,384.42,2024-05-24 15:35:00,Houston,TX,0
TXN-003796,3028003795,Merchant_kids_pets_16,kids_pets,68.81,2024-05-25 20:17:00,Houston,TX,0
TXN-003797,4340003796,Merchant_travel_44,travel,170.85,2024-05-26 19:45:00,Chicago,IL,0
TXN-003798,4096003797,Merchant_shopping_net_45,shopping_net,253.98,2024-05-27 17:28:00,Chicago,IL,0
TXN-003799,3065003798,Merchant_misc_net_5,misc_net,2331.8,2024-05-28 03:43:00,Atlanta,GA,1
TXN-003800,4771003799,Merchant_misc_net_3,misc_net,313.82,2024-05-29 14:04:00,Los Angeles,CA,0
TXN-003801,2415003800,Merchant_kids_pets_16,kids_pets,261.95,2024-05-30 12:31:00,Houston,TX,0
TXN-003802,6864003801,Merchant_shopping_net_16,shopping_net,87.21,2024-05-31 12:58:00,Philadelphia,PA,0
TXN-003803,6365003802,Merchant_misc_pos_32,misc_pos,181.89,2024-06-01 09:39:00,Charlotte,NC,0
TXN-003804,7118003803,Merchant_misc_net_49,misc_net,14171.52,2024-06-02 04:24:00,Charlotte,NC,1
TXN-003805,3498003804,Merchant_shopping_pos_5,shopping_pos,92.44,2024-06-03 02:32:00,Miami,FL,1
TXN-003806,7322003805,Merchant_shopping_pos_36,shopping_pos,150.84,2024-06-04 09:57:00,New York,NY,0
TXN-003807,2950003806,Merchant_shopping_net_37,shopping_net,7874.01,2024-06-05 23:00:00,New York,NY,1
TXN-003808,3711003807,Merchant_home_11,home,206.48,2024-06-06 14:32:00,New York,NY,0
TXN-003809,5833003808,Merchant_health_fitness_24,health_fitness,391.93,2024-06-07 11:04:00,Charlotte,NC,0
TXN-003810,2636003809,Merchant_shopping_net_3,shopping_net,8.08,2024-06-08 15:11:00,Philadelphia,PA,0
TXN-003811,2577003810,Merchant_home_18,home,386.56,2024-06-09 12:38:00,Philadelphia,PA,0
TXN-003812,3865003811,Merchant_shopping_net_21,shopping_net,7476.08,2024-06-10 02:25:00,Columbus,OH,1
TXN-003813,9616003812,Merchant_misc_pos_16,misc_pos,201.04,2024-06-11 16:10:00,Miami,FL,0
TXN-003814,8259003813,Merchant_grocery_pos_47,grocery_pos,4546.75,2024-06-12 00:17:00,Chicago,IL,1
TXN-003815,8799003814,Merchant_home_49,home,340.44,2024-06-13 19:18:00,Philadelphia,PA,0
TXN-003816,1467003815,Merchant_home_32,home,61.25,2024-06-14 17:38:00,Philadelphia,PA,0
TXN-003817,3723003816,Merchant_entertainment_4,entertainment,200.55,2024-06-15 12:44:00,Seattle,WA,0
TXN-003818,9746003817,Merchant_food_dining_18,food_dining,290.37,2024-06-16 17:27:00,Philadelphia,PA,0
TXN-003819,7670003818,Merchant_grocery_pos_25,grocery_pos,315.36,2024-06-17 13:07:00,Miami,FL,0
TXN-003820,3551003819,Merchant_health_fitness_39,health_fitness,310.58,2024-06-18 20:20:00,Chicago,IL,0
TXN-003821,7443003820,Merchant_misc_net_25,misc_net,387.43,2024-06-19 08:58:00,Philadelphia,PA,0
TXN-003822,7621003821,Merchant_gas_transport_18,gas_transport,318.33,2024-06-20 18:11:00,Miami,FL,0
TXN-003823,9226003822,Merchant_travel_8,travel,372.14,2024-06-21 17:46:00,Columbus,OH,0
TXN-003824,1348003823,Merchant_personal_care_38,personal_care,17.23,2024-06-22 12:01:00,Chicago,IL,0
TXN-003825,8627003824,Merchant_home_12,home,334.82,2024-06-23 13:02:00,Houston,TX,0
TXN-003826,5558003825,Merchant_kids_pets_1,kids_pets,124.14,2024-06-24 13:55:00,Houston,TX,0
TXN-003827,2258003826,Merchant_home_26,home,256.42,2024-06-25 18:27:00,Atlanta,GA,0
TXN-003828,5843003827,Merchant_entertainment_12,entertainment,224.39,2024-06-26 12:02:00,Chicago,IL,0
TXN-003829,1904003828,Merchant_shopping_pos_25,shopping_pos,373.21,2024-06-27 18:55:00,Miami,FL,0
TXN-003830,3667003829,Merchant_misc_net_6,misc_net,159.9,2024-06-28 10:25:00,Columbus,OH,0
TXN-003831,1594003830,Merchant_food_dining_48,food_dining,21.08,2024-06-29 13:26:00,Los Angeles,CA,0
TXN-003832,8415003831,Merchant_entertainment_29,entertainment,45.52,2024-06-30 18:27:00,Los Angeles,CA,0
TXN-003833,1906003832,Merchant_travel_35,travel,127.14,2024-07-01 11:57:00,Charlotte,NC,0
TXN-003834,8517003833,Merchant_home_48,home,145.34,2024-07-02 08:01:00,Atlanta,GA,0
TXN-003835,1278003834,Merchant_kids_pets_3,kids_pets,29.33,2024-07-03 19:13:00,Seattle,WA,0
TXN-003836,2843003835,Merchant_entertainment_30,entertainment,307.68,2024-07-04 10:34:00,Los Angeles,CA,0
TXN-003837,8873003836,Merchant_shopping_net_14,shopping_net,356.13,2024-07-05 11:07:00,Seattle,WA,0
TXN-003838,4429003837,Merchant_health_fitness_25,health_fitness,69.79,2024-07-06 16:26:00,Chicago,IL,0
TXN-003839,2279003838,Merchant_grocery_pos_29,grocery_pos,11809.0,2024-07-07 01:42:00,Seattle,WA,1
TXN-003840,1464003839,Merchant_shopping_pos_40,shopping_pos,12027.58,2024-07-08 05:54:00,Los Angeles,CA,1
TXN-003841,7465003840,Merchant_food_dining_39,food_dining,10.84,2024-07-09 12:11:00,Seattle,WA,0
TXN-003842,8034003841,Merchant_shopping_pos_33,shopping_pos,138.62,2024-07-10 09:02:00,Seattle,WA,0
TXN-003843,7245003842,Merchant_entertainment_23,entertainment,257.91,2024-07-11 17:33:00,Houston,TX,0
TXN-003844,4146003843,Merchant_entertainment_44,entertainment,258.3,2024-07-12 16:51:00,Los Angeles,CA,0
TXN-003845,1409003844,Merchant_home_11,home,179.52,2024-07-13 08:51:00,Charlotte,NC,0
TXN-003846,2608003845,Merchant_shopping_pos_47,shopping_pos,188.31,2024-07-14 14:37:00,Columbus,OH,0
TXN-003847,6035003846,Merchant_home_35,home,283.16,2024-07-15 18:07:00,Atlanta,GA,0
TXN-003848,3358003847,Merchant_food_dining_35,food_dining,118.44,2024-07-16 20:40:00,Columbus,OH,0
TXN-003849,2848003848,Merchant_food_dining_43,food_dining,220.05,2024-07-17 10:40:00,Atlanta,GA,0
TXN-003850,5417003849,Merchant_gas_transport_13,gas_transport,125.2,2024-07-18 19:32:00,New York,NY,0
TXN-003851,7645003850,Merchant_entertainment_28,entertainment,126.52,2024-07-19 14:12:00,Chicago,IL,0
TXN-003852,6452003851,Merchant_misc_net_23,misc_net,305.52,2024-07-20 16:43:00,Philadelphia,PA,0
TXN-003853,7448003852,Merchant_food_dining_38,food_dining,182.32,2024-07-21 13:35:00,Houston,TX,0
TXN-003854,2472003853,Merchant_grocery_pos_14,grocery_pos,177.72,2024-07-22 12:21:00,Charlotte,NC,0
TXN-003855,2293003854,Merchant_misc_net_20,misc_net,792.88,2024-07-23 23:08:00,Los Angeles,CA,1
TXN-003856,3901003855,Merchant_misc_net_13,misc_net,267.99,2024-07-24 03:14:00,Miami,FL,1
TXN-003857,3374003856,Merchant_travel_43,travel,74.82,2024-07-25 17:29:00,Miami,FL,0
TXN-003858,9470003857,Merchant_health_fitness_27,health_fitness,135.93,2024-07-26 09:21:00,Atlanta,GA,0
TXN-003859,5154003858,Merchant_health_fitness_21,health_fitness,312.05,2024-07-27 12:08:00,New York,NY,0
TXN-003860,8783003859,Merchant_misc_net_18,misc_net,888.88,2024-07-28 03:50:00,Houston,TX,1
TXN-003861,9160003860,Merchant_gas_transport_6,gas_transport,143.7,2024-07-29 14:14:00,Atlanta,GA,0
TXN-003862,9426003861,Merchant_personal_care_16,personal_care,391.19,2024-07-30 12:48:00,Houston,TX,0
TXN-003863,8308003862,Merchant_travel_5,travel,139.54,2024-07-31 11:00:00,Philadelphia,PA,0
TXN-003864,2850003863,Merchant_shopping_pos_32,shopping_pos,2372.69,2024-08-01 01:14:00,Philadelphia,PA,1
TXN-003865,7654003864,Merchant_kids_pets_6,kids_pets,299.62,2024-08-02 14:45:00,Miami,FL,0
TXN-003866,4737003865,Merchant_shopping_pos_39,shopping_pos,112.48,2024-08-03 15:57:00,Seattle,WA,0
TXN-003867,6389003866,Merchant_grocery_pos_8,grocery_pos,292.42,2024-08-04 01:10:00,Miami,FL,1
TXN-003868,1196003867,Merchant_shopping_net_8,shopping_net,569.34,2024-08-05 01:26:00,Miami,FL,1
TXN-003869,1059003868,Merchant_entertainment_3,entertainment,143.36,2024-08-06 20:51:00,Atlanta,GA,0
TXN-003870,8355003869,Merchant_personal_care_30,personal_care,241.92,2024-08-07 19:20:00,Houston,TX,0
TXN-003871,6896003870,Merchant_shopping_pos_40,shopping_pos,144.9,2024-08-08 13:33:00,New York,NY,0
TXN-003872,3500003871,Merchant_travel_4,travel,224.7,2024-08-09 13:34:00,Houston,TX,0
TXN-003873,8031003872,Merchant_health_fitness_2,health_fitness,37.47,2024-08-10 12:56:00,Charlotte,NC,0
TXN-003874,3337003873,Merchant_gas_transport_32,gas_transport,390.12,2024-08-11 12:25:00,Houston,TX,0
TXN-003875,7244003874,Merchant_shopping_pos_48,shopping_pos,125.69,2024-08-12 14:07:00,Miami,FL,0
TXN-003876,7702003875,Merchant_shopping_net_45,shopping_net,5820.45,2024-08-13 04:01:00,Atlanta,GA,1
TXN-003877,3423003876,Merchant_grocery_pos_40,grocery_pos,11137.55,2024-08-14 01:40:00,New York,NY,1
TXN-003878,2056003877,Merchant_misc_net_9,misc_net,295.41,2024-08-15 16:37:00,Houston,TX,0
TXN-003879,7982003878,Merchant_shopping_pos_9,shopping_pos,165.49,2024-08-16 12:27:00,New York,NY,0
TXN-003880,3868003879,Merchant_food_dining_20,food_dining,182.58,2024-08-17 15:53:00,Charlotte,NC,0
TXN-003881,3163003880,Merchant_food_dining_40,food_dining,12.99,2024-08-18 08:58:00,Charlotte,NC,0
TXN-003882,6424003881,Merchant_misc_net_21,misc_net,52.24,2024-08-19 09:21:00,Columbus,OH,0
TXN-003883,6344003882,Merchant_misc_pos_26,misc_pos,22.68,2024-08-20 15:25:00,Houston,TX,0
TXN-003884,9906003883,Merchant_home_19,home,154.0,2024-08-21 09:38:00,Atlanta,GA,0
TXN-003885,4128003884,Merchant_gas_transport_8,gas_transport,18.5,2024-08-22 14:23:00,Atlanta,GA,0
TXN-003886,9679003885,Merchant_shopping_net_32,shopping_net,93.72,2024-08-23 16:22:00,Philadelphia,PA,0
TXN-003887,7085003886,Merchant_misc_net_35,misc_net,455.42,2024-08-24 03:28:00,New York,NY,1
TXN-003888,9116003887,Merchant_shopping_pos_32,shopping_pos,371.63,2024-08-25 13:28:00,Columbus,OH,0
TXN-003889,3810003888,Merchant_misc_pos_4,misc_pos,36.58,2024-08-26 09:12:00,New York,NY,0
TXN-003890,3444003889,Merchant_food_dining_31,food_dining,242.63,2024-08-27 15:29:00,Seattle,WA,0
TXN-003891,8486003890,Merchant_grocery_pos_4,grocery_pos,12160.89,2024-08-28 05:31:00,Philadelphia,PA,1
TXN-003892,2936003891,Merchant_misc_net_14,misc_net,96.86,2024-08-29 09:01:00,Los Angeles,CA,0
TXN-003893,8527003892,Merchant_misc_net_13,misc_net,143.69,2024-08-30 19:56:00,New York,NY,0
TXN-003894,9129003893,Merchant_travel_33,travel,185.6,2024-08-31 14:21:00,Philadelphia,PA,0
TXN-003895,4818003894,Merchant_travel_3,travel,299.22,2024-09-01 13:20:00,Los Angeles,CA,0
TXN-003896,2873003895,Merchant_entertainment_27,entertainment,25.97,2024-09-02 09:49:00,Atlanta,GA,0
TXN-003897,5086003896,Merchant_shopping_net_43,shopping_net,152.59,2024-09-03 17:54:00,Seattle,WA,0
TXN-003898,8230003897,Merchant_misc_pos_18,misc_pos,251.1,2024-09-04 09:41:00,Miami,FL,0
TXN-003899,1147003898,Merchant_home_29,home,393.92,2024-09-05 16:06:00,Philadelphia,PA,0
TXN-003900,7177003899,Merchant_grocery_pos_18,grocery_pos,4362.92,2024-09-06 00:20:00,Philadelphia,PA,1
TXN-003901,9255003900,Merchant_kids_pets_14,kids_pets,45.46,2024-09-07 18:09:00,Miami,FL,0
TXN-003902,4460003901,Merchant_kids_pets_5,kids_pets,276.92,2024-09-08 08:21:00,Los Angeles,CA,0
TXN-003903,9435003902,Merchant_grocery_pos_20,grocery_pos,752.81,2024-09-09 23:36:00,New York,NY,1
TXN-003904,6712003903,Merchant_personal_care_2,personal_care,206.29,2024-09-10 14:52:00,New York,NY,0
TXN-003905,6302003904,Merchant_food_dining_43,food_dining,219.7,2024-09-11 15:32:00,Charlotte,NC,0
TXN-003906,2762003905,Merchant_shopping_net_42,shopping_net,246.37,2024-09-12 19:16:00,Seattle,WA,0
TXN-003907,2486003906,Merchant_home_3,home,90.3,2024-09-13 19:40:00,Atlanta,GA,0
TXN-003908,1900003907,Merchant_health_fitness_40,health_fitness,89.3,2024-09-14 20:58:00,Houston,TX,0
TXN-003909,1546003908,Merchant_travel_10,travel,331.74,2024-09-15 15:01:00,Philadelphia,PA,0
TXN-003910,4095003909,Merchant_shopping_pos_10,shopping_pos,371.52,2024-09-16 03:11:00,Columbus,OH,1
TXN-003911,8586003910,Merchant_shopping_pos_41,shopping_pos,9705.86,2024-09-17 01:39:00,Columbus,OH,1
TXN-003912,7732003911,Merchant_shopping_net_25,shopping_net,372.42,2024-09-18 19:56:00,Chicago,IL,0
TXN-003913,5681003912,Merchant_food_dining_4,food_dining,332.43,2024-09-19 11:44:00,Atlanta,GA,0
TXN-003914,3710003913,Merchant_food_dining_4,food_dining,157.38,2024-09-20 11:26:00,Seattle,WA,0
TXN-003915,5363003914,Merchant_kids_pets_42,kids_pets,313.63,2024-09-21 14:06:00,Miami,FL,0
TXN-003916,8700003915,Merchant_gas_transport_24,gas_transport,39.52,2024-09-22 11:33:00,Seattle,WA,0
TXN-003917,7872003916,Merchant_misc_net_14,misc_net,179.56,2024-09-23 13:23:00,Miami,FL,0
TXN-003918,6690003917,Merchant_gas_transport_22,gas_transport,206.9,2024-09-24 19:14:00,Charlotte,NC,0
TXN-003919,6110003918,Merchant_misc_net_36,misc_net,374.35,2024-09-25 11:01:00,Columbus,OH,0
TXN-003920,6731003919,Merchant_entertainment_15,entertainment,50.11,2024-09-26 17:30:00,Columbus,OH,0
TXN-003921,7138003920,Merchant_personal_care_49,personal_care,182.77,2024-09-27 12:28:00,Columbus,OH,0
TXN-003922,8858003921,Merchant_travel_32,travel,143.0,2024-09-28 18:00:00,Chicago,IL,0
TXN-003923,2361003922,Merchant_misc_pos_40,misc_pos,227.34,2024-09-29 10:03:00,Charlotte,NC,0
TXN-003924,1103003923,Merchant_shopping_net_5,shopping_net,358.69,2024-09-30 11:17:00,Houston,TX,0
TXN-003925,1825003924,Merchant_shopping_net_30,shopping_net,10589.03,2024-10-01 05:02:00,Seattle,WA,1
TXN-003926,5996003925,Merchant_shopping_pos_15,shopping_pos,364.24,2024-10-02 16:15:00,Los Angeles,CA,0
TXN-003927,7413003926,Merchant_shopping_pos_7,shopping_pos,318.46,2024-10-03 12:41:00,Houston,TX,0
TXN-003928,6981003927,Merchant_travel_49,travel,267.95,2024-10-04 09:01:00,Seattle,WA,0
TXN-003929,4611003928,Merchant_grocery_pos_37,grocery_pos,129.94,2024-10-05 17:44:00,Chicago,IL,0
TXN-003930,9880003929,Merchant_shopping_net_27,shopping_net,7873.32,2024-10-06 05:04:00,Charlotte,NC,1
TXN-003931,7838003930,Merchant_kids_pets_19,kids_pets,162.19,2024-10-07 10:48:00,Atlanta,GA,0
TXN-003932,6888003931,Merchant_misc_pos_32,misc_pos,386.85,2024-10-08 17:30:00,Chicago,IL,0
TXN-003933,1807003932,Merchant_misc_net_8,misc_net,162.07,2024-10-09 12:40:00,Chicago,IL,0
TXN-003934,5910003933,Merchant_gas_transport_1,gas_transport,55.82,2024-10-10 20:12:00,Atlanta,GA,0
TXN-003935,3636003934,Merchant_food_dining_4,food_dining,58.02,2024-10-11 13:17:00,Columbus,OH,0
TXN-003936,9692003935,Merchant_food_dining_6,food_dining,17.34,2024-10-12 16:01:00,Houston,TX,0
TXN-003937,3956003936,Merchant_shopping_net_37,shopping_net,701.27,2024-10-13 05:04:00,Seattle,WA,1
TXN-003938,8279003937,Merchant_home_35,home,125.91,2024-10-14 08:47:00,Seattle,WA,0
TXN-003939,7471003938,Merchant_shopping_net_12,shopping_net,99.23,2024-10-15 16:54:00,Los Angeles,CA,0
TXN-003940,5865003939,Merchant_home_3,home,298.43,2024-10-16 17:57:00,Charlotte,NC,0
TXN-003941,2128003940,Merchant_entertainment_40,entertainment,258.34,2024-10-17 18:46:00,Seattle,WA,0
TXN-003942,7344003941,Merchant_food_dining_8,food_dining,132.89,2024-10-18 18:11:00,Houston,TX,0
TXN-003943,2454003942,Merchant_food_dining_39,food_dining,137.69,2024-10-19 16:29:00,Atlanta,GA,0
TXN-003944,8543003943,Merchant_kids_pets_30,kids_pets,340.36,2024-10-20 17:42:00,Atlanta,GA,0
TXN-003945,7790003944,Merchant_shopping_pos_26,shopping_pos,287.16,2024-10-21 23:17:00,Charlotte,NC,1
TXN-003946,3784003945,Merchant_shopping_pos_12,shopping_pos,294.34,2024-10-22 13:55:00,Los Angeles,CA,0
TXN-003947,6407003946,Merchant_gas_transport_49,gas_transport,243.38,2024-10-23 08:47:00,Chicago,IL,0
TXN-003948,8298003947,Merchant_personal_care_33,personal_care,110.93,2024-10-24 16:19:00,New York,NY,0
TXN-003949,6499003948,Merchant_home_20,home,306.14,2024-10-25 14:17:00,Seattle,WA,0
TXN-003950,6174003949,Merchant_home_32,home,273.45,2024-10-26 13:00:00,Seattle,WA,0
TXN-003951,1773003950,Merchant_misc_net_30,misc_net,261.18,2024-10-27 14:55:00,Chicago,IL,0
TXN-003952,3022003951,Merchant_shopping_pos_20,shopping_pos,137.36,2024-10-28 19:14:00,Charlotte,NC,0
TXN-003953,9960003952,Merchant_health_fitness_12,health_fitness,96.33,2024-10-29 18:58:00,Seattle,WA,0
TXN-003954,1376003953,Merchant_grocery_pos_31,grocery_pos,96.55,2024-10-30 03:36:00,Chicago,IL,1
TXN-003955,3943003954,Merchant_travel_17,travel,6.99,2024-10-31 09:23:00,Los Angeles,CA,0
TXN-003956,3096003955,Merchant_gas_transport_24,gas_transport,174.89,2024-11-01 12:47:00,Houston,TX,0
TXN-003957,2639003956,Merchant_grocery_pos_8,grocery_pos,33.11,2024-11-02 08:01:00,Philadelphia,PA,0
TXN-003958,4285003957,Merchant_misc_net_20,misc_net,63.46,2024-11-03 12:36:00,Chicago,IL,0
TXN-003959,2515003958,Merchant_home_40,home,108.33,2024-11-04 19:14:00,Charlotte,NC,0
TXN-003960,8089003959,Merchant_shopping_pos_27,shopping_pos,1185.18,2024-11-05 23:53:00,Seattle,WA,1
TXN-003961,6257003960,Merchant_misc_net_15,misc_net,14105.45,2024-11-06 23:50:00,Seattle,WA,1
TXN-003962,8995003961,Merchant_kids_pets_9,kids_pets,166.76,2024-11-07 16:41:00,Chicago,IL,0
TXN-003963,1085003962,Merchant_shopping_net_16,shopping_net,133.59,2024-11-08 15:20:00,Seattle,WA,0
TXN-003964,8306003963,Merchant_health_fitness_10,health_fitness,212.55,2024-11-09 15:17:00,Los Angeles,CA,0
TXN-003965,1137003964,Merchant_shopping_pos_36,shopping_pos,327.08,2024-11-10 10:12:00,Los Angeles,CA,0
TXN-003966,3983003965,Merchant_misc_net_24,misc_net,161.76,2024-11-11 15:06:00,Chicago,IL,0
TXN-003967,2650003966,Merchant_entertainment_28,entertainment,93.32,2024-11-12 13:18:00,Seattle,WA,0
TXN-003968,7632003967,Merchant_shopping_net_3,shopping_net,94.96,2024-11-13 18:25:00,Seattle,WA,0
TXN-003969,8928003968,Merchant_gas_transport_34,gas_transport,18.19,2024-11-14 17:06:00,Chicago,IL,0
TXN-003970,6242003969,Merchant_misc_net_37,misc_net,12233.27,2024-11-15 04:03:00,Houston,TX,1
TXN-003971,1650003970,Merchant_shopping_pos_39,shopping_pos,75.77,2024-11-16 20:42:00,Columbus,OH,0
TXN-003972,6473003971,Merchant_entertainment_18,entertainment,121.11,2024-11-17 17:07:00,Atlanta,GA,0
TXN-003973,2278003972,Merchant_grocery_pos_2,grocery_pos,13452.11,2024-11-18 03:20:00,Los Angeles,CA,1
TXN-003974,8042003973,Merchant_travel_17,travel,268.8,2024-11-19 10:37:00,Chicago,IL,0
TXN-003975,8938003974,Merchant_misc_net_30,misc_net,96.3,2024-11-20 18:54:00,Columbus,OH,0
TXN-003976,1616003975,Merchant_shopping_net_10,shopping_net,330.17,2024-11-21 15:13:00,Columbus,OH,0
TXN-003977,6192003976,Merchant_food_dining_35,food_dining,212.32,2024-11-22 12:08:00,Houston,TX,0
TXN-003978,4253003977,Merchant_grocery_pos_1,grocery_pos,10149.55,2024-11-23 00:44:00,Charlotte,NC,1
TXN-003979,8833003978,Merchant_health_fitness_14,health_fitness,120.56,2024-11-24 14:50:00,Atlanta,GA,0
TXN-003980,9498003979,Merchant_grocery_pos_10,grocery_pos,222.75,2024-11-25 15:51:00,Chicago,IL,0
TXN-003981,6775003980,Merchant_entertainment_20,entertainment,115.53,2024-11-26 16:49:00,Atlanta,GA,0
TXN-003982,6638003981,Merchant_misc_pos_43,misc_pos,14.31,2024-11-27 20:04:00,Philadelphia,PA,0
TXN-003983,6765003982,Merchant_grocery_pos_49,grocery_pos,327.5,2024-11-28 10:50:00,Houston,TX,0
TXN-003984,1154003983,Merchant_shopping_pos_5,shopping_pos,269.48,2024-11-29 20:58:00,New York,NY,0
TXN-003985,1745003984,Merchant_shopping_net_5,shopping_net,3868.39,2024-11-30 22:53:00,Chicago,IL,1
TXN-003986,1428003985,Merchant_food_dining_48,food_dining,203.49,2024-12-01 17:07:00,Los Angeles,CA,0
TXN-003987,7010003986,Merchant_misc_net_37,misc_net,134.07,2024-12-02 11:12:00,Philadelphia,PA,0
TXN-003988,8258003987,Merchant_misc_net_35,misc_net,197.44,2024-12-03 14:34:00,Charlotte,NC,0
TXN-003989,4764003988,Merchant_misc_net_17,misc_net,5829.58,2024-12-04 02:49:00,Atlanta,GA,1
TXN-003990,9505003989,Merchant_kids_pets_22,kids_pets,279.78,2024-12-05 15:52:00,Charlotte,NC,0
TXN-003991,4858003990,Merchant_gas_transport_6,gas_transport,45.98,2024-12-06 11:39:00,Los Angeles,CA,0
TXN-003992,9013003991,Merchant_food_dining_35,food_dining,95.06,2024-12-07 15:23:00,Atlanta,GA,0
TXN-003993,5050003992,Merchant_travel_8,travel,200.0,2024-12-08 18:29:00,Chicago,IL,0
TXN-003994,6361003993,Merchant_misc_net_21,misc_net,217.07,2024-12-09 08:31:00,Houston,TX,0
TXN-003995,2416003994,Merchant_misc_net_9,misc_net,202.93,2024-12-10 19:31:00,Miami,FL,0
TXN-003996,9445003995,Merchant_travel_18,travel,68.15,2024-12-11 10:13:00,Seattle,WA,0
TXN-003997,8563003996,Merchant_misc_net_15,misc_net,330.78,2024-12-12 18:44:00,Atlanta,GA,0
TXN-003998,7338003997,Merchant_travel_49,travel,282.36,2024-12-13 09:38:00,New York,NY,0
TXN-003999,6961003998,Merchant_food_dining_3,food_dining,198.81,2024-12-14 10:08:00,Atlanta,GA,0
TXN-004000,9028003999,Merchant_misc_pos_43,misc_pos,48.62,2024-12-15 19:10:00,Charlotte,NC,0
TXN-004001,1043004000,Merchant_shopping_net_22,shopping_net,369.83,2024-12-16 19:27:00,Los Angeles,CA,0
TXN-004002,3895004001,Merchant_misc_pos_20,misc_pos,278.04,2024-12-17 10:09:00,Philadelphia,PA,0
TXN-004003,1257004002,Merchant_misc_net_39,misc_net,306.36,2024-12-18 08:32:00,Atlanta,GA,0
TXN-004004,9206004003,Merchant_grocery_pos_10,grocery_pos,6883.38,2024-12-19 03:26:00,Miami,FL,1
TXN-004005,4222004004,Merchant_grocery_pos_42,grocery_pos,2057.05,2024-12-20 03:15:00,Columbus,OH,1
TXN-004006,9278004005,Merchant_food_dining_6,food_dining,339.39,2024-12-21 12:20:00,Atlanta,GA,0
TXN-004007,6788004006,Merchant_travel_16,travel,43.81,2024-12-22 08:00:00,Columbus,OH,0
TXN-004008,3338004007,Merchant_grocery_pos_12,grocery_pos,122.27,2024-12-23 14:28:00,Los Angeles,CA,0
TXN-004009,1157004008,Merchant_grocery_pos_23,grocery_pos,212.55,2024-12-24 10:32:00,Los Angeles,CA,0
TXN-004010,4841004009,Merchant_entertainment_1,entertainment,123.65,2024-12-25 17:56:00,Atlanta,GA,0
TXN-004011,7138004010,Merchant_shopping_net_1,shopping_net,712.78,2024-12-26 22:47:00,Miami,FL,1
TXN-004012,4891004011,Merchant_home_12,home,192.8,2024-12-27 19:51:00,Houston,TX,0
TXN-004013,6337004012,Merchant_travel_11,travel,220.21,2024-12-28 11:34:00,Chicago,IL,0
TXN-004014,3457004013,Merchant_kids_pets_15,kids_pets,62.43,2024-12-29 13:56:00,Columbus,OH,0
TXN-004015,6226004014,Merchant_kids_pets_32,kids_pets,131.06,2024-12-30 08:27:00,New York,NY,0
TXN-004016,1499004015,Merchant_food_dining_42,food_dining,75.27,2024-01-01 20:41:00,Charlotte,NC,0
TXN-004017,7258004016,Merchant_health_fitness_31,health_fitness,66.94,2024-01-02 11:23:00,Chicago,IL,0
TXN-004018,8700004017,Merchant_food_dining_4,food_dining,392.44,2024-01-03 08:31:00,New York,NY,0
TXN-004019,6651004018,Merchant_personal_care_15,personal_care,368.77,2024-01-04 14:41:00,Los Angeles,CA,0
TXN-004020,9971004019,Merchant_entertainment_42,entertainment,114.93,2024-01-05 20:42:00,Philadelphia,PA,0
TXN-004021,9416004020,Merchant_food_dining_47,food_dining,144.6,2024-01-06 10:13:00,New York,NY,0
TXN-004022,1535004021,Merchant_home_12,home,87.89,2024-01-07 12:31:00,Chicago,IL,0
TXN-004023,4790004022,Merchant_personal_care_1,personal_care,145.31,2024-01-08 09:22:00,Atlanta,GA,0
TXN-004024,1120004023,Merchant_health_fitness_38,health_fitness,326.37,2024-01-09 15:14:00,Seattle,WA,0
TXN-004025,7807004024,Merchant_kids_pets_34,kids_pets,233.01,2024-01-10 18:27:00,Houston,TX,0
TXN-004026,1840004025,Merchant_entertainment_33,entertainment,361.77,2024-01-11 17:02:00,New York,NY,0
TXN-004027,7472004026,Merchant_grocery_pos_9,grocery_pos,364.07,2024-01-12 15:51:00,Columbus,OH,0
TXN-004028,3473004027,Merchant_shopping_pos_17,shopping_pos,12098.27,2024-01-13 00:06:00,Chicago,IL,1
TXN-004029,5714004028,Merchant_gas_transport_46,gas_transport,336.96,2024-01-14 16:04:00,Los Angeles,CA,0
TXN-004030,6291004029,Merchant_shopping_net_42,shopping_net,222.12,2024-01-15 10:48:00,New York,NY,0
TXN-004031,4899004030,Merchant_shopping_net_41,shopping_net,273.45,2024-01-16 13:57:00,Seattle,WA,0
TXN-004032,8242004031,Merchant_entertainment_17,entertainment,317.69,2024-01-17 19:33:00,New York,NY,0
TXN-004033,7519004032,Merchant_misc_pos_2,misc_pos,82.56,2024-01-18 14:34:00,Miami,FL,0
TXN-004034,1476004033,Merchant_food_dining_39,food_dining,209.44,2024-01-19 08:19:00,New York,NY,0
TXN-004035,4751004034,Merchant_shopping_pos_4,shopping_pos,6578.37,2024-01-20 22:56:00,Columbus,OH,1
TXN-004036,4998004035,Merchant_grocery_pos_24,grocery_pos,124.23,2024-01-21 09:22:00,Atlanta,GA,0
TXN-004037,9581004036,Merchant_personal_care_7,personal_care,359.7,2024-01-22 19:14:00,Columbus,OH,0
TXN-004038,5165004037,Merchant_shopping_net_9,shopping_net,122.0,2024-01-23 09:55:00,Los Angeles,CA,0
TXN-004039,8073004038,Merchant_travel_8,travel,282.61,2024-01-24 16:43:00,Miami,FL,0
TXN-004040,9644004039,Merchant_travel_40,travel,224.85,2024-01-25 14:57:00,Houston,TX,0
TXN-004041,2260004040,Merchant_grocery_pos_12,grocery_pos,10821.36,2024-01-26 01:14:00,Atlanta,GA,1
TXN-004042,8014004041,Merchant_shopping_pos_11,shopping_pos,342.87,2024-01-27 20:16:00,Philadelphia,PA,0
TXN-004043,1965004042,Merchant_misc_net_24,misc_net,562.4,2024-01-28 01:02:00,Houston,TX,1
TXN-004044,1048004043,Merchant_shopping_pos_35,shopping_pos,163.11,2024-01-29 09:24:00,Columbus,OH,0
TXN-004045,1703004044,Merchant_travel_16,travel,218.38,2024-01-30 17:15:00,Seattle,WA,0
TXN-004046,5368004045,Merchant_shopping_pos_37,shopping_pos,103.02,2024-01-31 22:00:00,Philadelphia,PA,1
TXN-004047,6595004046,Merchant_kids_pets_12,kids_pets,138.9,2024-02-01 14:02:00,Los Angeles,CA,0
TXN-004048,4147004047,Merchant_misc_net_46,misc_net,236.85,2024-02-02 13:45:00,Charlotte,NC,0
TXN-004049,2440004048,Merchant_shopping_net_13,shopping_net,233.82,2024-02-03 17:36:00,Chicago,IL,0
TXN-004050,1592004049,Merchant_misc_net_33,misc_net,314.65,2024-02-04 16:31:00,Houston,TX,0
TXN-004051,9113004050,Merchant_misc_net_19,misc_net,2162.47,2024-02-05 22:07:00,New York,NY,1
TXN-004052,9090004051,Merchant_entertainment_44,entertainment,296.45,2024-02-06 13:35:00,Charlotte,NC,0
TXN-004053,3265004052,Merchant_misc_net_43,misc_net,10711.97,2024-02-07 05:44:00,Philadelphia,PA,1
TXN-004054,4583004053,Merchant_personal_care_20,personal_care,341.05,2024-02-08 11:01:00,New York,NY,0
TXN-004055,2964004054,Merchant_personal_care_19,personal_care,24.99,2024-02-09 18:49:00,Chicago,IL,0
TXN-004056,1724004055,Merchant_entertainment_39,entertainment,213.19,2024-02-10 10:04:00,Columbus,OH,0
TXN-004057,8147004056,Merchant_food_dining_6,food_dining,394.57,2024-02-11 12:03:00,Seattle,WA,0
TXN-004058,4280004057,Merchant_grocery_pos_36,grocery_pos,58.37,2024-02-12 17:13:00,New York,NY,0
TXN-004059,4905004058,Merchant_shopping_pos_6,shopping_pos,13.54,2024-02-13 16:57:00,Miami,FL,0
TXN-004060,9155004059,Merchant_food_dining_34,food_dining,37.52,2024-02-14 20:25:00,Miami,FL,0
TXN-004061,2758004060,Merchant_grocery_pos_34,grocery_pos,79.7,2024-02-15 10:20:00,Houston,TX,0
TXN-004062,7756004061,Merchant_food_dining_7,food_dining,243.48,2024-02-16 20:14:00,Charlotte,NC,0
TXN-004063,6236004062,Merchant_grocery_pos_6,grocery_pos,349.93,2024-02-17 12:04:00,Houston,TX,0
TXN-004064,7136004063,Merchant_grocery_pos_48,grocery_pos,11717.82,2024-02-18 22:17:00,Columbus,OH,1
TXN-004065,3347004064,Merchant_grocery_pos_27,grocery_pos,347.36,2024-02-19 09:08:00,Charlotte,NC,0
TXN-004066,2079004065,Merchant_grocery_pos_17,grocery_pos,157.28,2024-02-20 20:46:00,Columbus,OH,0
TXN-004067,4522004066,Merchant_personal_care_45,personal_care,231.55,2024-02-21 12:13:00,Columbus,OH,0
TXN-004068,2920004067,Merchant_misc_net_8,misc_net,274.47,2024-02-22 18:34:00,New York,NY,0
TXN-004069,9020004068,Merchant_gas_transport_9,gas_transport,316.08,2024-02-23 15:00:00,New York,NY,0
TXN-004070,1323004069,Merchant_gas_transport_42,gas_transport,370.16,2024-02-24 13:42:00,Columbus,OH,0
TXN-004071,4825004070,Merchant_misc_net_8,misc_net,313.88,2024-02-25 16:02:00,Columbus,OH,0
TXN-004072,4082004071,Merchant_health_fitness_26,health_fitness,276.38,2024-02-26 08:28:00,Columbus,OH,0
TXN-004073,2686004072,Merchant_misc_net_28,misc_net,626.87,2024-02-27 01:35:00,Chicago,IL,1
TXN-004074,7828004073,Merchant_shopping_pos_40,shopping_pos,388.3,2024-02-28 14:55:00,Seattle,WA,0
TXN-004075,2505004074,Merchant_personal_care_42,personal_care,213.67,2024-02-29 15:09:00,Los Angeles,CA,0
TXN-004076,1752004075,Merchant_health_fitness_11,health_fitness,62.24,2024-03-01 13:26:00,Houston,TX,0
TXN-004077,2741004076,Merchant_entertainment_34,entertainment,244.61,2024-03-02 09:00:00,Seattle,WA,0
TXN-004078,2097004077,Merchant_entertainment_8,entertainment,347.52,2024-03-03 09:46:00,New York,NY,0
TXN-004079,1210004078,Merchant_misc_net_5,misc_net,8896.66,2024-03-04 23:26:00,New York,NY,1
TXN-004080,5278004079,Merchant_home_2,home,327.81,2024-03-05 08:57:00,Los Angeles,CA,0
TXN-004081,5556004080,Merchant_home_44,home,140.67,2024-03-06 08:52:00,Houston,TX,0
TXN-004082,6424004081,Merchant_misc_net_38,misc_net,8166.89,2024-03-07 01:19:00,Charlotte,NC,1
TXN-004083,5271004082,Merchant_misc_net_35,misc_net,13384.12,2024-03-08 04:01:00,Atlanta,GA,1
TXN-004084,6557004083,Merchant_health_fitness_1,health_fitness,264.0,2024-03-09 13:23:00,Charlotte,NC,0
TXN-004085,9483004084,Merchant_shopping_net_42,shopping_net,393.06,2024-03-10 08:37:00,Houston,TX,0
TXN-004086,7933004085,Merchant_home_26,home,225.64,2024-03-11 11:36:00,Seattle,WA,0
TXN-004087,1170004086,Merchant_health_fitness_39,health_fitness,236.43,2024-03-12 19:32:00,Philadelphia,PA,0
TXN-004088,7039004087,Merchant_misc_net_24,misc_net,41.77,2024-03-13 16:08:00,Miami,FL,0
TXN-004089,2703004088,Merchant_misc_pos_38,misc_pos,258.06,2024-03-14 15:38:00,Atlanta,GA,0
TXN-004090,3702004089,Merchant_travel_1,travel,249.09,2024-03-15 14:43:00,Atlanta,GA,0
TXN-004091,8721004090,Merchant_kids_pets_12,kids_pets,92.96,2024-03-16 10:14:00,Philadelphia,PA,0
TXN-004092,5633004091,Merchant_grocery_pos_25,grocery_pos,266.12,2024-03-17 14:35:00,Charlotte,NC,0
TXN-004093,1839004092,Merchant_entertainment_41,entertainment,205.86,2024-03-18 18:52:00,Atlanta,GA,0
TXN-004094,6968004093,Merchant_misc_net_20,misc_net,673.64,2024-03-19 01:22:00,Seattle,WA,1
TXN-004095,8419004094,Merchant_personal_care_2,personal_care,287.43,2024-03-20 17:20:00,Philadelphia,PA,0
TXN-004096,3270004095,Merchant_kids_pets_22,kids_pets,263.12,2024-03-21 20:36:00,Atlanta,GA,0
TXN-004097,7936004096,Merchant_gas_transport_42,gas_transport,237.95,2024-03-22 09:21:00,Miami,FL,0
TXN-004098,7476004097,Merchant_food_dining_7,food_dining,124.9,2024-03-23 15:32:00,Atlanta,GA,0
TXN-004099,8568004098,Merchant_personal_care_22,personal_care,118.2,2024-03-24 13:14:00,Seattle,WA,0
TXN-004100,6144004099,Merchant_shopping_net_45,shopping_net,296.45,2024-03-25 22:49:00,Houston,TX,1
TXN-004101,6493004100,Merchant_travel_2,travel,68.41,2024-03-26 13:48:00,Seattle,WA,0
TXN-004102,5831004101,Merchant_gas_transport_30,gas_transport,5.04,2024-03-27 16:49:00,Atlanta,GA,0
TXN-004103,4048004102,Merchant_misc_pos_44,misc_pos,136.17,2024-03-28 15:41:00,Charlotte,NC,0
TXN-004104,8306004103,Merchant_shopping_net_7,shopping_net,180.9,2024-03-29 12:01:00,Seattle,WA,0
TXN-004105,4385004104,Merchant_food_dining_28,food_dining,397.49,2024-03-30 14:13:00,New York,NY,0
TXN-004106,7859004105,Merchant_entertainment_41,entertainment,221.84,2024-03-31 17:49:00,Charlotte,NC,0
TXN-004107,5449004106,Merchant_shopping_net_35,shopping_net,207.11,2024-04-01 19:57:00,Seattle,WA,0
TXN-004108,9971004107,Merchant_home_38,home,373.8,2024-04-02 20:48:00,Houston,TX,0
TXN-004109,7599004108,Merchant_shopping_pos_41,shopping_pos,377.98,2024-04-03 01:28:00,Columbus,OH,1
TXN-004110,6232004109,Merchant_entertainment_22,entertainment,152.57,2024-04-04 08:44:00,Miami,FL,0
TXN-004111,3065004110,Merchant_grocery_pos_1,grocery_pos,293.8,2024-04-05 10:18:00,Miami,FL,0
TXN-004112,6387004111,Merchant_shopping_pos_24,shopping_pos,142.57,2024-04-06 18:21:00,Philadelphia,PA,0
TXN-004113,4951004112,Merchant_shopping_pos_48,shopping_pos,122.1,2024-04-07 15:50:00,Philadelphia,PA,0
TXN-004114,1500004113,Merchant_personal_care_25,personal_care,221.6,2024-04-08 18:49:00,Seattle,WA,0
TXN-004115,5216004114,Merchant_shopping_pos_3,shopping_pos,414.55,2024-04-09 23:31:00,Miami,FL,1
TXN-004116,3451004115,Merchant_entertainment_4,entertainment,17.25,2024-04-10 14:45:00,Philadelphia,PA,0
TXN-004117,6591004116,Merchant_health_fitness_4,health_fitness,168.91,2024-04-11 08:29:00,New York,NY,0
TXN-004118,2069004117,Merchant_travel_22,travel,30.5,2024-04-12 16:39:00,Columbus,OH,0
TXN-004119,8499004118,Merchant_misc_net_11,misc_net,214.82,2024-04-13 16:25:00,Seattle,WA,0
TXN-004120,4257004119,Merchant_kids_pets_8,kids_pets,52.54,2024-04-14 10:01:00,Philadelphia,PA,0
TXN-004121,1887004120,Merchant_misc_net_20,misc_net,196.96,2024-04-15 16:29:00,Chicago,IL,0
TXN-004122,3672004121,Merchant_shopping_net_13,shopping_net,272.69,2024-04-16 08:58:00,Philadelphia,PA,0
TXN-004123,2888004122,Merchant_shopping_net_13,shopping_net,286.1,2024-04-17 23:37:00,Los Angeles,CA,1
TXN-004124,2145004123,Merchant_misc_net_6,misc_net,11.35,2024-04-18 20:45:00,Columbus,OH,0
TXN-004125,3364004124,Merchant_grocery_pos_29,grocery_pos,260.52,2024-04-19 04:37:00,Los Angeles,CA,1
TXN-004126,8564004125,Merchant_misc_net_42,misc_net,167.42,2024-04-20 17:36:00,Atlanta,GA,0
TXN-004127,3241004126,Merchant_health_fitness_34,health_fitness,214.79,2024-04-21 17:57:00,New York,NY,0
TXN-004128,8525004127,Merchant_home_32,home,347.07,2024-04-22 18:25:00,Charlotte,NC,0
TXN-004129,7334004128,Merchant_shopping_net_26,shopping_net,280.69,2024-04-23 08:13:00,Columbus,OH,0
TXN-004130,8076004129,Merchant_home_49,home,109.07,2024-04-24 20:03:00,New York,NY,0
TXN-004131,7239004130,Merchant_shopping_net_30,shopping_net,352.1,2024-04-25 16:14:00,Philadelphia,PA,0
TXN-004132,2418004131,Merchant_food_dining_37,food_dining,147.03,2024-04-26 19:05:00,Houston,TX,0
TXN-004133,2184004132,Merchant_entertainment_35,entertainment,326.95,2024-04-27 12:38:00,Seattle,WA,0
TXN-004134,9054004133,Merchant_food_dining_39,food_dining,395.08,2024-04-28 16:57:00,Los Angeles,CA,0
TXN-004135,2048004134,Merchant_shopping_pos_7,shopping_pos,318.09,2024-04-29 16:56:00,New York,NY,0
TXN-004136,8043004135,Merchant_health_fitness_45,health_fitness,215.11,2024-04-30 14:18:00,Houston,TX,0
TXN-004137,7282004136,Merchant_entertainment_35,entertainment,47.06,2024-05-01 11:47:00,Seattle,WA,0
TXN-004138,8615004137,Merchant_shopping_pos_29,shopping_pos,7481.6,2024-05-02 03:10:00,Seattle,WA,1
TXN-004139,7485004138,Merchant_home_48,home,314.17,2024-05-03 14:12:00,Philadelphia,PA,0
TXN-004140,9091004139,Merchant_grocery_pos_16,grocery_pos,127.21,2024-05-04 11:54:00,New York,NY,0
TXN-004141,2305004140,Merchant_misc_pos_40,misc_pos,280.51,2024-05-05 11:54:00,Columbus,OH,0
TXN-004142,6345004141,Merchant_health_fitness_40,health_fitness,93.2,2024-05-06 17:38:00,Los Angeles,CA,0
TXN-004143,5422004142,Merchant_shopping_pos_18,shopping_pos,85.39,2024-05-07 15:22:00,Houston,TX,0
TXN-004144,9932004143,Merchant_personal_care_45,personal_care,273.81,2024-05-08 19:21:00,New York,NY,0
TXN-004145,6068004144,Merchant_personal_care_2,personal_care,259.16,2024-05-09 18:34:00,New York,NY,0
TXN-004146,4623004145,Merchant_entertainment_6,entertainment,213.17,2024-05-10 20:51:00,Seattle,WA,0
TXN-004147,5309004146,Merchant_shopping_net_33,shopping_net,376.4,2024-05-11 18:12:00,Charlotte,NC,0
TXN-004148,7667004147,Merchant_kids_pets_44,kids_pets,245.31,2024-05-12 09:10:00,Atlanta,GA,0
TXN-004149,5778004148,Merchant_misc_pos_28,misc_pos,300.41,2024-05-13 12:08:00,Philadelphia,PA,0
TXN-004150,4500004149,Merchant_misc_pos_8,misc_pos,253.66,2024-05-14 11:44:00,Seattle,WA,0
TXN-004151,8362004150,Merchant_misc_pos_38,misc_pos,6.22,2024-05-15 18:19:00,Los Angeles,CA,0
TXN-004152,7831004151,Merchant_misc_pos_5,misc_pos,384.05,2024-05-16 11:42:00,Miami,FL,0
TXN-004153,5495004152,Merchant_health_fitness_28,health_fitness,391.63,2024-05-17 11:20:00,Philadelphia,PA,0
TXN-004154,9264004153,Merchant_shopping_net_38,shopping_net,364.26,2024-05-18 14:22:00,Los Angeles,CA,0
TXN-004155,3959004154,Merchant_food_dining_33,food_dining,391.49,2024-05-19 17:17:00,Los Angeles,CA,0
TXN-004156,4116004155,Merchant_shopping_pos_1,shopping_pos,16.56,2024-05-20 11:52:00,Philadelphia,PA,0
TXN-004157,1435004156,Merchant_grocery_pos_23,grocery_pos,8904.49,2024-05-21 22:08:00,Los Angeles,CA,1
TXN-004158,7432004157,Merchant_shopping_pos_3,shopping_pos,2012.74,2024-05-22 02:58:00,Charlotte,NC,1
TXN-004159,9590004158,Merchant_shopping_pos_10,shopping_pos,13348.27,2024-05-23 04:56:00,Columbus,OH,1
TXN-004160,3134004159,Merchant_food_dining_47,food_dining,273.24,2024-05-24 08:33:00,Atlanta,GA,0
TXN-004161,8560004160,Merchant_shopping_pos_3,shopping_pos,10827.95,2024-05-25 03:37:00,Seattle,WA,1
TXN-004162,6391004161,Merchant_grocery_pos_14,grocery_pos,312.07,2024-05-26 17:13:00,Los Angeles,CA,0
TXN-004163,5767004162,Merchant_misc_net_45,misc_net,13.46,2024-05-27 09:05:00,Chicago,IL,0
TXN-004164,4863004163,Merchant_kids_pets_2,kids_pets,48.0,2024-05-28 17:25:00,Philadelphia,PA,0
TXN-004165,4514004164,Merchant_home_29,home,229.0,2024-05-29 11:38:00,Charlotte,NC,0
TXN-004166,3893004165,Merchant_entertainment_23,entertainment,6.74,2024-05-30 10:29:00,Chicago,IL,0
TXN-004167,3047004166,Merchant_food_dining_26,food_dining,372.04,2024-05-31 14:33:00,Philadelphia,PA,0
TXN-004168,3956004167,Merchant_shopping_net_13,shopping_net,9913.8,2024-06-01 22:33:00,Columbus,OH,1
TXN-004169,9573004168,Merchant_travel_43,travel,368.94,2024-06-02 09:00:00,Los Angeles,CA,0
TXN-004170,1261004169,Merchant_health_fitness_23,health_fitness,234.33,2024-06-03 13:50:00,Atlanta,GA,0
TXN-004171,3044004170,Merchant_grocery_pos_26,grocery_pos,604.06,2024-06-04 00:44:00,Atlanta,GA,1
TXN-004172,1206004171,Merchant_gas_transport_30,gas_transport,8.29,2024-06-05 10:48:00,Seattle,WA,0
TXN-004173,6210004172,Merchant_personal_care_32,personal_care,218.96,2024-06-06 13:08:00,Columbus,OH,0
TXN-004174,3605004173,Merchant_misc_net_2,misc_net,11420.56,2024-06-07 03:00:00,Philadelphia,PA,1
TXN-004175,7202004174,Merchant_personal_care_19,personal_care,342.46,2024-06-08 11:26:00,Seattle,WA,0
TXN-004176,1336004175,Merchant_shopping_pos_40,shopping_pos,152.44,2024-06-09 03:12:00,Miami,FL,1
TXN-004177,1412004176,Merchant_shopping_pos_26,shopping_pos,239.39,2024-06-10 19:14:00,Charlotte,NC,0
TXN-004178,3367004177,Merchant_food_dining_7,food_dining,115.43,2024-06-11 10:43:00,Charlotte,NC,0
TXN-004179,8939004178,Merchant_gas_transport_25,gas_transport,162.78,2024-06-12 15:17:00,Atlanta,GA,0
TXN-004180,9291004179,Merchant_shopping_net_35,shopping_net,13010.87,2024-06-13 23:52:00,Atlanta,GA,1
TXN-004181,2886004180,Merchant_shopping_net_29,shopping_net,128.12,2024-06-14 20:09:00,New York,NY,0
TXN-004182,7128004181,Merchant_misc_net_49,misc_net,253.09,2024-06-15 10:19:00,Chicago,IL,0
TXN-004183,8046004182,Merchant_travel_25,travel,329.32,2024-06-16 09:08:00,New York,NY,0
TXN-004184,2382004183,Merchant_gas_transport_38,gas_transport,177.07,2024-06-17 16:21:00,Seattle,WA,0
TXN-004185,6444004184,Merchant_home_32,home,67.87,2024-06-18 14:43:00,Philadelphia,PA,0
TXN-004186,4969004185,Merchant_entertainment_24,entertainment,102.69,2024-06-19 12:44:00,Houston,TX,0
TXN-004187,9671004186,Merchant_home_21,home,150.15,2024-06-20 15:11:00,Charlotte,NC,0
TXN-004188,1006004187,Merchant_health_fitness_11,health_fitness,365.58,2024-06-21 08:09:00,New York,NY,0
TXN-004189,7552004188,Merchant_shopping_pos_42,shopping_pos,398.56,2024-06-22 10:03:00,Los Angeles,CA,0
TXN-004190,8057004189,Merchant_grocery_pos_29,grocery_pos,6420.29,2024-06-23 23:14:00,Charlotte,NC,1
TXN-004191,9454004190,Merchant_misc_net_7,misc_net,318.59,2024-06-24 10:55:00,New York,NY,0
TXN-004192,6861004191,Merchant_gas_transport_13,gas_transport,297.17,2024-06-25 19:22:00,Columbus,OH,0
TXN-004193,8790004192,Merchant_entertainment_31,entertainment,161.11,2024-06-26 14:24:00,Columbus,OH,0
TXN-004194,8062004193,Merchant_kids_pets_10,kids_pets,176.79,2024-06-27 16:27:00,Miami,FL,0
TXN-004195,8295004194,Merchant_shopping_pos_20,shopping_pos,326.18,2024-06-28 08:43:00,Los Angeles,CA,0
TXN-004196,7422004195,Merchant_entertainment_25,entertainment,19.88,2024-06-29 10:52:00,Miami,FL,0
TXN-004197,1082004196,Merchant_shopping_net_18,shopping_net,398.43,2024-06-30 10:00:00,Los Angeles,CA,0
TXN-004198,8043004197,Merchant_shopping_net_12,shopping_net,21.61,2024-07-01 10:46:00,Atlanta,GA,0
TXN-004199,9662004198,Merchant_health_fitness_6,health_fitness,340.13,2024-07-02 15:43:00,Philadelphia,PA,0
TXN-004200,1833004199,Merchant_health_fitness_49,health_fitness,96.54,2024-07-03 15:12:00,Charlotte,NC,0
TXN-004201,9040004200,Merchant_gas_transport_41,gas_transport,101.82,2024-07-04 19:27:00,Philadelphia,PA,0
TXN-004202,6435004201,Merchant_personal_care_25,personal_care,252.98,2024-07-05 19:17:00,Columbus,OH,0
TXN-004203,4921004202,Merchant_shopping_net_37,shopping_net,10407.59,2024-07-06 05:26:00,Philadelphia,PA,1
TXN-004204,9515004203,Merchant_shopping_pos_31,shopping_pos,158.62,2024-07-07 14:56:00,Columbus,OH,0
TXN-004205,1334004204,Merchant_home_47,home,313.24,2024-07-08 16:35:00,Atlanta,GA,0
TXN-004206,7633004205,Merchant_gas_transport_9,gas_transport,169.97,2024-07-09 19:43:00,Charlotte,NC,0
TXN-004207,6937004206,Merchant_travel_34,travel,358.08,2024-07-10 08:43:00,Miami,FL,0
TXN-004208,3730004207,Merchant_shopping_pos_24,shopping_pos,5009.85,2024-07-11 03:17:00,Chicago,IL,1
TXN-004209,5080004208,Merchant_gas_transport_34,gas_transport,188.2,2024-07-12 09:11:00,Charlotte,NC,0
TXN-004210,4777004209,Merchant_food_dining_2,food_dining,282.72,2024-07-13 13:34:00,Miami,FL,0
TXN-004211,4825004210,Merchant_health_fitness_35,health_fitness,341.56,2024-07-14 09:18:00,Houston,TX,0
TXN-004212,7905004211,Merchant_shopping_pos_41,shopping_pos,372.31,2024-07-15 16:15:00,New York,NY,0
TXN-004213,8644004212,Merchant_misc_pos_37,misc_pos,220.28,2024-07-16 15:14:00,Houston,TX,0
TXN-004214,6637004213,Merchant_food_dining_31,food_dining,75.57,2024-07-17 18:01:00,Seattle,WA,0
TXN-004215,2122004214,Merchant_personal_care_2,personal_care,322.31,2024-07-18 19:20:00,Philadelphia,PA,0
TXN-004216,3320004215,Merchant_misc_pos_29,misc_pos,209.7,2024-07-19 13:23:00,New York,NY,0
TXN-004217,3677004216,Merchant_home_39,home,193.11,2024-07-20 16:55:00,Atlanta,GA,0
TXN-004218,8794004217,Merchant_misc_net_33,misc_net,343.38,2024-07-21 12:21:00,Columbus,OH,0
TXN-004219,9569004218,Merchant_health_fitness_3,health_fitness,365.98,2024-07-22 18:32:00,Philadelphia,PA,0
TXN-004220,8199004219,Merchant_shopping_net_37,shopping_net,43.2,2024-07-23 14:51:00,Columbus,OH,0
TXN-004221,9778004220,Merchant_home_13,home,155.3,2024-07-24 16:40:00,New York,NY,0
TXN-004222,6332004221,Merchant_misc_pos_14,misc_pos,363.52,2024-07-25 12:31:00,Chicago,IL,0
TXN-004223,7859004222,Merchant_home_29,home,344.83,2024-07-26 08:20:00,Charlotte,NC,0
TXN-004224,2969004223,Merchant_personal_care_18,personal_care,247.76,2024-07-27 16:09:00,Charlotte,NC,0
TXN-004225,2387004224,Merchant_food_dining_43,food_dining,16.52,2024-07-28 10:53:00,Atlanta,GA,0
TXN-004226,2177004225,Merchant_misc_net_22,misc_net,218.59,2024-07-29 12:28:00,Charlotte,NC,0
TXN-004227,3285004226,Merchant_gas_transport_12,gas_transport,109.01,2024-07-30 15:04:00,Atlanta,GA,0
TXN-004228,8302004227,Merchant_food_dining_21,food_dining,396.98,2024-07-31 20:06:00,Los Angeles,CA,0
TXN-004229,2605004228,Merchant_grocery_pos_31,grocery_pos,292.81,2024-08-01 08:49:00,Charlotte,NC,0
TXN-004230,4421004229,Merchant_home_26,home,358.02,2024-08-02 15:24:00,New York,NY,0
TXN-004231,3708004230,Merchant_home_1,home,284.81,2024-08-03 20:04:00,Miami,FL,0
TXN-004232,5122004231,Merchant_travel_14,travel,327.06,2024-08-04 09:06:00,Houston,TX,0
TXN-004233,9701004232,Merchant_grocery_pos_21,grocery_pos,45.73,2024-08-05 08:43:00,Columbus,OH,0
TXN-004234,3704004233,Merchant_shopping_pos_22,shopping_pos,10376.81,2024-08-06 01:05:00,Los Angeles,CA,1
TXN-004235,4918004234,Merchant_home_21,home,311.93,2024-08-07 12:39:00,Atlanta,GA,0
TXN-004236,8742004235,Merchant_personal_care_32,personal_care,95.78,2024-08-08 08:17:00,Philadelphia,PA,0
TXN-004237,3209004236,Merchant_entertainment_40,entertainment,202.9,2024-08-09 17:00:00,Columbus,OH,0
TXN-004238,1733004237,Merchant_shopping_pos_29,shopping_pos,316.6,2024-08-10 14:55:00,Miami,FL,0
TXN-004239,3861004238,Merchant_misc_pos_39,misc_pos,344.61,2024-08-11 20:34:00,Philadelphia,PA,0
TXN-004240,6996004239,Merchant_misc_net_27,misc_net,274.28,2024-08-12 19:55:00,Miami,FL,0
TXN-004241,5052004240,Merchant_shopping_net_16,shopping_net,362.83,2024-08-13 09:47:00,Atlanta,GA,0
TXN-004242,3771004241,Merchant_health_fitness_41,health_fitness,123.31,2024-08-14 18:47:00,Seattle,WA,0
TXN-004243,1538004242,Merchant_personal_care_3,personal_care,201.18,2024-08-15 20:18:00,Los Angeles,CA,0
TXN-004244,8907004243,Merchant_kids_pets_32,kids_pets,94.76,2024-08-16 18:32:00,Los Angeles,CA,0
TXN-004245,6241004244,Merchant_home_34,home,33.74,2024-08-17 19:39:00,New York,NY,0
TXN-004246,5726004245,Merchant_shopping_net_41,shopping_net,372.71,2024-08-18 20:03:00,Charlotte,NC,0
TXN-004247,2829004246,Merchant_shopping_net_46,shopping_net,243.68,2024-08-19 16:53:00,Charlotte,NC,0
TXN-004248,4041004247,Merchant_home_47,home,136.59,2024-08-20 16:50:00,Chicago,IL,0
TXN-004249,3144004248,Merchant_shopping_pos_39,shopping_pos,341.61,2024-08-21 13:46:00,Charlotte,NC,0
TXN-004250,2394004249,Merchant_kids_pets_34,kids_pets,7.9,2024-08-22 11:39:00,Los Angeles,CA,0
TXN-004251,2756004250,Merchant_grocery_pos_27,grocery_pos,176.38,2024-08-23 20:48:00,Charlotte,NC,0
TXN-004252,5357004251,Merchant_kids_pets_40,kids_pets,15.71,2024-08-24 20:26:00,Houston,TX,0
TXN-004253,2702004252,Merchant_misc_net_30,misc_net,310.27,2024-08-25 18:08:00,Los Angeles,CA,0
TXN-004254,3394004253,Merchant_shopping_net_17,shopping_net,10291.51,2024-08-26 23:25:00,Columbus,OH,1
TXN-004255,7524004254,Merchant_shopping_pos_8,shopping_pos,225.9,2024-08-27 18:04:00,Miami,FL,0
TXN-004256,8040004255,Merchant_grocery_pos_7,grocery_pos,342.92,2024-08-28 20:20:00,Houston,TX,0
TXN-004257,6171004256,Merchant_home_43,home,26.36,2024-08-29 11:21:00,Columbus,OH,0
TXN-004258,7630004257,Merchant_gas_transport_28,gas_transport,287.1,2024-08-30 08:11:00,Miami,FL,0
TXN-004259,8880004258,Merchant_food_dining_23,food_dining,71.42,2024-08-31 15:51:00,Columbus,OH,0
TXN-004260,6107004259,Merchant_food_dining_7,food_dining,208.38,2024-09-01 15:42:00,New York,NY,0
TXN-004261,1546004260,Merchant_shopping_net_11,shopping_net,297.47,2024-09-02 09:11:00,Los Angeles,CA,0
TXN-004262,2869004261,Merchant_grocery_pos_22,grocery_pos,71.86,2024-09-03 15:10:00,Miami,FL,0
TXN-004263,9025004262,Merchant_misc_net_17,misc_net,10.65,2024-09-04 11:55:00,Atlanta,GA,0
TXN-004264,1512004263,Merchant_misc_net_35,misc_net,17.36,2024-09-05 18:16:00,Houston,TX,0
TXN-004265,5220004264,Merchant_grocery_pos_8,grocery_pos,7.69,2024-09-06 18:13:00,New York,NY,0
TXN-004266,2548004265,Merchant_shopping_net_1,shopping_net,14975.94,2024-09-07 00:27:00,Columbus,OH,1
TXN-004267,9871004266,Merchant_entertainment_44,entertainment,346.86,2024-09-08 20:45:00,Chicago,IL,0
TXN-004268,6350004267,Merchant_gas_transport_49,gas_transport,343.51,2024-09-09 17:15:00,Chicago,IL,0
TXN-004269,7674004268,Merchant_gas_transport_20,gas_transport,49.05,2024-09-10 19:11:00,Houston,TX,0
TXN-004270,3624004269,Merchant_food_dining_3,food_dining,28.64,2024-09-11 16:45:00,Los Angeles,CA,0
TXN-004271,2784004270,Merchant_entertainment_30,entertainment,165.04,2024-09-12 10:52:00,Los Angeles,CA,0
TXN-004272,6397004271,Merchant_gas_transport_29,gas_transport,121.93,2024-09-13 11:20:00,Atlanta,GA,0
TXN-004273,3854004272,Merchant_misc_net_29,misc_net,100.23,2024-09-14 09:53:00,Los Angeles,CA,0
TXN-004274,9991004273,Merchant_home_47,home,20.05,2024-09-15 13:26:00,Houston,TX,0
TXN-004275,5993004274,Merchant_shopping_net_46,shopping_net,118.5,2024-09-16 11:54:00,Charlotte,NC,0
TXN-004276,3239004275,Merchant_food_dining_41,food_dining,185.44,2024-09-17 19:33:00,Miami,FL,0
TXN-004277,4807004276,Merchant_misc_pos_35,misc_pos,195.76,2024-09-18 15:48:00,Columbus,OH,0
TXN-004278,6056004277,Merchant_home_38,home,398.4,2024-09-19 20:24:00,Miami,FL,0
TXN-004279,9571004278,Merchant_grocery_pos_24,grocery_pos,228.93,2024-09-20 08:38:00,Charlotte,NC,0
TXN-004280,2710004279,Merchant_health_fitness_45,health_fitness,90.12,2024-09-21 20:38:00,Philadelphia,PA,0
TXN-004281,4042004280,Merchant_grocery_pos_33,grocery_pos,7605.8,2024-09-22 01:29:00,Chicago,IL,1
TXN-004282,4686004281,Merchant_shopping_pos_12,shopping_pos,711.96,2024-09-23 02:10:00,Atlanta,GA,1
TXN-004283,6718004282,Merchant_grocery_pos_33,grocery_pos,285.61,2024-09-24 11:55:00,Chicago,IL,0
TXN-004284,1911004283,Merchant_kids_pets_24,kids_pets,329.67,2024-09-25 17:19:00,Charlotte,NC,0
TXN-004285,7360004284,Merchant_misc_pos_30,misc_pos,24.97,2024-09-26 08:04:00,Miami,FL,0
TXN-004286,8029004285,Merchant_entertainment_46,entertainment,135.79,2024-09-27 20:28:00,Philadelphia,PA,0
TXN-004287,5236004286,Merchant_personal_care_13,personal_care,391.33,2024-09-28 17:10:00,Atlanta,GA,0
TXN-004288,8368004287,Merchant_personal_care_30,personal_care,307.27,2024-09-29 10:18:00,Atlanta,GA,0
TXN-004289,4340004288,Merchant_entertainment_39,entertainment,345.96,2024-09-30 17:12:00,Miami,FL,0
TXN-004290,3182004289,Merchant_grocery_pos_8,grocery_pos,384.83,2024-10-01 23:03:00,Philadelphia,PA,1
TXN-004291,7042004290,Merchant_misc_pos_11,misc_pos,19.2,2024-10-02 10:39:00,Columbus,OH,0
TXN-004292,4862004291,Merchant_health_fitness_48,health_fitness,129.2,2024-10-03 19:11:00,Philadelphia,PA,0
TXN-004293,3531004292,Merchant_grocery_pos_37,grocery_pos,168.08,2024-10-04 08:54:00,Philadelphia,PA,0
TXN-004294,5554004293,Merchant_home_33,home,363.86,2024-10-05 15:09:00,New York,NY,0
TXN-004295,2371004294,Merchant_misc_pos_16,misc_pos,283.67,2024-10-06 16:38:00,Philadelphia,PA,0
TXN-004296,4966004295,Merchant_home_36,home,49.69,2024-10-07 12:05:00,Philadelphia,PA,0
TXN-004297,5104004296,Merchant_misc_net_24,misc_net,194.97,2024-10-08 19:52:00,Houston,TX,0
TXN-004298,9428004297,Merchant_kids_pets_27,kids_pets,127.54,2024-10-09 10:28:00,Charlotte,NC,0
TXN-004299,1379004298,Merchant_personal_care_12,personal_care,293.9,2024-10-10 11:35:00,Seattle,WA,0
TXN-004300,9111004299,Merchant_entertainment_49,entertainment,128.03,2024-10-11 09:27:00,Miami,FL,0
TXN-004301,2507004300,Merchant_home_34,home,292.06,2024-10-12 10:36:00,Houston,TX,0
TXN-004302,6596004301,Merchant_grocery_pos_8,grocery_pos,236.8,2024-10-13 15:12:00,Miami,FL,0
TXN-004303,8977004302,Merchant_gas_transport_24,gas_transport,69.03,2024-10-14 11:53:00,Los Angeles,CA,0
TXN-004304,1603004303,Merchant_grocery_pos_6,grocery_pos,360.0,2024-10-15 22:56:00,Atlanta,GA,1
TXN-004305,2194004304,Merchant_misc_pos_42,misc_pos,172.44,2024-10-16 14:49:00,Columbus,OH,0
TXN-004306,9355004305,Merchant_shopping_pos_5,shopping_pos,257.62,2024-10-17 13:45:00,Atlanta,GA,0
TXN-004307,7929004306,Merchant_grocery_pos_20,grocery_pos,203.46,2024-10-18 17:27:00,Seattle,WA,0
TXN-004308,1045004307,Merchant_home_28,home,269.17,2024-10-19 11:49:00,Miami,FL,0
TXN-004309,2732004308,Merchant_misc_pos_39,misc_pos,251.58,2024-10-20 08:50:00,Columbus,OH,0
TXN-004310,1572004309,Merchant_food_dining_40,food_dining,256.52,2024-10-21 16:32:00,Philadelphia,PA,0
TXN-004311,7420004310,Merchant_gas_transport_13,gas_transport,247.14,2024-10-22 13:55:00,Los Angeles,CA,0
TXN-004312,8529004311,Merchant_personal_care_8,personal_care,135.52,2024-10-23 18:30:00,Miami,FL,0
TXN-004313,6489004312,Merchant_personal_care_13,personal_care,7.76,2024-10-24 12:09:00,Charlotte,NC,0
TXN-004314,3324004313,Merchant_shopping_pos_32,shopping_pos,54.13,2024-10-25 11:37:00,Philadelphia,PA,0
TXN-004315,3725004314,Merchant_grocery_pos_48,grocery_pos,14444.6,2024-10-26 04:18:00,Charlotte,NC,1
TXN-004316,4465004315,Merchant_misc_net_21,misc_net,5109.59,2024-10-27 03:28:00,New York,NY,1
TXN-004317,6932004316,Merchant_shopping_net_18,shopping_net,231.09,2024-10-28 11:46:00,Chicago,IL,0
TXN-004318,7622004317,Merchant_home_27,home,14.57,2024-10-29 12:17:00,New York,NY,0
TXN-004319,3831004318,Merchant_kids_pets_24,kids_pets,91.5,2024-10-30 16:35:00,Philadelphia,PA,0
TXN-004320,6358004319,Merchant_home_48,home,253.93,2024-10-31 20:11:00,Seattle,WA,0
TXN-004321,3527004320,Merchant_grocery_pos_38,grocery_pos,5427.96,2024-11-01 23:17:00,Houston,TX,1
TXN-004322,2088004321,Merchant_entertainment_35,entertainment,321.37,2024-11-02 12:39:00,Los Angeles,CA,0
TXN-004323,6726004322,Merchant_health_fitness_23,health_fitness,95.16,2024-11-03 10:03:00,Columbus,OH,0
TXN-004324,3485004323,Merchant_kids_pets_44,kids_pets,151.9,2024-11-04 16:00:00,Philadelphia,PA,0
TXN-004325,2892004324,Merchant_shopping_net_9,shopping_net,604.05,2024-11-05 04:01:00,Philadelphia,PA,1
TXN-004326,6780004325,Merchant_food_dining_14,food_dining,168.41,2024-11-06 19:10:00,Charlotte,NC,0
TXN-004327,7304004326,Merchant_food_dining_18,food_dining,105.28,2024-11-07 09:03:00,Philadelphia,PA,0
TXN-004328,6070004327,Merchant_grocery_pos_42,grocery_pos,309.34,2024-11-08 15:44:00,Columbus,OH,0
TXN-004329,4821004328,Merchant_personal_care_19,personal_care,344.01,2024-11-09 15:45:00,Philadelphia,PA,0
TXN-004330,3957004329,Merchant_grocery_pos_20,grocery_pos,152.03,2024-11-10 19:43:00,Charlotte,NC,0
TXN-004331,2549004330,Merchant_home_18,home,9.56,2024-11-11 18:19:00,Chicago,IL,0
TXN-004332,6652004331,Merchant_gas_transport_8,gas_transport,207.28,2024-11-12 08:16:00,Columbus,OH,0
TXN-004333,3647004332,Merchant_shopping_pos_22,shopping_pos,276.91,2024-11-13 00:25:00,Philadelphia,PA,1
TXN-004334,8622004333,Merchant_travel_21,travel,73.27,2024-11-14 09:23:00,New York,NY,0
TXN-004335,3370004334,Merchant_shopping_pos_21,shopping_pos,121.96,2024-11-15 17:44:00,Atlanta,GA,0
TXN-004336,4582004335,Merchant_shopping_pos_41,shopping_pos,142.82,2024-11-16 09:50:00,Miami,FL,0
TXN-004337,2213004336,Merchant_grocery_pos_19,grocery_pos,7447.73,2024-11-17 05:04:00,New York,NY,1
TXN-004338,1702004337,Merchant_kids_pets_5,kids_pets,374.72,2024-11-18 16:58:00,New York,NY,0
TXN-004339,7310004338,Merchant_shopping_net_7,shopping_net,76.15,2024-11-19 19:11:00,New York,NY,0
TXN-004340,5874004339,Merchant_grocery_pos_21,grocery_pos,3945.56,2024-11-20 01:15:00,Philadelphia,PA,1
TXN-004341,7144004340,Merchant_health_fitness_37,health_fitness,249.32,2024-11-21 15:54:00,Columbus,OH,0
TXN-004342,2391004341,Merchant_travel_28,travel,282.84,2024-11-22 08:37:00,New York,NY,0
TXN-004343,5314004342,Merchant_misc_pos_36,misc_pos,53.99,2024-11-23 16:02:00,Atlanta,GA,0
TXN-004344,6676004343,Merchant_entertainment_36,entertainment,387.1,2024-11-24 13:52:00,Atlanta,GA,0
TXN-004345,2747004344,Merchant_shopping_net_30,shopping_net,281.85,2024-11-25 09:47:00,Seattle,WA,0
TXN-004346,7985004345,Merchant_kids_pets_43,kids_pets,154.49,2024-11-26 11:26:00,Atlanta,GA,0
TXN-004347,2535004346,Merchant_misc_net_32,misc_net,370.11,2024-11-27 20:30:00,Charlotte,NC,0
TXN-004348,3593004347,Merchant_grocery_pos_9,grocery_pos,332.27,2024-11-28 08:57:00,Seattle,WA,0
TXN-004349,4373004348,Merchant_misc_net_37,misc_net,3203.12,2024-11-29 22:14:00,Atlanta,GA,1
TXN-004350,9437004349,Merchant_entertainment_49,entertainment,261.74,2024-11-30 19:15:00,Seattle,WA,0
TXN-004351,8245004350,Merchant_shopping_net_21,shopping_net,124.91,2024-12-01 16:26:00,Miami,FL,0
TXN-004352,5285004351,Merchant_misc_net_19,misc_net,373.78,2024-12-02 17:17:00,Philadelphia,PA,0
TXN-004353,3418004352,Merchant_entertainment_38,entertainment,132.91,2024-12-03 14:13:00,Chicago,IL,0
TXN-004354,9594004353,Merchant_misc_net_38,misc_net,8179.87,2024-12-04 05:07:00,Columbus,OH,1
TXN-004355,6713004354,Merchant_personal_care_15,personal_care,340.75,2024-12-05 12:12:00,Atlanta,GA,0
TXN-004356,6721004355,Merchant_home_5,home,288.69,2024-12-06 17:37:00,Atlanta,GA,0
TXN-004357,8641004356,Merchant_entertainment_31,entertainment,159.85,2024-12-07 19:30:00,Columbus,OH,0
TXN-004358,7455004357,Merchant_food_dining_35,food_dining,83.98,2024-12-08 10:34:00,Columbus,OH,0
TXN-004359,3471004358,Merchant_gas_transport_15,gas_transport,361.41,2024-12-09 17:53:00,Seattle,WA,0
TXN-004360,8877004359,Merchant_gas_transport_30,gas_transport,205.45,2024-12-10 08:38:00,Atlanta,GA,0
TXN-004361,5409004360,Merchant_health_fitness_43,health_fitness,343.84,2024-12-11 20:47:00,Seattle,WA,0
TXN-004362,9289004361,Merchant_food_dining_22,food_dining,89.52,2024-12-12 19:07:00,Miami,FL,0
TXN-004363,8055004362,Merchant_shopping_net_20,shopping_net,8933.8,2024-12-13 22:10:00,Columbus,OH,1
TXN-004364,7597004363,Merchant_entertainment_42,entertainment,45.24,2024-12-14 11:15:00,Philadelphia,PA,0
TXN-004365,2283004364,Merchant_misc_net_27,misc_net,256.61,2024-12-15 20:15:00,Columbus,OH,0
TXN-004366,3731004365,Merchant_kids_pets_14,kids_pets,51.07,2024-12-16 16:44:00,Columbus,OH,0
TXN-004367,3891004366,Merchant_entertainment_26,entertainment,197.56,2024-12-17 08:11:00,Philadelphia,PA,0
TXN-004368,6827004367,Merchant_health_fitness_37,health_fitness,127.07,2024-12-18 09:44:00,Miami,FL,0
TXN-004369,5902004368,Merchant_kids_pets_31,kids_pets,61.51,2024-12-19 11:13:00,Los Angeles,CA,0
TXN-004370,5248004369,Merchant_misc_pos_47,misc_pos,332.91,2024-12-20 17:21:00,Miami,FL,0
TXN-004371,5744004370,Merchant_shopping_net_31,shopping_net,10256.89,2024-12-21 23:55:00,Columbus,OH,1
TXN-004372,3878004371,Merchant_travel_16,travel,119.56,2024-12-22 08:58:00,Philadelphia,PA,0
TXN-004373,2879004372,Merchant_food_dining_38,food_dining,380.6,2024-12-23 13:20:00,Seattle,WA,0
TXN-004374,2879004373,Merchant_shopping_net_45,shopping_net,9472.52,2024-12-24 22:57:00,Columbus,OH,1
TXN-004375,4881004374,Merchant_shopping_pos_33,shopping_pos,1194.13,2024-12-25 05:58:00,Los Angeles,CA,1
TXN-004376,2979004375,Merchant_health_fitness_1,health_fitness,328.45,2024-12-26 11:38:00,Atlanta,GA,0
TXN-004377,9361004376,Merchant_grocery_pos_32,grocery_pos,19.29,2024-12-27 18:17:00,Atlanta,GA,0
TXN-004378,1663004377,Merchant_kids_pets_1,kids_pets,375.72,2024-12-28 08:41:00,Seattle,WA,0
TXN-004379,6349004378,Merchant_shopping_pos_9,shopping_pos,333.38,2024-12-29 19:28:00,Columbus,OH,0
TXN-004380,6559004379,Merchant_personal_care_22,personal_care,250.35,2024-12-30 08:23:00,Chicago,IL,0
TXN-004381,9711004380,Merchant_shopping_net_31,shopping_net,254.45,2024-01-01 15:56:00,Seattle,WA,0
TXN-004382,1826004381,Merchant_misc_net_7,misc_net,210.6,2024-01-02 20:04:00,Atlanta,GA,0
TXN-004383,9836004382,Merchant_misc_pos_9,misc_pos,289.54,2024-01-03 09:58:00,Columbus,OH,0
TXN-004384,4177004383,Merchant_travel_42,travel,43.73,2024-01-04 13:02:00,Houston,TX,0
TXN-004385,7178004384,Merchant_misc_net_49,misc_net,398.66,2024-01-05 13:22:00,Miami,FL,0
TXN-004386,1436004385,Merchant_grocery_pos_32,grocery_pos,138.15,2024-01-06 09:07:00,Chicago,IL,0
TXN-004387,1517004386,Merchant_travel_2,travel,270.73,2024-01-07 16:42:00,Houston,TX,0
TXN-004388,8440004387,Merchant_misc_pos_15,misc_pos,361.62,2024-01-08 12:57:00,Miami,FL,0
TXN-004389,9934004388,Merchant_misc_net_23,misc_net,196.43,2024-01-09 15:05:00,Miami,FL,0
TXN-004390,1644004389,Merchant_personal_care_19,personal_care,381.29,2024-01-10 17:30:00,Miami,FL,0
TXN-004391,7247004390,Merchant_misc_net_2,misc_net,700.94,2024-01-11 01:38:00,Chicago,IL,1
TXN-004392,9601004391,Merchant_health_fitness_45,health_fitness,389.81,2024-01-12 10:43:00,Seattle,WA,0
TXN-004393,7012004392,Merchant_home_23,home,260.57,2024-01-13 10:43:00,Atlanta,GA,0
TXN-004394,9110004393,Merchant_shopping_pos_40,shopping_pos,3709.43,2024-01-14 00:06:00,Miami,FL,1
TXN-004395,7817004394,Merchant_gas_transport_25,gas_transport,362.59,2024-01-15 18:13:00,Philadelphia,PA,0
TXN-004396,7379004395,Merchant_entertainment_38,entertainment,147.42,2024-01-16 10:09:00,Chicago,IL,0
TXN-004397,4025004396,Merchant_travel_48,travel,285.46,2024-01-17 12:01:00,Columbus,OH,0
TXN-004398,7175004397,Merchant_shopping_net_26,shopping_net,209.67,2024-01-18 10:39:00,New York,NY,0
TXN-004399,4942004398,Merchant_misc_pos_22,misc_pos,258.54,2024-01-19 14:43:00,New York,NY,0
TXN-004400,4917004399,Merchant_misc_net_9,misc_net,8831.8,2024-01-20 04:33:00,Chicago,IL,1
TXN-004401,6999004400,Merchant_kids_pets_6,kids_pets,25.15,2024-01-21 14:56:00,Miami,FL,0
TXN-004402,8310004401,Merchant_misc_pos_7,misc_pos,344.76,2024-01-22 10:28:00,Chicago,IL,0
TXN-004403,2271004402,Merchant_grocery_pos_45,grocery_pos,10226.65,2024-01-23 22:02:00,New York,NY,1
TXN-004404,3204004403,Merchant_misc_net_39,misc_net,1094.17,2024-01-24 23:01:00,Chicago,IL,1
TXN-004405,6737004404,Merchant_travel_4,travel,169.0,2024-01-25 15:28:00,Atlanta,GA,0
TXN-004406,1638004405,Merchant_misc_net_22,misc_net,316.26,2024-01-26 15:11:00,Columbus,OH,0
TXN-004407,4264004406,Merchant_grocery_pos_36,grocery_pos,344.72,2024-01-27 13:41:00,Houston,TX,0
TXN-004408,3017004407,Merchant_food_dining_41,food_dining,13.52,2024-01-28 14:00:00,Miami,FL,0
TXN-004409,7431004408,Merchant_kids_pets_1,kids_pets,162.59,2024-01-29 14:15:00,Seattle,WA,0
TXN-004410,8692004409,Merchant_travel_12,travel,352.71,2024-01-30 15:21:00,Seattle,WA,0
TXN-004411,3961004410,Merchant_misc_net_16,misc_net,690.85,2024-01-31 01:44:00,Columbus,OH,1
TXN-004412,7236004411,Merchant_misc_net_34,misc_net,67.57,2024-02-01 12:58:00,Miami,FL,0
TXN-004413,5530004412,Merchant_gas_transport_17,gas_transport,74.81,2024-02-02 11:57:00,Atlanta,GA,0
TXN-004414,7497004413,Merchant_personal_care_30,personal_care,111.49,2024-02-03 17:40:00,Philadelphia,PA,0
TXN-004415,4235004414,Merchant_misc_net_48,misc_net,164.49,2024-02-04 14:51:00,Houston,TX,0
TXN-004416,8912004415,Merchant_food_dining_17,food_dining,136.39,2024-02-05 09:00:00,Philadelphia,PA,0
TXN-004417,1967004416,Merchant_shopping_net_39,shopping_net,383.53,2024-02-06 09:58:00,Miami,FL,0
TXN-004418,8539004417,Merchant_gas_transport_44,gas_transport,244.49,2024-02-07 12:43:00,Miami,FL,0
TXN-004419,3634004418,Merchant_grocery_pos_44,grocery_pos,521.28,2024-02-08 01:11:00,Atlanta,GA,1
TXN-004420,1691004419,Merchant_personal_care_14,personal_care,329.13,2024-02-09 16:42:00,Atlanta,GA,0
TXN-004421,9088004420,Merchant_kids_pets_28,kids_pets,19.85,2024-02-10 18:35:00,Seattle,WA,0
TXN-004422,9857004421,Merchant_grocery_pos_26,grocery_pos,268.64,2024-02-11 20:38:00,Houston,TX,0
TXN-004423,1034004422,Merchant_travel_43,travel,22.52,2024-02-12 18:42:00,Los Angeles,CA,0
TXN-004424,6609004423,Merchant_personal_care_22,personal_care,183.5,2024-02-13 08:38:00,Charlotte,NC,0
TXN-004425,1383004424,Merchant_shopping_pos_39,shopping_pos,7019.24,2024-02-14 03:20:00,Philadelphia,PA,1
TXN-004426,4112004425,Merchant_kids_pets_24,kids_pets,397.09,2024-02-15 10:46:00,Philadelphia,PA,0
TXN-004427,9883004426,Merchant_grocery_pos_15,grocery_pos,65.35,2024-02-16 12:56:00,Seattle,WA,0
TXN-004428,1378004427,Merchant_health_fitness_35,health_fitness,260.5,2024-02-17 10:37:00,Philadelphia,PA,0
TXN-004429,6715004428,Merchant_entertainment_8,entertainment,288.12,2024-02-18 08:52:00,Chicago,IL,0
TXN-004430,9863004429,Merchant_grocery_pos_19,grocery_pos,96.23,2024-02-19 16:07:00,Los Angeles,CA,0
TXN-004431,2477004430,Merchant_shopping_pos_20,shopping_pos,387.97,2024-02-20 15:58:00,New York,NY,0
TXN-004432,7794004431,Merchant_misc_pos_25,misc_pos,137.6,2024-02-21 13:13:00,Houston,TX,0
TXN-004433,1145004432,Merchant_entertainment_1,entertainment,197.18,2024-02-22 17:00:00,Miami,FL,0
TXN-004434,8622004433,Merchant_gas_transport_42,gas_transport,24.85,2024-02-23 10:09:00,Charlotte,NC,0
TXN-004435,4187004434,Merchant_gas_transport_13,gas_transport,51.58,2024-02-24 11:01:00,Miami,FL,0
TXN-004436,3834004435,Merchant_travel_36,travel,391.65,2024-02-25 09:15:00,Atlanta,GA,0
TXN-004437,5278004436,Merchant_shopping_pos_32,shopping_pos,8708.55,2024-02-26 05:58:00,Houston,TX,1
TXN-004438,1094004437,Merchant_misc_net_44,misc_net,276.08,2024-02-27 16:52:00,Atlanta,GA,0
TXN-004439,4179004438,Merchant_entertainment_42,entertainment,150.35,2024-02-28 19:34:00,Seattle,WA,0
TXN-004440,4383004439,Merchant_misc_pos_11,misc_pos,275.69,2024-02-29 13:02:00,New York,NY,0
TXN-004441,2345004440,Merchant_shopping_pos_49,shopping_pos,362.48,2024-03-01 02:21:00,Chicago,IL,1
TXN-004442,9646004441,Merchant_shopping_pos_11,shopping_pos,137.13,2024-03-02 19:27:00,New York,NY,0
TXN-004443,9528004442,Merchant_food_dining_3,food_dining,303.68,2024-03-03 16:51:00,Philadelphia,PA,0
TXN-004444,1366004443,Merchant_misc_net_28,misc_net,229.08,2024-03-04 11:24:00,Columbus,OH,0
TXN-004445,7141004444,Merchant_personal_care_31,personal_care,149.8,2024-03-05 09:52:00,Charlotte,NC,0
TXN-004446,7740004445,Merchant_shopping_pos_2,shopping_pos,106.28,2024-03-06 18:44:00,Philadelphia,PA,0
TXN-004447,1489004446,Merchant_grocery_pos_42,grocery_pos,7.39,2024-03-07 10:39:00,Houston,TX,0
TXN-004448,3433004447,Merchant_shopping_pos_28,shopping_pos,201.37,2024-03-08 15:57:00,Columbus,OH,0
TXN-004449,8357004448,Merchant_misc_pos_49,misc_pos,229.36,2024-03-09 08:10:00,New York,NY,0
TXN-004450,6710004449,Merchant_misc_pos_39,misc_pos,295.91,2024-03-10 08:20:00,Charlotte,NC,0
TXN-004451,9311004450,Merchant_food_dining_11,food_dining,24.09,2024-03-11 14:54:00,Columbus,OH,0
TXN-004452,8752004451,Merchant_home_35,home,162.84,2024-03-12 14:16:00,Atlanta,GA,0
TXN-004453,2118004452,Merchant_shopping_pos_5,shopping_pos,12525.72,2024-03-13 04:46:00,Charlotte,NC,1
TXN-004454,8806004453,Merchant_misc_net_18,misc_net,134.57,2024-03-14 17:23:00,Philadelphia,PA,0
TXN-004455,4729004454,Merchant_personal_care_1,personal_care,26.45,2024-03-15 12:02:00,Philadelphia,PA,0
TXN-004456,7871004455,Merchant_personal_care_21,personal_care,202.87,2024-03-16 17:19:00,New York,NY,0
TXN-004457,6071004456,Merchant_health_fitness_24,health_fitness,74.98,2024-03-17 08:35:00,Los Angeles,CA,0
TXN-004458,9662004457,Merchant_misc_net_5,misc_net,273.67,2024-03-18 13:51:00,Charlotte,NC,0
TXN-004459,5880004458,Merchant_health_fitness_40,health_fitness,169.86,2024-03-19 16:43:00,Houston,TX,0
TXN-004460,8227004459,Merchant_entertainment_12,entertainment,270.83,2024-03-20 19:39:00,Chicago,IL,0
TXN-004461,2254004460,Merchant_kids_pets_40,kids_pets,299.01,2024-03-21 11:20:00,Los Angeles,CA,0
TXN-004462,2049004461,Merchant_grocery_pos_17,grocery_pos,13553.37,2024-03-22 23:15:00,Atlanta,GA,1
TXN-004463,5305004462,Merchant_entertainment_41,entertainment,48.42,2024-03-23 18:50:00,Philadelphia,PA,0
TXN-004464,7153004463,Merchant_shopping_net_35,shopping_net,5428.69,2024-03-24 23:44:00,Philadelphia,PA,1
TXN-004465,7350004464,Merchant_grocery_pos_30,grocery_pos,8162.22,2024-03-25 23:12:00,Seattle,WA,1
TXN-004466,5836004465,Merchant_health_fitness_49,health_fitness,32.16,2024-03-26 13:21:00,Atlanta,GA,0
TXN-004467,2266004466,Merchant_grocery_pos_4,grocery_pos,123.17,2024-03-27 17:09:00,Seattle,WA,0
TXN-004468,6565004467,Merchant_health_fitness_47,health_fitness,346.18,2024-03-28 19:34:00,Chicago,IL,0
TXN-004469,3197004468,Merchant_misc_net_31,misc_net,8754.26,2024-03-29 04:37:00,Seattle,WA,1
TXN-004470,7210004469,Merchant_misc_net_41,misc_net,366.26,2024-03-30 16:23:00,Charlotte,NC,0
TXN-004471,7782004470,Merchant_shopping_net_3,shopping_net,367.27,2024-03-31 08:07:00,Houston,TX,0
TXN-004472,7494004471,Merchant_health_fitness_13,health_fitness,395.06,2024-04-01 13:42:00,Chicago,IL,0
TXN-004473,7969004472,Merchant_shopping_pos_39,shopping_pos,1073.89,2024-04-02 04:30:00,Atlanta,GA,1
TXN-004474,8909004473,Merchant_food_dining_33,food_dining,348.28,2024-04-03 13:48:00,Seattle,WA,0
TXN-004475,8147004474,Merchant_shopping_net_8,shopping_net,312.78,2024-04-04 18:28:00,Los Angeles,CA,0
TXN-004476,2035004475,Merchant_misc_pos_36,misc_pos,165.58,2024-04-05 11:48:00,Houston,TX,0
TXN-004477,6513004476,Merchant_entertainment_12,entertainment,260.17,2024-04-06 18:08:00,Atlanta,GA,0
TXN-004478,5090004477,Merchant_misc_pos_18,misc_pos,247.94,2024-04-07 11:58:00,Atlanta,GA,0
TXN-004479,5733004478,Merchant_misc_net_41,misc_net,345.91,2024-04-08 20:02:00,Columbus,OH,0
TXN-004480,1912004479,Merchant_misc_net_40,misc_net,69.98,2024-04-09 18:32:00,Charlotte,NC,0
TXN-004481,1477004480,Merchant_entertainment_5,entertainment,292.08,2024-04-10 16:42:00,Atlanta,GA,0
TXN-004482,1565004481,Merchant_entertainment_31,entertainment,217.22,2024-04-11 10:51:00,Seattle,WA,0
TXN-004483,3840004482,Merchant_grocery_pos_14,grocery_pos,13866.24,2024-04-12 03:08:00,Miami,FL,1
TXN-004484,2094004483,Merchant_misc_pos_31,misc_pos,7.97,2024-04-13 10:22:00,Miami,FL,0
TXN-004485,2788004484,Merchant_travel_19,travel,180.74,2024-04-14 17:26:00,Philadelphia,PA,0
TXN-004486,2029004485,Merchant_grocery_pos_14,grocery_pos,316.08,2024-04-15 20:09:00,Chicago,IL,0
TXN-004487,7231004486,Merchant_gas_transport_8,gas_transport,340.53,2024-04-16 11:53:00,Columbus,OH,0
TXN-004488,7977004487,Merchant_kids_pets_5,kids_pets,35.12,2024-04-17 20:22:00,New York,NY,0
TXN-004489,7755004488,Merchant_entertainment_27,entertainment,137.98,2024-04-18 08:26:00,New York,NY,0
TXN-004490,8006004489,Merchant_grocery_pos_8,grocery_pos,201.46,2024-04-19 23:19:00,Houston,TX,1
TXN-004491,2654004490,Merchant_entertainment_29,entertainment,133.92,2024-04-20 09:11:00,New York,NY,0
TXN-004492,1552004491,Merchant_shopping_net_4,shopping_net,335.47,2024-04-21 09:01:00,Atlanta,GA,0
TXN-004493,1518004492,Merchant_food_dining_17,food_dining,278.6,2024-04-22 14:40:00,Atlanta,GA,0
TXN-004494,8501004493,Merchant_travel_38,travel,136.96,2024-04-23 16:49:00,Seattle,WA,0
TXN-004495,4587004494,Merchant_personal_care_18,personal_care,318.59,2024-04-24 18:34:00,Houston,TX,0
TXN-004496,1725004495,Merchant_grocery_pos_35,grocery_pos,5990.91,2024-04-25 04:26:00,Seattle,WA,1
TXN-004497,9346004496,Merchant_shopping_pos_20,shopping_pos,274.69,2024-04-26 00:51:00,New York,NY,1
TXN-004498,9483004497,Merchant_kids_pets_25,kids_pets,61.75,2024-04-27 20:20:00,Chicago,IL,0
TXN-004499,9591004498,Merchant_misc_pos_22,misc_pos,201.95,2024-04-28 17:54:00,New York,NY,0
TXN-004500,2885004499,Merchant_health_fitness_49,health_fitness,239.49,2024-04-29 17:05:00,Los Angeles,CA,0
TXN-004501,2935004500,Merchant_grocery_pos_43,grocery_pos,365.04,2024-04-30 11:35:00,New York,NY,0
TXN-004502,5324004501,Merchant_personal_care_28,personal_care,110.16,2024-05-01 08:37:00,New York,NY,0
TXN-004503,4766004502,Merchant_travel_47,travel,374.64,2024-05-02 12:48:00,Chicago,IL,0
TXN-004504,5716004503,Merchant_personal_care_11,personal_care,239.89,2024-05-03 19:02:00,Seattle,WA,0
TXN-004505,8803004504,Merchant_entertainment_30,entertainment,112.06,2024-05-04 10:36:00,Atlanta,GA,0
TXN-004506,9180004505,Merchant_food_dining_17,food_dining,181.73,2024-05-05 18:54:00,Chicago,IL,0
TXN-004507,6452004506,Merchant_shopping_pos_29,shopping_pos,49.27,2024-05-06 18:31:00,New York,NY,0
TXN-004508,1821004507,Merchant_shopping_pos_23,shopping_pos,324.3,2024-05-07 18:53:00,Los Angeles,CA,0
TXN-004509,3264004508,Merchant_health_fitness_18,health_fitness,168.15,2024-05-08 10:16:00,Columbus,OH,0
TXN-004510,5566004509,Merchant_shopping_net_46,shopping_net,253.38,2024-05-09 09:55:00,Charlotte,NC,0
TXN-004511,1558004510,Merchant_grocery_pos_30,grocery_pos,236.62,2024-05-10 10:43:00,Houston,TX,0
TXN-004512,9009004511,Merchant_home_36,home,318.04,2024-05-11 12:50:00,Houston,TX,0
TXN-004513,9024004512,Merchant_travel_39,travel,344.51,2024-05-12 11:35:00,Miami,FL,0
TXN-004514,3215004513,Merchant_personal_care_8,personal_care,392.96,2024-05-13 15:14:00,Houston,TX,0
TXN-004515,4117004514,Merchant_shopping_net_46,shopping_net,7618.49,2024-05-14 00:18:00,Houston,TX,1
TXN-004516,1816004515,Merchant_food_dining_47,food_dining,30.53,2024-05-15 08:52:00,Chicago,IL,0
TXN-004517,3532004516,Merchant_grocery_pos_36,grocery_pos,388.31,2024-05-16 10:06:00,Columbus,OH,0
TXN-004518,3896004517,Merchant_gas_transport_28,gas_transport,12.67,2024-05-17 18:45:00,Columbus,OH,0
TXN-004519,3555004518,Merchant_grocery_pos_31,grocery_pos,78.09,2024-05-18 19:27:00,Charlotte,NC,0
TXN-004520,1478004519,Merchant_health_fitness_18,health_fitness,52.95,2024-05-19 18:03:00,Miami,FL,0
TXN-004521,2143004520,Merchant_grocery_pos_8,grocery_pos,10039.13,2024-05-20 05:15:00,Chicago,IL,1
TXN-004522,7075004521,Merchant_shopping_pos_45,shopping_pos,186.69,2024-05-21 10:38:00,Miami,FL,0
TXN-004523,5963004522,Merchant_shopping_net_41,shopping_net,11826.59,2024-05-22 02:05:00,Los Angeles,CA,1
TXN-004524,2214004523,Merchant_shopping_pos_21,shopping_pos,11109.12,2024-05-23 03:50:00,Miami,FL,1
TXN-004525,9417004524,Merchant_kids_pets_13,kids_pets,198.31,2024-05-24 19:43:00,Houston,TX,0
TXN-004526,4459004525,Merchant_food_dining_14,food_dining,17.13,2024-05-25 20:50:00,Chicago,IL,0
TXN-004527,8400004526,Merchant_health_fitness_17,health_fitness,218.14,2024-05-26 14:03:00,New York,NY,0
TXN-004528,9482004527,Merchant_home_30,home,250.88,2024-05-27 09:06:00,Columbus,OH,0
TXN-004529,9752004528,Merchant_health_fitness_28,health_fitness,8.98,2024-05-28 20:12:00,Philadelphia,PA,0
TXN-004530,3217004529,Merchant_food_dining_10,food_dining,217.1,2024-05-29 09:35:00,Charlotte,NC,0
TXN-004531,3144004530,Merchant_shopping_pos_28,shopping_pos,19.63,2024-05-30 15:03:00,Los Angeles,CA,0
TXN-004532,6252004531,Merchant_kids_pets_12,kids_pets,366.66,2024-05-31 11:40:00,New York,NY,0
TXN-004533,4530004532,Merchant_health_fitness_46,health_fitness,272.03,2024-06-01 17:17:00,Charlotte,NC,0
TXN-004534,5128004533,Merchant_travel_7,travel,47.27,2024-06-02 08:37:00,Philadelphia,PA,0
TXN-004535,7284004534,Merchant_misc_pos_7,misc_pos,103.26,2024-06-03 20:55:00,Seattle,WA,0
TXN-004536,3641004535,Merchant_shopping_pos_3,shopping_pos,363.18,2024-06-04 18:23:00,Miami,FL,0
TXN-004537,5575004536,Merchant_grocery_pos_15,grocery_pos,245.15,2024-06-05 20:50:00,Seattle,WA,0
TXN-004538,8312004537,Merchant_entertainment_13,entertainment,99.29,2024-06-06 18:49:00,Seattle,WA,0
TXN-004539,8700004538,Merchant_gas_transport_3,gas_transport,320.75,2024-06-07 16:11:00,Philadelphia,PA,0
TXN-004540,3679004539,Merchant_home_42,home,19.51,2024-06-08 16:42:00,Seattle,WA,0
TXN-004541,9009004540,Merchant_shopping_pos_34,shopping_pos,252.65,2024-06-09 19:03:00,Los Angeles,CA,0
TXN-004542,8762004541,Merchant_home_5,home,204.37,2024-06-10 12:53:00,Atlanta,GA,0
TXN-004543,1203004542,Merchant_home_7,home,154.11,2024-06-11 17:26:00,Columbus,OH,0
TXN-004544,5041004543,Merchant_gas_transport_1,gas_transport,315.61,2024-06-12 19:33:00,Houston,TX,0
TXN-004545,4708004544,Merchant_health_fitness_43,health_fitness,85.7,2024-06-13 15:28:00,New York,NY,0
TXN-004546,8616004545,Merchant_entertainment_13,entertainment,88.17,2024-06-14 10:09:00,New York,NY,0
TXN-004547,5264004546,Merchant_food_dining_40,food_dining,326.82,2024-06-15 12:39:00,Philadelphia,PA,0
TXN-004548,2424004547,Merchant_grocery_pos_5,grocery_pos,147.8,2024-06-16 08:22:00,Chicago,IL,0
TXN-004549,7866004548,Merchant_entertainment_6,entertainment,365.0,2024-06-17 17:14:00,Seattle,WA,0
TXN-004550,7989004549,Merchant_misc_net_23,misc_net,345.44,2024-06-18 18:03:00,Charlotte,NC,0
TXN-004551,4743004550,Merchant_gas_transport_22,gas_transport,287.14,2024-06-19 15:35:00,Los Angeles,CA,0
TXN-004552,7494004551,Merchant_home_14,home,283.7,2024-06-20 08:33:00,Houston,TX,0
TXN-004553,1472004552,Merchant_grocery_pos_27,grocery_pos,381.81,2024-06-21 10:50:00,Philadelphia,PA,0
TXN-004554,3782004553,Merchant_home_25,home,387.55,2024-06-22 17:46:00,Seattle,WA,0
TXN-004555,7696004554,Merchant_shopping_pos_46,shopping_pos,331.44,2024-06-23 19:58:00,Los Angeles,CA,0
TXN-004556,5453004555,Merchant_kids_pets_9,kids_pets,263.35,2024-06-24 20:19:00,Columbus,OH,0
TXN-004557,1740004556,Merchant_grocery_pos_44,grocery_pos,5210.86,2024-06-25 23:44:00,New York,NY,1
TXN-004558,9775004557,Merchant_shopping_net_28,shopping_net,14208.82,2024-06-26 03:36:00,Columbus,OH,1
TXN-004559,6181004558,Merchant_entertainment_20,entertainment,230.72,2024-06-27 10:54:00,Columbus,OH,0
TXN-004560,4264004559,Merchant_personal_care_1,personal_care,234.74,2024-06-28 10:21:00,Philadelphia,PA,0
TXN-004561,8513004560,Merchant_gas_transport_41,gas_transport,105.8,2024-06-29 20:08:00,Chicago,IL,0
TXN-004562,2931004561,Merchant_food_dining_26,food_dining,295.67,2024-06-30 19:43:00,Houston,TX,0
TXN-004563,1682004562,Merchant_travel_13,travel,388.59,2024-07-01 11:04:00,Philadelphia,PA,0
TXN-004564,7991004563,Merchant_gas_transport_28,gas_transport,391.54,2024-07-02 09:34:00,Seattle,WA,0
TXN-004565,8566004564,Merchant_grocery_pos_16,grocery_pos,416.7,2024-07-03 23:21:00,Atlanta,GA,1
TXN-004566,1098004565,Merchant_gas_transport_42,gas_transport,81.14,2024-07-04 12:50:00,New York,NY,0
TXN-004567,8772004566,Merchant_shopping_pos_23,shopping_pos,121.06,2024-07-05 16:53:00,Atlanta,GA,0
TXN-004568,9643004567,Merchant_gas_transport_28,gas_transport,64.87,2024-07-06 11:34:00,Seattle,WA,0
TXN-004569,2456004568,Merchant_shopping_net_29,shopping_net,13961.59,2024-07-07 05:50:00,Houston,TX,1
TXN-004570,5308004569,Merchant_grocery_pos_46,grocery_pos,85.64,2024-07-08 13:48:00,Columbus,OH,0
TXN-004571,4505004570,Merchant_grocery_pos_7,grocery_pos,560.38,2024-07-09 04:29:00,New York,NY,1
TXN-004572,3665004571,Merchant_grocery_pos_11,grocery_pos,237.78,2024-07-10 20:15:00,Columbus,OH,0
TXN-004573,5027004572,Merchant_health_fitness_39,health_fitness,132.41,2024-07-11 13:42:00,Charlotte,NC,0
TXN-004574,5180004573,Merchant_health_fitness_45,health_fitness,205.21,2024-07-12 13:40:00,Seattle,WA,0
TXN-004575,4339004574,Merchant_shopping_pos_15,shopping_pos,90.82,2024-07-13 22:02:00,New York,NY,1
TXN-004576,5452004575,Merchant_misc_net_22,misc_net,2097.23,2024-07-14 05:50:00,Seattle,WA,1
TXN-004577,7277004576,Merchant_shopping_net_25,shopping_net,195.07,2024-07-15 15:35:00,Seattle,WA,0
TXN-004578,5639004577,Merchant_shopping_pos_41,shopping_pos,43.11,2024-07-16 20:04:00,Seattle,WA,0
TXN-004579,2502004578,Merchant_misc_net_22,misc_net,227.14,2024-07-17 14:55:00,Houston,TX,0
TXN-004580,7669004579,Merchant_entertainment_33,entertainment,22.51,2024-07-18 16:39:00,Atlanta,GA,0
TXN-004581,9899004580,Merchant_personal_care_11,personal_care,135.52,2024-07-19 16:00:00,Houston,TX,0
TXN-004582,9913004581,Merchant_kids_pets_26,kids_pets,218.12,2024-07-20 18:01:00,Seattle,WA,0
TXN-004583,6318004582,Merchant_gas_transport_10,gas_transport,59.5,2024-07-21 18:55:00,Seattle,WA,0
TXN-004584,9465004583,Merchant_shopping_pos_12,shopping_pos,262.91,2024-07-22 15:18:00,Atlanta,GA,0
TXN-004585,5313004584,Merchant_misc_pos_38,misc_pos,35.57,2024-07-23 14:23:00,Columbus,OH,0
TXN-004586,1243004585,Merchant_personal_care_41,personal_care,146.65,2024-07-24 18:29:00,Philadelphia,PA,0
TXN-004587,1773004586,Merchant_health_fitness_38,health_fitness,274.45,2024-07-25 11:45:00,Columbus,OH,0
TXN-004588,5282004587,Merchant_home_6,home,57.59,2024-07-26 12:42:00,Columbus,OH,0
TXN-004589,7279004588,Merchant_home_45,home,48.07,2024-07-27 09:30:00,Philadelphia,PA,0
TXN-004590,6332004589,Merchant_home_49,home,66.14,2024-07-28 10:51:00,Houston,TX,0
TXN-004591,4285004590,Merchant_shopping_pos_4,shopping_pos,373.58,2024-07-29 00:21:00,Houston,TX,1
TXN-004592,4911004591,Merchant_misc_net_38,misc_net,397.43,2024-07-30 15:46:00,Seattle,WA,0
TXN-004593,8029004592,Merchant_misc_net_37,misc_net,7506.1,2024-07-31 22:33:00,Chicago,IL,1
TXN-004594,1006004593,Merchant_shopping_pos_49,shopping_pos,14021.29,2024-08-01 22:53:00,Columbus,OH,1
TXN-004595,6460004594,Merchant_home_44,home,201.59,2024-08-02 19:15:00,Los Angeles,CA,0
TXN-004596,1593004595,Merchant_gas_transport_42,gas_transport,108.06,2024-08-03 13:50:00,New York,NY,0
TXN-004597,8860004596,Merchant_personal_care_7,personal_care,251.43,2024-08-04 20:24:00,Columbus,OH,0
TXN-004598,4021004597,Merchant_personal_care_21,personal_care,114.81,2024-08-05 11:30:00,Philadelphia,PA,0
TXN-004599,9425004598,Merchant_kids_pets_44,kids_pets,201.7,2024-08-06 11:12:00,Miami,FL,0
TXN-004600,4138004599,Merchant_travel_12,travel,200.56,2024-08-07 19:46:00,Miami,FL,0
TXN-004601,7153004600,Merchant_shopping_pos_34,shopping_pos,246.84,2024-08-08 15:26:00,Seattle,WA,0
TXN-004602,1684004601,Merchant_misc_net_48,misc_net,15.57,2024-08-09 14:57:00,Chicago,IL,0
TXN-004603,9533004602,Merchant_kids_pets_26,kids_pets,299.76,2024-08-10 20:01:00,New York,NY,0
TXN-004604,9179004603,Merchant_grocery_pos_33,grocery_pos,5168.3,2024-08-11 02:06:00,Seattle,WA,1
TXN-004605,2575004604,Merchant_grocery_pos_12,grocery_pos,279.06,2024-08-12 11:08:00,Philadelphia,PA,0
TXN-004606,5764004605,Merchant_travel_6,travel,66.48,2024-08-13 09:47:00,Columbus,OH,0
TXN-004607,6603004606,Merchant_personal_care_16,personal_care,399.72,2024-08-14 18:00:00,Philadelphia,PA,0
TXN-004608,1573004607,Merchant_shopping_net_14,shopping_net,315.82,2024-08-15 14:16:00,Atlanta,GA,0
TXN-004609,5765004608,Merchant_travel_4,travel,304.56,2024-08-16 18:29:00,Philadelphia,PA,0
TXN-004610,4327004609,Merchant_entertainment_32,entertainment,84.87,2024-08-17 08:21:00,Houston,TX,0
TXN-004611,5590004610,Merchant_entertainment_8,entertainment,257.2,2024-08-18 20:49:00,Los Angeles,CA,0
TXN-004612,1850004611,Merchant_shopping_pos_46,shopping_pos,5192.64,2024-08-19 03:54:00,New York,NY,1
TXN-004613,3930004612,Merchant_food_dining_1,food_dining,134.96,2024-08-20 16:38:00,Charlotte,NC,0
TXN-004614,9294004613,Merchant_home_45,home,100.88,2024-08-21 13:09:00,Atlanta,GA,0
TXN-004615,3829004614,Merchant_shopping_net_23,shopping_net,14485.96,2024-08-22 04:43:00,Houston,TX,1
TXN-004616,1142004615,Merchant_misc_net_30,misc_net,280.81,2024-08-23 12:14:00,Philadelphia,PA,0
TXN-004617,5782004616,Merchant_grocery_pos_21,grocery_pos,9.28,2024-08-24 20:35:00,Miami,FL,0
TXN-004618,6796004617,Merchant_travel_23,travel,366.09,2024-08-25 16:53:00,Seattle,WA,0
TXN-004619,6317004618,Merchant_misc_net_4,misc_net,123.64,2024-08-26 15:51:00,Houston,TX,0
TXN-004620,8015004619,Merchant_food_dining_35,food_dining,208.66,2024-08-27 17:56:00,Los Angeles,CA,0
TXN-004621,9637004620,Merchant_shopping_pos_10,shopping_pos,137.47,2024-08-28 08:02:00,Houston,TX,0
TXN-004622,5678004621,Merchant_misc_net_43,misc_net,250.63,2024-08-29 12:51:00,Houston,TX,0
TXN-004623,3694004622,Merchant_entertainment_32,entertainment,69.29,2024-08-30 20:12:00,Seattle,WA,0
TXN-004624,5886004623,Merchant_travel_39,travel,268.15,2024-08-31 19:11:00,Los Angeles,CA,0
TXN-004625,9413004624,Merchant_home_31,home,167.47,2024-09-01 13:44:00,Houston,TX,0
TXN-004626,9748004625,Merchant_grocery_pos_43,grocery_pos,371.99,2024-09-02 16:51:00,Seattle,WA,0
TXN-004627,6906004626,Merchant_shopping_pos_10,shopping_pos,245.91,2024-09-03 15:35:00,Miami,FL,0
TXN-004628,9480004627,Merchant_grocery_pos_18,grocery_pos,2162.39,2024-09-04 04:17:00,Atlanta,GA,1
TXN-004629,4822004628,Merchant_kids_pets_1,kids_pets,348.62,2024-09-05 16:30:00,Atlanta,GA,0
TXN-004630,1706004629,Merchant_misc_net_13,misc_net,11757.86,2024-09-06 03:27:00,Charlotte,NC,1
TXN-004631,1104004630,Merchant_grocery_pos_29,grocery_pos,14887.42,2024-09-07 03:07:00,Philadelphia,PA,1
TXN-004632,3006004631,Merchant_shopping_net_17,shopping_net,188.62,2024-09-08 11:00:00,Houston,TX,0
TXN-004633,6843004632,Merchant_home_5,home,218.12,2024-09-09 08:52:00,Atlanta,GA,0
TXN-004634,9869004633,Merchant_kids_pets_7,kids_pets,151.1,2024-09-10 13:33:00,Atlanta,GA,0
TXN-004635,3584004634,Merchant_home_23,home,320.24,2024-09-11 14:49:00,Seattle,WA,0
TXN-004636,3409004635,Merchant_personal_care_19,personal_care,330.36,2024-09-12 18:39:00,Columbus,OH,0
TXN-004637,4983004636,Merchant_misc_net_18,misc_net,274.4,2024-09-13 16:30:00,New York,NY,0
TXN-004638,5357004637,Merchant_grocery_pos_31,grocery_pos,126.22,2024-09-14 18:22:00,Miami,FL,0
TXN-004639,2329004638,Merchant_health_fitness_45,health_fitness,75.58,2024-09-15 20:57:00,Philadelphia,PA,0
TXN-004640,2711004639,Merchant_grocery_pos_2,grocery_pos,2818.74,2024-09-16 01:35:00,Philadelphia,PA,1
TXN-004641,5743004640,Merchant_home_31,home,305.0,2024-09-17 17:56:00,Los Angeles,CA,0
TXN-004642,6457004641,Merchant_shopping_net_20,shopping_net,515.62,2024-09-18 05:50:00,Chicago,IL,1
TXN-004643,5975004642,Merchant_shopping_net_21,shopping_net,360.28,2024-09-19 12:16:00,Houston,TX,0
TXN-004644,9075004643,Merchant_shopping_net_8,shopping_net,130.34,2024-09-20 01:27:00,New York,NY,1
TXN-004645,2080004644,Merchant_misc_pos_12,misc_pos,363.27,2024-09-21 11:56:00,Los Angeles,CA,0
TXN-004646,2045004645,Merchant_shopping_net_11,shopping_net,334.17,2024-09-22 20:00:00,Seattle,WA,0
TXN-004647,1702004646,Merchant_travel_6,travel,322.36,2024-09-23 09:23:00,Atlanta,GA,0
TXN-004648,9167004647,Merchant_entertainment_46,entertainment,321.49,2024-09-24 11:31:00,Seattle,WA,0
TXN-004649,6038004648,Merchant_health_fitness_30,health_fitness,356.51,2024-09-25 17:53:00,Miami,FL,0
TXN-004650,8066004649,Merchant_grocery_pos_7,grocery_pos,140.95,2024-09-26 18:41:00,Columbus,OH,0
TXN-004651,9929004650,Merchant_kids_pets_33,kids_pets,232.06,2024-09-27 16:06:00,Atlanta,GA,0
TXN-004652,5588004651,Merchant_shopping_net_36,shopping_net,249.6,2024-09-28 14:07:00,Charlotte,NC,0
TXN-004653,9808004652,Merchant_kids_pets_30,kids_pets,135.49,2024-09-29 11:09:00,Miami,FL,0
TXN-004654,6103004653,Merchant_personal_care_12,personal_care,273.37,2024-09-30 13:06:00,Houston,TX,0
TXN-004655,1725004654,Merchant_gas_transport_23,gas_transport,304.29,2024-10-01 19:08:00,Chicago,IL,0
TXN-004656,2452004655,Merchant_shopping_net_16,shopping_net,286.21,2024-10-02 12:23:00,Seattle,WA,0
TXN-004657,9973004656,Merchant_misc_net_47,misc_net,1438.94,2024-10-03 22:35:00,Chicago,IL,1
TXN-004658,2809004657,Merchant_grocery_pos_35,grocery_pos,300.27,2024-10-04 20:03:00,Philadelphia,PA,0
TXN-004659,9693004658,Merchant_entertainment_16,entertainment,254.16,2024-10-05 20:06:00,Los Angeles,CA,0
TXN-004660,7094004659,Merchant_travel_48,travel,73.52,2024-10-06 08:17:00,Seattle,WA,0
TXN-004661,3853004660,Merchant_shopping_pos_4,shopping_pos,74.43,2024-10-07 19:47:00,Chicago,IL,0
TXN-004662,8196004661,Merchant_shopping_pos_27,shopping_pos,399.87,2024-10-08 15:28:00,Houston,TX,0
TXN-004663,8895004662,Merchant_misc_net_20,misc_net,271.63,2024-10-09 20:56:00,Atlanta,GA,0
TXN-004664,7385004663,Merchant_misc_net_4,misc_net,54.04,2024-10-10 14:13:00,Philadelphia,PA,0
TXN-004665,3474004664,Merchant_grocery_pos_39,grocery_pos,196.71,2024-10-11 15:49:00,Seattle,WA,0
TXN-004666,4277004665,Merchant_shopping_pos_39,shopping_pos,329.06,2024-10-12 18:29:00,Los Angeles,CA,0
TXN-004667,1967004666,Merchant_personal_care_16,personal_care,151.05,2024-10-13 20:29:00,Los Angeles,CA,0
TXN-004668,1718004667,Merchant_shopping_pos_29,shopping_pos,200.33,2024-10-14 10:35:00,Chicago,IL,0
TXN-004669,5944004668,Merchant_travel_24,travel,319.06,2024-10-15 17:06:00,Atlanta,GA,0
TXN-004670,5027004669,Merchant_travel_35,travel,381.94,2024-10-16 19:01:00,Miami,FL,0
TXN-004671,4651004670,Merchant_shopping_pos_16,shopping_pos,543.21,2024-10-17 00:25:00,Miami,FL,1
TXN-004672,6447004671,Merchant_entertainment_4,entertainment,268.36,2024-10-18 16:46:00,Philadelphia,PA,0
TXN-004673,4400004672,Merchant_gas_transport_49,gas_transport,117.94,2024-10-19 10:25:00,Los Angeles,CA,0
TXN-004674,6803004673,Merchant_misc_pos_47,misc_pos,274.48,2024-10-20 18:32:00,Los Angeles,CA,0
TXN-004675,1356004674,Merchant_misc_net_18,misc_net,203.76,2024-10-21 16:48:00,New York,NY,0
TXN-004676,1575004675,Merchant_food_dining_46,food_dining,60.42,2024-10-22 10:36:00,Charlotte,NC,0
TXN-004677,2036004676,Merchant_home_45,home,316.15,2024-10-23 12:22:00,Chicago,IL,0
TXN-004678,2819004677,Merchant_shopping_net_33,shopping_net,252.37,2024-10-24 00:55:00,New York,NY,1
TXN-004679,9965004678,Merchant_entertainment_31,entertainment,114.22,2024-10-25 08:52:00,Miami,FL,0
TXN-004680,5460004679,Merchant_travel_34,travel,88.45,2024-10-26 12:20:00,Charlotte,NC,0
TXN-004681,4605004680,Merchant_kids_pets_35,kids_pets,226.06,2024-10-27 10:14:00,Atlanta,GA,0
TXN-004682,7416004681,Merchant_home_49,home,371.53,2024-10-28 19:15:00,Houston,TX,0
TXN-004683,3748004682,Merchant_kids_pets_48,kids_pets,192.19,2024-10-29 10:51:00,Houston,TX,0
TXN-004684,6961004683,Merchant_misc_net_24,misc_net,16.52,2024-10-30 18:04:00,Los Angeles,CA,0
TXN-004685,3906004684,Merchant_kids_pets_49,kids_pets,195.0,2024-10-31 12:27:00,Columbus,OH,0
TXN-004686,6358004685,Merchant_misc_net_28,misc_net,271.37,2024-11-01 12:02:00,New York,NY,0
TXN-004687,8703004686,Merchant_kids_pets_9,kids_pets,22.24,2024-11-02 11:57:00,Houston,TX,0
TXN-004688,6569004687,Merchant_grocery_pos_43,grocery_pos,7583.24,2024-11-03 03:56:00,Miami,FL,1
TXN-004689,5518004688,Merchant_shopping_pos_42,shopping_pos,449.94,2024-11-04 23:29:00,Atlanta,GA,1
TXN-004690,3122004689,Merchant_grocery_pos_20,grocery_pos,299.62,2024-11-05 09:38:00,Atlanta,GA,0
TXN-004691,8785004690,Merchant_food_dining_34,food_dining,322.25,2024-11-06 08:36:00,Columbus,OH,0
TXN-004692,1044004691,Merchant_kids_pets_38,kids_pets,276.58,2024-11-07 11:11:00,Houston,TX,0
TXN-004693,8131004692,Merchant_shopping_net_41,shopping_net,188.6,2024-11-08 17:53:00,Miami,FL,0
TXN-004694,8566004693,Merchant_shopping_pos_32,shopping_pos,143.67,2024-11-09 13:40:00,Miami,FL,0
TXN-004695,4708004694,Merchant_grocery_pos_27,grocery_pos,78.93,2024-11-10 08:35:00,Los Angeles,CA,0
TXN-004696,6175004695,Merchant_gas_transport_25,gas_transport,7.02,2024-11-11 15:57:00,Columbus,OH,0
TXN-004697,9161004696,Merchant_home_33,home,253.85,2024-11-12 12:21:00,Seattle,WA,0
TXN-004698,5164004697,Merchant_personal_care_32,personal_care,224.06,2024-11-13 13:49:00,Chicago,IL,0
TXN-004699,8302004698,Merchant_shopping_pos_32,shopping_pos,13335.34,2024-11-14 00:24:00,Charlotte,NC,1
TXN-004700,6870004699,Merchant_misc_net_49,misc_net,189.87,2024-11-15 20:20:00,New York,NY,0
TXN-004701,6224004700,Merchant_misc_net_43,misc_net,390.84,2024-11-16 10:45:00,Charlotte,NC,0
TXN-004702,9546004701,Merchant_shopping_net_34,shopping_net,9004.12,2024-11-17 02:22:00,Atlanta,GA,1
TXN-004703,5919004702,Merchant_misc_pos_40,misc_pos,351.52,2024-11-18 18:28:00,Houston,TX,0
TXN-004704,1945004703,Merchant_misc_net_19,misc_net,304.14,2024-11-19 14:22:00,Atlanta,GA,0
TXN-004705,9245004704,Merchant_misc_net_35,misc_net,393.56,2024-11-20 08:15:00,Columbus,OH,0
TXN-004706,9112004705,Merchant_misc_net_17,misc_net,251.98,2024-11-21 05:35:00,Miami,FL,1
TXN-004707,4071004706,Merchant_misc_pos_26,misc_pos,183.32,2024-11-22 09:01:00,Miami,FL,0
TXN-004708,3613004707,Merchant_health_fitness_13,health_fitness,209.64,2024-11-23 19:10:00,Philadelphia,PA,0
TXN-004709,7580004708,Merchant_health_fitness_15,health_fitness,49.42,2024-11-24 14:04:00,New York,NY,0
TXN-004710,4940004709,Merchant_shopping_pos_29,shopping_pos,242.28,2024-11-25 16:53:00,Los Angeles,CA,0
TXN-004711,9522004710,Merchant_personal_care_6,personal_care,30.83,2024-11-26 11:28:00,Atlanta,GA,0
TXN-004712,4381004711,Merchant_shopping_net_30,shopping_net,200.89,2024-11-27 13:44:00,Charlotte,NC,0
TXN-004713,1861004712,Merchant_personal_care_8,personal_care,319.49,2024-11-28 20:40:00,Seattle,WA,0
TXN-004714,8139004713,Merchant_entertainment_49,entertainment,196.43,2024-11-29 15:28:00,New York,NY,0
TXN-004715,8783004714,Merchant_gas_transport_21,gas_transport,299.0,2024-11-30 20:42:00,Seattle,WA,0
TXN-004716,6788004715,Merchant_health_fitness_1,health_fitness,152.57,2024-12-01 14:14:00,Houston,TX,0
TXN-004717,5529004716,Merchant_personal_care_42,personal_care,94.88,2024-12-02 17:12:00,Philadelphia,PA,0
TXN-004718,8935004717,Merchant_home_5,home,90.46,2024-12-03 09:50:00,Atlanta,GA,0
TXN-004719,4352004718,Merchant_misc_net_8,misc_net,325.48,2024-12-04 09:53:00,Miami,FL,0
TXN-004720,8027004719,Merchant_shopping_net_47,shopping_net,364.58,2024-12-05 16:26:00,Atlanta,GA,0
TXN-004721,7594004720,Merchant_shopping_net_43,shopping_net,321.26,2024-12-06 04:58:00,Atlanta,GA,1
TXN-004722,7660004721,Merchant_shopping_pos_15,shopping_pos,317.07,2024-12-07 18:37:00,Atlanta,GA,0
TXN-004723,9477004722,Merchant_shopping_pos_8,shopping_pos,119.19,2024-12-08 11:57:00,Miami,FL,0
TXN-004724,6392004723,Merchant_personal_care_16,personal_care,303.01,2024-12-09 15:36:00,Seattle,WA,0
TXN-004725,3352004724,Merchant_shopping_pos_26,shopping_pos,348.17,2024-12-10 20:51:00,Los Angeles,CA,0
TXN-004726,4968004725,Merchant_gas_transport_14,gas_transport,123.52,2024-12-11 19:04:00,Chicago,IL,0
TXN-004727,3616004726,Merchant_health_fitness_20,health_fitness,132.99,2024-12-12 19:12:00,Miami,FL,0
TXN-004728,2179004727,Merchant_entertainment_16,entertainment,399.87,2024-12-13 16:41:00,Seattle,WA,0
TXN-004729,4695004728,Merchant_personal_care_31,personal_care,213.15,2024-12-14 17:02:00,Charlotte,NC,0
TXN-004730,8179004729,Merchant_shopping_net_35,shopping_net,224.16,2024-12-15 17:13:00,Charlotte,NC,0
TXN-004731,1601004730,Merchant_shopping_net_1,shopping_net,12257.55,2024-12-16 23:19:00,Chicago,IL,1
TXN-004732,6448004731,Merchant_shopping_net_8,shopping_net,1801.96,2024-12-17 04:33:00,Atlanta,GA,1
TXN-004733,4913004732,Merchant_personal_care_27,personal_care,82.89,2024-12-18 17:41:00,New York,NY,0
TXN-004734,8883004733,Merchant_grocery_pos_24,grocery_pos,168.2,2024-12-19 15:48:00,Chicago,IL,0
TXN-004735,8002004734,Merchant_misc_net_33,misc_net,309.76,2024-12-20 10:15:00,Atlanta,GA,0
TXN-004736,2756004735,Merchant_misc_net_21,misc_net,2726.66,2024-12-21 03:48:00,Atlanta,GA,1
TXN-004737,8257004736,Merchant_personal_care_17,personal_care,93.75,2024-12-22 14:19:00,Charlotte,NC,0
TXN-004738,4220004737,Merchant_travel_13,travel,27.35,2024-12-23 16:30:00,Chicago,IL,0
TXN-004739,7476004738,Merchant_shopping_pos_3,shopping_pos,114.59,2024-12-24 19:30:00,Charlotte,NC,0
TXN-004740,5043004739,Merchant_misc_pos_35,misc_pos,372.56,2024-12-25 09:54:00,Charlotte,NC,0
TXN-004741,4270004740,Merchant_shopping_pos_46,shopping_pos,230.08,2024-12-26 14:52:00,Seattle,WA,0
TXN-004742,2459004741,Merchant_personal_care_46,personal_care,10.76,2024-12-27 17:47:00,Los Angeles,CA,0
TXN-004743,9014004742,Merchant_misc_net_20,misc_net,255.96,2024-12-28 10:23:00,Miami,FL,0
TXN-004744,1689004743,Merchant_shopping_net_49,shopping_net,12382.95,2024-12-29 00:01:00,Columbus,OH,1
TXN-004745,7823004744,Merchant_grocery_pos_27,grocery_pos,2162.71,2024-12-30 01:15:00,Seattle,WA,1
TXN-004746,3635004745,Merchant_shopping_net_18,shopping_net,11011.74,2024-01-01 22:27:00,Charlotte,NC,1
TXN-004747,4118004746,Merchant_gas_transport_46,gas_transport,263.32,2024-01-02 19:07:00,Philadelphia,PA,0
TXN-004748,9863004747,Merchant_travel_46,travel,107.48,2024-01-03 15:44:00,Los Angeles,CA,0
TXN-004749,9801004748,Merchant_home_2,home,359.23,2024-01-04 13:48:00,Philadelphia,PA,0
TXN-004750,6149004749,Merchant_shopping_net_9,shopping_net,293.35,2024-01-05 14:09:00,Miami,FL,0
TXN-004751,5109004750,Merchant_misc_net_13,misc_net,381.21,2024-01-06 09:16:00,Philadelphia,PA,0
TXN-004752,1946004751,Merchant_personal_care_49,personal_care,263.96,2024-01-07 19:48:00,Seattle,WA,0
TXN-004753,2528004752,Merchant_misc_net_43,misc_net,82.36,2024-01-08 13:51:00,Chicago,IL,0
TXN-004754,9694004753,Merchant_shopping_pos_20,shopping_pos,16.86,2024-01-09 17:43:00,Los Angeles,CA,0
TXN-004755,3694004754,Merchant_entertainment_37,entertainment,198.45,2024-01-10 13:39:00,New York,NY,0
TXN-004756,4102004755,Merchant_shopping_pos_12,shopping_pos,237.36,2024-01-11 09:13:00,Seattle,WA,0
TXN-004757,2951004756,Merchant_grocery_pos_40,grocery_pos,224.53,2024-01-12 16:11:00,Seattle,WA,0
TXN-004758,3157004757,Merchant_personal_care_38,personal_care,126.68,2024-01-13 14:54:00,Seattle,WA,0
TXN-004759,3419004758,Merchant_personal_care_37,personal_care,9.7,2024-01-14 18:14:00,New York,NY,0
TXN-004760,9460004759,Merchant_health_fitness_2,health_fitness,193.08,2024-01-15 14:56:00,Seattle,WA,0
TXN-004761,5626004760,Merchant_misc_pos_31,misc_pos,301.88,2024-01-16 18:58:00,Los Angeles,CA,0
TXN-004762,8394004761,Merchant_grocery_pos_17,grocery_pos,19.44,2024-01-17 13:21:00,New York,NY,0
TXN-004763,6459004762,Merchant_home_42,home,131.78,2024-01-18 13:28:00,Chicago,IL,0
TXN-004764,2346004763,Merchant_shopping_pos_8,shopping_pos,211.61,2024-01-19 17:41:00,Atlanta,GA,0
TXN-004765,4981004764,Merchant_grocery_pos_42,grocery_pos,777.18,2024-01-20 05:01:00,Atlanta,GA,1
TXN-004766,4655004765,Merchant_entertainment_39,entertainment,366.29,2024-01-21 20:42:00,Charlotte,NC,0
TXN-004767,1744004766,Merchant_grocery_pos_39,grocery_pos,40.46,2024-01-22 18:46:00,Philadelphia,PA,0
TXN-004768,1083004767,Merchant_personal_care_31,personal_care,245.87,2024-01-23 12:02:00,Miami,FL,0
TXN-004769,8725004768,Merchant_shopping_net_6,shopping_net,390.38,2024-01-24 14:14:00,Columbus,OH,0
TXN-004770,2542004769,Merchant_shopping_pos_13,shopping_pos,213.59,2024-01-25 11:35:00,Los Angeles,CA,0
TXN-004771,9979004770,Merchant_health_fitness_13,health_fitness,369.59,2024-01-26 11:27:00,Philadelphia,PA,0
TXN-004772,5012004771,Merchant_misc_net_34,misc_net,337.89,2024-01-27 01:42:00,Miami,FL,1
TXN-004773,4823004772,Merchant_health_fitness_32,health_fitness,63.34,2024-01-28 09:01:00,Columbus,OH,0
TXN-004774,7763004773,Merchant_entertainment_11,entertainment,338.75,2024-01-29 11:48:00,Charlotte,NC,0
TXN-004775,8478004774,Merchant_travel_46,travel,175.89,2024-01-30 14:10:00,Columbus,OH,0
TXN-004776,1441004775,Merchant_entertainment_34,entertainment,355.52,2024-01-31 10:31:00,Charlotte,NC,0
TXN-004777,8308004776,Merchant_shopping_net_28,shopping_net,59.83,2024-02-01 20:14:00,Los Angeles,CA,0
TXN-004778,6256004777,Merchant_shopping_net_12,shopping_net,326.96,2024-02-02 08:10:00,New York,NY,0
TXN-004779,1913004778,Merchant_travel_10,travel,310.81,2024-02-03 08:39:00,Atlanta,GA,0
TXN-004780,7831004779,Merchant_shopping_net_29,shopping_net,136.14,2024-02-04 15:25:00,Seattle,WA,0
TXN-004781,9248004780,Merchant_grocery_pos_42,grocery_pos,11490.13,2024-02-05 04:30:00,New York,NY,1
TXN-004782,3069004781,Merchant_grocery_pos_41,grocery_pos,7218.03,2024-02-06 23:01:00,Columbus,OH,1
TXN-004783,8264004782,Merchant_shopping_pos_18,shopping_pos,102.13,2024-02-07 13:57:00,Los Angeles,CA,0
TXN-004784,1013004783,Merchant_misc_net_16,misc_net,2098.82,2024-02-08 22:09:00,Charlotte,NC,1
TXN-004785,9383004784,Merchant_misc_net_29,misc_net,219.21,2024-02-09 18:24:00,New York,NY,0
TXN-004786,7285004785,Merchant_food_dining_25,food_dining,89.8,2024-02-10 14:41:00,Chicago,IL,0
TXN-004787,7242004786,Merchant_misc_pos_11,misc_pos,30.89,2024-02-11 17:49:00,Philadelphia,PA,0
TXN-004788,1282004787,Merchant_shopping_net_12,shopping_net,105.54,2024-02-12 10:01:00,Seattle,WA,0
TXN-004789,3074004788,Merchant_shopping_net_20,shopping_net,294.03,2024-02-13 16:13:00,Columbus,OH,0
TXN-004790,4687004789,Merchant_shopping_pos_22,shopping_pos,306.0,2024-02-14 18:05:00,Columbus,OH,0
TXN-004791,2488004790,Merchant_travel_14,travel,115.67,2024-02-15 08:26:00,Charlotte,NC,0
TXN-004792,1705004791,Merchant_home_20,home,328.01,2024-02-16 20:32:00,Chicago,IL,0
TXN-004793,1289004792,Merchant_personal_care_46,personal_care,110.42,2024-02-17 14:42:00,Charlotte,NC,0
TXN-004794,3938004793,Merchant_misc_net_2,misc_net,217.05,2024-02-18 02:47:00,Seattle,WA,1
TXN-004795,5681004794,Merchant_health_fitness_39,health_fitness,190.03,2024-02-19 13:58:00,Philadelphia,PA,0
TXN-004796,9678004795,Merchant_shopping_net_4,shopping_net,6558.95,2024-02-20 02:45:00,Columbus,OH,1
TXN-004797,2742004796,Merchant_health_fitness_21,health_fitness,236.45,2024-02-21 08:02:00,New York,NY,0
TXN-004798,7837004797,Merchant_grocery_pos_21,grocery_pos,220.85,2024-02-22 12:51:00,Atlanta,GA,0
TXN-004799,8123004798,Merchant_shopping_pos_39,shopping_pos,4226.2,2024-02-23 05:12:00,Philadelphia,PA,1
TXN-004800,8619004799,Merchant_shopping_pos_8,shopping_pos,205.6,2024-02-24 10:32:00,New York,NY,0
TXN-004801,2075004800,Merchant_misc_net_35,misc_net,225.01,2024-02-25 13:09:00,Philadelphia,PA,0
TXN-004802,2609004801,Merchant_gas_transport_46,gas_transport,394.58,2024-02-26 08:58:00,New York,NY,0
TXN-004803,1875004802,Merchant_shopping_pos_13,shopping_pos,5929.84,2024-02-27 02:25:00,Philadelphia,PA,1
TXN-004804,4948004803,Merchant_misc_net_44,misc_net,199.91,2024-02-28 10:32:00,Columbus,OH,0
TXN-004805,9461004804,Merchant_entertainment_46,entertainment,128.16,2024-02-29 18:18:00,New York,NY,0
TXN-004806,8563004805,Merchant_misc_net_18,misc_net,14265.04,2024-03-01 02:52:00,Columbus,OH,1
TXN-004807,8579004806,Merchant_gas_transport_24,gas_transport,161.14,2024-03-02 12:12:00,New York,NY,0
TXN-004808,5783004807,Merchant_travel_14,travel,121.4,2024-03-03 09:18:00,Seattle,WA,0
TXN-004809,5407004808,Merchant_grocery_pos_14,grocery_pos,228.02,2024-03-04 18:11:00,Charlotte,NC,0
TXN-004810,8019004809,Merchant_home_26,home,50.98,2024-03-05 20:31:00,Houston,TX,0
TXN-004811,5887004810,Merchant_misc_net_14,misc_net,294.47,2024-03-06 09:30:00,New York,NY,0
TXN-004812,8913004811,Merchant_food_dining_10,food_dining,219.62,2024-03-07 11:27:00,Chicago,IL,0
TXN-004813,1509004812,Merchant_gas_transport_19,gas_transport,7.6,2024-03-08 14:24:00,Miami,FL,0
TXN-004814,4615004813,Merchant_shopping_net_43,shopping_net,272.78,2024-03-09 16:17:00,Los Angeles,CA,0
TXN-004815,3737004814,Merchant_shopping_net_35,shopping_net,287.81,2024-03-10 11:21:00,Chicago,IL,0
TXN-004816,5851004815,Merchant_kids_pets_31,kids_pets,166.8,2024-03-11 08:12:00,Houston,TX,0
TXN-004817,2874004816,Merchant_shopping_net_24,shopping_net,238.93,2024-03-12 20:42:00,New York,NY,0
TXN-004818,9632004817,Merchant_travel_18,travel,120.14,2024-03-13 18:12:00,Houston,TX,0
TXN-004819,8909004818,Merchant_kids_pets_35,kids_pets,364.26,2024-03-14 12:00:00,Los Angeles,CA,0
TXN-004820,7490004819,Merchant_misc_net_13,misc_net,687.4,2024-03-15 04:29:00,Charlotte,NC,1
TXN-004821,6758004820,Merchant_gas_transport_9,gas_transport,198.59,2024-03-16 12:45:00,Charlotte,NC,0
TXN-004822,4856004821,Merchant_travel_15,travel,313.13,2024-03-17 20:27:00,Miami,FL,0
TXN-004823,4815004822,Merchant_misc_pos_40,misc_pos,78.42,2024-03-18 16:03:00,Philadelphia,PA,0
TXN-004824,8048004823,Merchant_grocery_pos_40,grocery_pos,244.6,2024-03-19 18:51:00,Chicago,IL,0
TXN-004825,7682004824,Merchant_misc_pos_1,misc_pos,155.16,2024-03-20 14:49:00,Charlotte,NC,0
TXN-004826,9534004825,Merchant_misc_pos_4,misc_pos,391.55,2024-03-21 09:43:00,New York,NY,0
TXN-004827,5481004826,Merchant_misc_net_28,misc_net,7910.31,2024-03-22 05:31:00,Houston,TX,1
TXN-004828,8648004827,Merchant_shopping_net_27,shopping_net,116.89,2024-03-23 18:57:00,Columbus,OH,0
TXN-004829,5869004828,Merchant_health_fitness_21,health_fitness,352.25,2024-03-24 10:19:00,Houston,TX,0
TXN-004830,6475004829,Merchant_grocery_pos_24,grocery_pos,199.79,2024-03-25 18:57:00,Philadelphia,PA,0
TXN-004831,2982004830,Merchant_entertainment_14,entertainment,170.19,2024-03-26 20:22:00,Chicago,IL,0
TXN-004832,6499004831,Merchant_shopping_net_4,shopping_net,238.04,2024-03-27 09:55:00,Chicago,IL,0
TXN-004833,1246004832,Merchant_personal_care_21,personal_care,19.68,2024-03-28 16:39:00,Chicago,IL,0
TXN-004834,2019004833,Merchant_shopping_pos_10,shopping_pos,279.72,2024-03-29 19:22:00,Columbus,OH,0
TXN-004835,8261004834,Merchant_grocery_pos_18,grocery_pos,68.93,2024-03-30 08:52:00,Los Angeles,CA,0
TXN-004836,6766004835,Merchant_shopping_net_18,shopping_net,257.27,2024-03-31 17:11:00,Columbus,OH,0
TXN-004837,3899004836,Merchant_misc_net_14,misc_net,136.72,2024-04-01 19:02:00,Columbus,OH,0
TXN-004838,5993004837,Merchant_entertainment_9,entertainment,395.92,2024-04-02 13:03:00,Philadelphia,PA,0
TXN-004839,2602004838,Merchant_shopping_net_45,shopping_net,324.79,2024-04-03 15:33:00,Charlotte,NC,0
TXN-004840,9891004839,Merchant_travel_3,travel,258.34,2024-04-04 13:15:00,Columbus,OH,0
TXN-004841,9149004840,Merchant_entertainment_49,entertainment,183.55,2024-04-05 10:52:00,Seattle,WA,0
TXN-004842,3313004841,Merchant_shopping_pos_40,shopping_pos,247.44,2024-04-06 17:40:00,Chicago,IL,0
TXN-004843,3295004842,Merchant_misc_pos_11,misc_pos,152.81,2024-04-07 10:44:00,Miami,FL,0
TXN-004844,8515004843,Merchant_personal_care_20,personal_care,289.68,2024-04-08 18:51:00,Philadelphia,PA,0
TXN-004845,7916004844,Merchant_personal_care_22,personal_care,127.44,2024-04-09 10:45:00,Miami,FL,0
TXN-004846,4447004845,Merchant_misc_net_26,misc_net,62.51,2024-04-10 10:20:00,Seattle,WA,0
TXN-004847,8879004846,Merchant_grocery_pos_33,grocery_pos,284.58,2024-04-11 01:28:00,Los Angeles,CA,1
TXN-004848,6066004847,Merchant_entertainment_49,entertainment,228.61,2024-04-12 08:55:00,Miami,FL,0
TXN-004849,1155004848,Merchant_misc_pos_20,misc_pos,204.68,2024-04-13 14:54:00,Houston,TX,0
TXN-004850,4671004849,Merchant_grocery_pos_46,grocery_pos,14540.48,2024-04-14 00:49:00,Chicago,IL,1
TXN-004851,8011004850,Merchant_personal_care_35,personal_care,392.91,2024-04-15 14:13:00,Seattle,WA,0
TXN-004852,9080004851,Merchant_gas_transport_43,gas_transport,204.37,2024-04-16 18:08:00,Columbus,OH,0
TXN-004853,8087004852,Merchant_shopping_net_5,shopping_net,264.4,2024-04-17 15:25:00,Chicago,IL,0
TXN-004854,9891004853,Merchant_grocery_pos_46,grocery_pos,381.54,2024-04-18 13:17:00,New York,NY,0
TXN-004855,7973004854,Merchant_kids_pets_36,kids_pets,92.71,2024-04-19 15:01:00,Seattle,WA,0
TXN-004856,1780004855,Merchant_health_fitness_10,health_fitness,232.96,2024-04-20 12:48:00,Los Angeles,CA,0
TXN-004857,1847004856,Merchant_gas_transport_20,gas_transport,383.84,2024-04-21 18:51:00,Philadelphia,PA,0
TXN-004858,1985004857,Merchant_health_fitness_27,health_fitness,345.03,2024-04-22 17:05:00,Columbus,OH,0
TXN-004859,8530004858,Merchant_shopping_net_8,shopping_net,159.79,2024-04-23 11:15:00,Houston,TX,0
TXN-004860,3307004859,Merchant_shopping_net_21,shopping_net,59.1,2024-04-24 14:12:00,Houston,TX,0
TXN-004861,6678004860,Merchant_food_dining_48,food_dining,20.51,2024-04-25 14:05:00,Los Angeles,CA,0
TXN-004862,7603004861,Merchant_personal_care_9,personal_care,313.44,2024-04-26 08:42:00,Miami,FL,0
TXN-004863,6422004862,Merchant_misc_pos_39,misc_pos,67.3,2024-04-27 19:06:00,Los Angeles,CA,0
TXN-004864,2177004863,Merchant_health_fitness_18,health_fitness,208.72,2024-04-28 18:41:00,Charlotte,NC,0
TXN-004865,5477004864,Merchant_shopping_pos_46,shopping_pos,244.33,2024-04-29 09:45:00,New York,NY,0
TXN-004866,9840004865,Merchant_grocery_pos_10,grocery_pos,10994.36,2024-04-30 05:14:00,Atlanta,GA,1
TXN-004867,8342004866,Merchant_shopping_net_7,shopping_net,108.17,2024-05-01 23:30:00,Seattle,WA,1
TXN-004868,2064004867,Merchant_travel_7,travel,370.09,2024-05-02 12:22:00,Houston,TX,0
TXN-004869,8626004868,Merchant_misc_net_46,misc_net,310.4,2024-05-03 10:24:00,Philadelphia,PA,0
TXN-004870,4435004869,Merchant_shopping_net_8,shopping_net,44.16,2024-05-04 19:42:00,New York,NY,0
TXN-004871,3150004870,Merchant_shopping_net_46,shopping_net,367.92,2024-05-05 16:34:00,Philadelphia,PA,0
TXN-004872,7724004871,Merchant_misc_pos_41,misc_pos,61.69,2024-05-06 15:32:00,Columbus,OH,0
TXN-004873,1830004872,Merchant_grocery_pos_45,grocery_pos,399.99,2024-05-07 09:38:00,Atlanta,GA,0
TXN-004874,3321004873,Merchant_misc_pos_40,misc_pos,311.93,2024-05-08 16:38:00,Philadelphia,PA,0
TXN-004875,6673004874,Merchant_health_fitness_27,health_fitness,240.48,2024-05-09 11:01:00,Chicago,IL,0
TXN-004876,2570004875,Merchant_grocery_pos_23,grocery_pos,234.22,2024-05-10 17:26:00,Houston,TX,0
TXN-004877,6086004876,Merchant_kids_pets_3,kids_pets,70.81,2024-05-11 20:49:00,New York,NY,0
TXN-004878,2510004877,Merchant_grocery_pos_45,grocery_pos,365.62,2024-05-12 19:05:00,Charlotte,NC,0
TXN-004879,4034004878,Merchant_grocery_pos_37,grocery_pos,242.73,2024-05-13 11:55:00,Chicago,IL,0
TXN-004880,3394004879,Merchant_entertainment_28,entertainment,211.35,2024-05-14 17:04:00,Philadelphia,PA,0
TXN-004881,8065004880,Merchant_shopping_pos_27,shopping_pos,277.99,2024-05-15 13:27:00,Miami,FL,0
TXN-004882,4179004881,Merchant_shopping_pos_36,shopping_pos,46.47,2024-05-16 12:29:00,Charlotte,NC,0
TXN-004883,8916004882,Merchant_misc_net_47,misc_net,305.13,2024-05-17 16:33:00,Philadelphia,PA,0
TXN-004884,8920004883,Merchant_entertainment_35,entertainment,214.1,2024-05-18 20:01:00,Miami,FL,0
TXN-004885,5853004884,Merchant_shopping_net_49,shopping_net,226.06,2024-05-19 11:32:00,Chicago,IL,0
TXN-004886,3567004885,Merchant_shopping_pos_6,shopping_pos,310.38,2024-05-20 17:08:00,Columbus,OH,0
TXN-004887,9533004886,Merchant_entertainment_38,entertainment,357.14,2024-05-21 19:49:00,Houston,TX,0
TXN-004888,8063004887,Merchant_food_dining_38,food_dining,395.03,2024-05-22 13:52:00,Los Angeles,CA,0
TXN-004889,8581004888,Merchant_health_fitness_13,health_fitness,175.74,2024-05-23 16:29:00,Houston,TX,0
TXN-004890,9973004889,Merchant_misc_net_42,misc_net,236.3,2024-05-24 17:02:00,Seattle,WA,0
TXN-004891,3889004890,Merchant_personal_care_48,personal_care,258.49,2024-05-25 11:53:00,New York,NY,0
TXN-004892,4010004891,Merchant_health_fitness_9,health_fitness,138.88,2024-05-26 13:15:00,Miami,FL,0
TXN-004893,1358004892,Merchant_home_9,home,27.39,2024-05-27 12:21:00,Charlotte,NC,0
TXN-004894,1190004893,Merchant_shopping_pos_37,shopping_pos,127.81,2024-05-28 17:40:00,Los Angeles,CA,0
TXN-004895,1433004894,Merchant_entertainment_5,entertainment,82.36,2024-05-29 09:50:00,Los Angeles,CA,0
TXN-004896,5793004895,Merchant_shopping_pos_26,shopping_pos,6213.35,2024-05-30 05:34:00,Chicago,IL,1
TXN-004897,9725004896,Merchant_grocery_pos_15,grocery_pos,282.23,2024-05-31 09:14:00,Los Angeles,CA,0
TXN-004898,6657004897,Merchant_entertainment_13,entertainment,65.28,2024-06-01 09:03:00,Los Angeles,CA,0
TXN-004899,7033004898,Merchant_misc_net_42,misc_net,54.79,2024-06-02 09:56:00,New York,NY,0
TXN-004900,8407004899,Merchant_entertainment_26,entertainment,91.01,2024-06-03 16:57:00,New York,NY,0
TXN-004901,7649004900,Merchant_misc_pos_42,misc_pos,136.37,2024-06-04 09:12:00,Philadelphia,PA,0
TXN-004902,6817004901,Merchant_grocery_pos_13,grocery_pos,10450.97,2024-06-05 22:15:00,New York,NY,1
TXN-004903,4611004902,Merchant_health_fitness_6,health_fitness,229.66,2024-06-06 19:07:00,Seattle,WA,0
TXN-004904,7835004903,Merchant_gas_transport_46,gas_transport,107.4,2024-06-07 17:50:00,Columbus,OH,0
TXN-004905,7652004904,Merchant_kids_pets_21,kids_pets,194.75,2024-06-08 11:15:00,Atlanta,GA,0
TXN-004906,5018004905,Merchant_travel_7,travel,38.85,2024-06-09 16:55:00,Atlanta,GA,0
TXN-004907,5200004906,Merchant_kids_pets_13,kids_pets,398.72,2024-06-10 18:22:00,Miami,FL,0
TXN-004908,5408004907,Merchant_health_fitness_31,health_fitness,149.64,2024-06-11 09:26:00,Philadelphia,PA,0
TXN-004909,5848004908,Merchant_personal_care_18,personal_care,346.38,2024-06-12 08:56:00,Los Angeles,CA,0
TXN-004910,1254004909,Merchant_food_dining_30,food_dining,161.89,2024-06-13 13:55:00,New York,NY,0
TXN-004911,4112004910,Merchant_misc_pos_18,misc_pos,192.85,2024-06-14 14:09:00,Philadelphia,PA,0
TXN-004912,6145004911,Merchant_kids_pets_3,kids_pets,167.36,2024-06-15 16:30:00,Los Angeles,CA,0
TXN-004913,4580004912,Merchant_home_4,home,148.74,2024-06-16 19:44:00,New York,NY,0
TXN-004914,4953004913,Merchant_grocery_pos_14,grocery_pos,146.45,2024-06-17 19:33:00,New York,NY,0
TXN-004915,9404004914,Merchant_shopping_net_24,shopping_net,238.79,2024-06-18 18:39:00,Los Angeles,CA,0
TXN-004916,1386004915,Merchant_shopping_pos_16,shopping_pos,194.22,2024-06-19 14:17:00,New York,NY,0
TXN-004917,2683004916,Merchant_shopping_net_23,shopping_net,218.3,2024-06-20 10:30:00,Seattle,WA,0
TXN-004918,1187004917,Merchant_misc_net_15,misc_net,116.91,2024-06-21 13:42:00,Atlanta,GA,0
TXN-004919,4043004918,Merchant_grocery_pos_12,grocery_pos,260.28,2024-06-22 14:42:00,Los Angeles,CA,0
TXN-004920,1821004919,Merchant_misc_pos_43,misc_pos,62.69,2024-06-23 18:01:00,Charlotte,NC,0
TXN-004921,4658004920,Merchant_grocery_pos_35,grocery_pos,369.05,2024-06-24 20:41:00,Los Angeles,CA,0
TXN-004922,5774004921,Merchant_personal_care_26,personal_care,341.16,2024-06-25 13:49:00,Atlanta,GA,0
TXN-004923,2180004922,Merchant_gas_transport_24,gas_transport,50.38,2024-06-26 09:31:00,Philadelphia,PA,0
TXN-004924,3697004923,Merchant_misc_net_9,misc_net,242.75,2024-06-27 18:15:00,Seattle,WA,0
TXN-004925,8971004924,Merchant_grocery_pos_18,grocery_pos,606.04,2024-06-28 01:13:00,Chicago,IL,1
TXN-004926,3547004925,Merchant_misc_pos_17,misc_pos,310.22,2024-06-29 14:00:00,New York,NY,0
TXN-004927,5385004926,Merchant_shopping_pos_32,shopping_pos,1771.57,2024-06-30 22:31:00,Houston,TX,1
TXN-004928,5293004927,Merchant_misc_pos_24,misc_pos,25.45,2024-07-01 19:48:00,Philadelphia,PA,0
TXN-004929,5440004928,Merchant_entertainment_49,entertainment,317.08,2024-07-02 19:51:00,Miami,FL,0
TXN-004930,2378004929,Merchant_personal_care_2,personal_care,340.17,2024-07-03 10:05:00,Los Angeles,CA,0
TXN-004931,5130004930,Merchant_grocery_pos_18,grocery_pos,54.09,2024-07-04 11:01:00,Columbus,OH,0
TXN-004932,5151004931,Merchant_kids_pets_2,kids_pets,331.71,2024-07-05 16:24:00,Atlanta,GA,0
TXN-004933,2577004932,Merchant_misc_net_35,misc_net,9263.95,2024-07-06 05:36:00,Los Angeles,CA,1
TXN-004934,7487004933,Merchant_shopping_pos_36,shopping_pos,232.77,2024-07-07 10:28:00,Los Angeles,CA,0
TXN-004935,4205004934,Merchant_gas_transport_3,gas_transport,196.19,2024-07-08 10:08:00,New York,NY,0
TXN-004936,2266004935,Merchant_entertainment_6,entertainment,92.74,2024-07-09 13:48:00,Los Angeles,CA,0
TXN-004937,1914004936,Merchant_misc_net_28,misc_net,12175.77,2024-07-10 02:47:00,Atlanta,GA,1
TXN-004938,3496004937,Merchant_travel_13,travel,199.72,2024-07-11 09:40:00,New York,NY,0
TXN-004939,1973004938,Merchant_shopping_net_8,shopping_net,12864.26,2024-07-12 04:31:00,Atlanta,GA,1
TXN-004940,7586004939,Merchant_shopping_net_33,shopping_net,308.01,2024-07-13 20:04:00,New York,NY,0
TXN-004941,2339004940,Merchant_gas_transport_37,gas_transport,190.77,2024-07-14 20:37:00,Charlotte,NC,0
TXN-004942,8735004941,Merchant_travel_14,travel,327.01,2024-07-15 14:15:00,Columbus,OH,0
TXN-004943,3222004942,Merchant_shopping_pos_10,shopping_pos,294.26,2024-07-16 14:10:00,Miami,FL,0
TXN-004944,2449004943,Merchant_grocery_pos_5,grocery_pos,6615.39,2024-07-17 01:24:00,Chicago,IL,1
TXN-004945,5683004944,Merchant_travel_42,travel,215.2,2024-07-18 17:26:00,Los Angeles,CA,0
TXN-004946,8666004945,Merchant_misc_net_2,misc_net,569.53,2024-07-19 01:41:00,Los Angeles,CA,1
TXN-004947,8092004946,Merchant_health_fitness_45,health_fitness,325.88,2024-07-20 10:55:00,Seattle,WA,0
TXN-004948,4166004947,Merchant_shopping_pos_44,shopping_pos,234.79,2024-07-21 18:37:00,Los Angeles,CA,0
TXN-004949,2996004948,Merchant_health_fitness_11,health_fitness,194.58,2024-07-22 18:46:00,Atlanta,GA,0
TXN-004950,5547004949,Merchant_misc_net_23,misc_net,185.8,2024-07-23 13:25:00,Miami,FL,0
TXN-004951,3563004950,Merchant_grocery_pos_33,grocery_pos,167.41,2024-07-24 19:43:00,New York,NY,0
TXN-004952,1100004951,Merchant_travel_14,travel,100.57,2024-07-25 20:11:00,Seattle,WA,0
TXN-004953,7138004952,Merchant_travel_49,travel,382.01,2024-07-26 19:56:00,Seattle,WA,0
TXN-004954,8487004953,Merchant_misc_pos_47,misc_pos,219.78,2024-07-27 13:04:00,Columbus,OH,0
TXN-004955,8811004954,Merchant_personal_care_42,personal_care,45.5,2024-07-28 19:34:00,New York,NY,0
TXN-004956,1409004955,Merchant_grocery_pos_30,grocery_pos,131.36,2024-07-29 22:44:00,Seattle,WA,1
TXN-004957,7439004956,Merchant_misc_net_46,misc_net,173.47,2024-07-30 20:02:00,Philadelphia,PA,0
TXN-004958,5337004957,Merchant_shopping_pos_7,shopping_pos,318.3,2024-07-31 08:01:00,Houston,TX,0
TXN-004959,8098004958,Merchant_personal_care_16,personal_care,210.75,2024-08-01 20:58:00,Philadelphia,PA,0
TXN-004960,9533004959,Merchant_gas_transport_47,gas_transport,210.61,2024-08-02 16:47:00,Columbus,OH,0
TXN-004961,1324004960,Merchant_food_dining_6,food_dining,357.49,2024-08-03 14:32:00,Chicago,IL,0
TXN-004962,5364004961,Merchant_shopping_net_19,shopping_net,13539.49,2024-08-04 23:48:00,Philadelphia,PA,1
TXN-004963,4014004962,Merchant_home_6,home,325.15,2024-08-05 14:10:00,Charlotte,NC,0
TXN-004964,1669004963,Merchant_shopping_pos_24,shopping_pos,104.02,2024-08-06 20:11:00,Houston,TX,0
TXN-004965,4201004964,Merchant_grocery_pos_37,grocery_pos,164.87,2024-08-07 18:37:00,Charlotte,NC,0
TXN-004966,6144004965,Merchant_grocery_pos_20,grocery_pos,392.27,2024-08-08 12:49:00,Los Angeles,CA,0
TXN-004967,4725004966,Merchant_food_dining_44,food_dining,140.71,2024-08-09 20:35:00,New York,NY,0
TXN-004968,1557004967,Merchant_gas_transport_40,gas_transport,174.99,2024-08-10 10:55:00,Los Angeles,CA,0
TXN-004969,7713004968,Merchant_grocery_pos_9,grocery_pos,183.96,2024-08-11 08:09:00,Miami,FL,0
TXN-004970,5010004969,Merchant_food_dining_33,food_dining,209.61,2024-08-12 13:01:00,Charlotte,NC,0
TXN-004971,8233004970,Merchant_misc_net_44,misc_net,311.36,2024-08-13 14:10:00,Atlanta,GA,0
TXN-004972,5120004971,Merchant_shopping_net_49,shopping_net,88.91,2024-08-14 18:38:00,Atlanta,GA,0
TXN-004973,5436004972,Merchant_shopping_pos_38,shopping_pos,8373.26,2024-08-15 04:26:00,Los Angeles,CA,1
TXN-004974,4832004973,Merchant_home_30,home,396.72,2024-08-16 17:13:00,Seattle,WA,0
TXN-004975,7393004974,Merchant_misc_pos_8,misc_pos,334.55,2024-08-17 10:39:00,Miami,FL,0
TXN-004976,5978004975,Merchant_shopping_pos_37,shopping_pos,132.79,2024-08-18 09:00:00,Chicago,IL,0
TXN-004977,2401004976,Merchant_shopping_pos_24,shopping_pos,313.36,2024-08-19 17:22:00,Houston,TX,0
TXN-004978,2044004977,Merchant_shopping_pos_18,shopping_pos,298.93,2024-08-20 10:42:00,Houston,TX,0
TXN-004979,4053004978,Merchant_gas_transport_15,gas_transport,220.67,2024-08-21 14:38:00,Charlotte,NC,0
TXN-004980,7996004979,Merchant_health_fitness_8,health_fitness,26.89,2024-08-22 18:31:00,Seattle,WA,0
TXN-004981,8850004980,Merchant_gas_transport_5,gas_transport,205.35,2024-08-23 16:35:00,Chicago,IL,0
TXN-004982,2689004981,Merchant_personal_care_2,personal_care,321.31,2024-08-24 10:34:00,Los Angeles,CA,0
TXN-004983,5978004982,Merchant_kids_pets_13,kids_pets,17.94,2024-08-25 20:23:00,Columbus,OH,0
TXN-004984,2331004983,Merchant_misc_pos_29,misc_pos,166.15,2024-08-26 10:56:00,Chicago,IL,0
TXN-004985,1072004984,Merchant_entertainment_32,entertainment,29.09,2024-08-27 10:11:00,Miami,FL,0
TXN-004986,1410004985,Merchant_health_fitness_2,health_fitness,184.12,2024-08-28 17:17:00,Atlanta,GA,0
TXN-004987,3378004986,Merchant_kids_pets_39,kids_pets,267.92,2024-08-29 20:17:00,New York,NY,0
TXN-004988,6128004987,Merchant_travel_27,travel,198.26,2024-08-30 13:30:00,Seattle,WA,0
TXN-004989,9807004988,Merchant_shopping_pos_48,shopping_pos,238.01,2024-08-31 19:52:00,Philadelphia,PA,0
TXN-004990,7105004989,Merchant_grocery_pos_39,grocery_pos,8485.86,2024-09-01 23:26:00,Chicago,IL,1
TXN-004991,1219004990,Merchant_grocery_pos_32,grocery_pos,303.13,2024-09-02 17:44:00,Los Angeles,CA,0
TXN-004992,3443004991,Merchant_kids_pets_43,kids_pets,94.95,2024-09-03 09:21:00,Houston,TX,0
TXN-004993,2289004992,Merchant_entertainment_28,entertainment,290.43,2024-09-04 19:21:00,Los Angeles,CA,0
TXN-004994,8467004993,Merchant_shopping_pos_16,shopping_pos,101.03,2024-09-05 13:09:00,Seattle,WA,0
TXN-004995,4748004994,Merchant_gas_transport_4,gas_transport,69.89,2024-09-06 19:03:00,Miami,FL,0
TXN-004996,8812004995,Merchant_shopping_pos_32,shopping_pos,264.55,2024-09-07 20:17:00,New York,NY,0
TXN-004997,7221004996,Merchant_travel_45,travel,87.83,2024-09-08 12:33:00,Atlanta,GA,0
TXN-004998,7792004997,Merchant_entertainment_38,entertainment,336.76,2024-09-09 09:29:00,New York,NY,0
TXN-004999,8191004998,Merchant_kids_pets_6,kids_pets,201.99,2024-09-10 11:01:00,Miami,FL,0
TXN-005000,8109004999,Merchant_shopping_pos_22,shopping_pos,144.1,2024-09-11 20:04:00,Charlotte,NC,0
